time,waerme_gesamt,heat_space,trinkwarmwasser,temp
2026-01-01 00:00,1.9,1.7,0.2,6.286
2026-01-01 01:00,1.8,1.7,0.1,5.997
2026-01-01 02:00,1.9,1.8,0.1,5.705
2026-01-01 03:00,1.7,1.7,0.0,5.534
2026-01-01 04:00,1.9,1.8,0.1,5.451
2026-01-01 05:00,2.7,2.6,0.1,5.241
2026-01-01 06:00,3.7,3.6,0.1,5.217
2026-01-01 07:00,3.5,3.3,0.2,5.286
2026-01-01 08:00,3.6,3.1,0.5,5.491
2026-01-01 09:00,3.8,2.8,1.0,5.688
2026-01-01 10:00,3.8,2.7,1.1,5.828
2026-01-01 11:00,3.4,2.3,1.1,5.999
2026-01-01 12:00,3.0,2.0,1.0,6.31
2026-01-01 13:00,2.6,1.8,0.8,6.725
2026-01-01 14:00,2.9,2.2,0.7,6.698
2026-01-01 15:00,3.0,2.4,0.6,6.085
2026-01-01 16:00,2.7,2.1,0.6,5.25
2026-01-01 17:00,2.7,2.1,0.6,4.751
2026-01-01 18:00,3.0,2.3,0.7,4.214
2026-01-01 19:00,3.1,2.4,0.7,3.543
2026-01-01 20:00,3.2,2.5,0.7,3.0
2026-01-01 21:00,3.0,2.4,0.6,2.71
2026-01-01 22:00,1.6,1.1,0.5,2.373
2026-01-01 23:00,1.2,0.9,0.3,1.691
2026-01-02 00:00,1.2,1.0,0.2,1.013
2026-01-02 01:00,2.0,1.9,0.1,1.227
2026-01-02 02:00,1.8,1.8,0.0,1.679
2026-01-02 03:00,2.0,2.0,0.0,1.818
2026-01-02 04:00,2.7,2.6,0.1,1.477
2026-01-02 05:00,3.9,3.6,0.3,1.127
2026-01-02 06:00,6.5,5.5,1.0,0.765
2026-01-02 07:00,6.0,5.1,0.9,0.51
2026-01-02 08:00,5.3,4.5,0.8,1.148
2026-01-02 09:00,5.1,4.4,0.7,2.368
2026-01-02 10:00,4.7,4.1,0.6,3.581
2026-01-02 11:00,4.5,4.0,0.5,4.443
2026-01-02 12:00,4.3,3.8,0.5,4.72
2026-01-02 13:00,4.4,3.9,0.5,4.549
2026-01-02 14:00,4.0,3.6,0.4,3.514
2026-01-02 15:00,4.2,3.8,0.4,1.164
2026-01-02 16:00,4.8,4.3,0.5,0.193
2026-01-02 17:00,4.9,4.3,0.6,-0.57
2026-01-02 18:00,5.7,5.0,0.7,-1.408
2026-01-02 19:00,5.9,5.0,0.9,-2.167
2026-01-02 20:00,6.1,5.2,0.9,-2.645
2026-01-02 21:00,6.6,5.6,1.0,-2.733
2026-01-02 22:00,4.1,3.6,0.5,-2.325
2026-01-02 23:00,3.7,3.4,0.3,-1.55
2026-01-03 00:00,3.8,3.6,0.2,-0.877
2026-01-03 01:00,3.5,3.4,0.1,-0.699
2026-01-03 02:00,3.3,3.3,0.0,-0.711
2026-01-03 03:00,3.2,3.2,0.0,-0.693
2026-01-03 04:00,3.7,3.6,0.1,-0.576
2026-01-03 05:00,5.7,5.3,0.4,-0.261
2026-01-03 06:00,7.6,6.6,1.0,0.114
2026-01-03 07:00,7.0,6.0,1.0,0.414
2026-01-03 08:00,5.5,4.7,0.8,0.861
2026-01-03 09:00,4.7,4.1,0.6,1.458
2026-01-03 10:00,5.1,4.5,0.6,2.221
2026-01-03 11:00,4.4,3.9,0.5,2.915
2026-01-03 12:00,4.4,3.9,0.5,3.333
2026-01-03 13:00,4.3,3.8,0.5,3.431
2026-01-03 14:00,4.3,3.8,0.5,3.076
2026-01-03 15:00,3.9,3.5,0.4,2.237
2026-01-03 16:00,4.0,3.5,0.5,2.097
2026-01-03 17:00,4.5,3.8,0.7,1.97
2026-01-03 18:00,4.3,3.6,0.7,1.588
2026-01-03 19:00,5.4,4.5,0.9,1.191
2026-01-03 20:00,5.7,4.7,1.0,0.779
2026-01-03 21:00,5.0,4.2,0.8,0.71
2026-01-03 22:00,3.3,2.8,0.5,0.869
2026-01-03 23:00,2.7,2.4,0.3,0.809
2026-01-04 00:00,2.7,2.5,0.2,0.573
2026-01-04 01:00,2.7,2.6,0.1,0.357
2026-01-04 02:00,2.7,2.7,0.0,0.226
2026-01-04 03:00,2.9,2.9,0.0,0.213
2026-01-04 04:00,3.3,3.2,0.1,0.258
2026-01-04 05:00,4.9,4.6,0.3,0.321
2026-01-04 06:00,7.0,6.1,0.9,0.467
2026-01-04 07:00,7.4,6.4,1.0,0.651
2026-01-04 08:00,6.2,5.4,0.8,0.945
2026-01-04 09:00,5.0,4.4,0.6,1.26
2026-01-04 10:00,5.2,4.6,0.6,1.682
2026-01-04 11:00,5.1,4.6,0.5,2.364
2026-01-04 12:00,4.8,4.3,0.5,2.969
2026-01-04 13:00,4.7,4.2,0.5,3.146
2026-01-04 14:00,4.7,4.2,0.5,2.976
2026-01-04 15:00,4.9,4.5,0.4,2.51
2026-01-04 16:00,5.4,4.9,0.5,2.143
2026-01-04 17:00,5.4,4.8,0.6,1.808
2026-01-04 18:00,5.7,5.0,0.7,1.599
2026-01-04 19:00,6.1,5.2,0.9,1.52
2026-01-04 20:00,6.3,5.4,1.0,1.548
2026-01-04 21:00,5.9,5.0,0.9,1.699
2026-01-04 22:00,3.6,3.1,0.5,1.947
2026-01-04 23:00,3.0,2.7,0.3,2.178
2026-01-05 00:00,2.8,2.6,0.2,2.37
2026-01-05 01:00,2.6,2.5,0.1,2.523
2026-01-05 02:00,2.4,2.4,0.0,2.683
2026-01-05 03:00,2.4,2.4,0.0,2.903
2026-01-05 04:00,2.8,2.6,0.1,3.359
2026-01-05 05:00,4.4,4.1,0.3,3.898
2026-01-05 06:00,6.3,5.4,0.9,3.974
2026-01-05 07:00,6.6,5.6,1.0,4.009
2026-01-05 08:00,5.8,5.0,0.8,4.222
2026-01-05 09:00,5.2,4.6,0.6,4.58
2026-01-05 10:00,5.4,4.8,0.6,4.986
2026-01-05 11:00,5.1,4.5,0.6,5.414
2026-01-05 12:00,4.2,3.7,0.5,5.644
2026-01-05 13:00,4.3,3.8,0.5,5.597
2026-01-05 14:00,4.5,4.0,0.5,5.424
2026-01-05 15:00,4.6,4.2,0.4,5.162
2026-01-05 16:00,4.9,4.4,0.5,4.937
2026-01-05 17:00,5.1,4.5,0.6,4.743
2026-01-05 18:00,6.6,5.9,0.7,4.563
2026-01-05 19:00,7.1,6.1,1.0,4.387
2026-01-05 20:00,6.9,5.9,1.0,4.261
2026-01-05 21:00,6.5,5.6,1.0,4.163
2026-01-05 22:00,3.9,3.4,0.5,3.995
2026-01-05 23:00,3.6,3.3,0.3,3.819
2026-01-06 00:00,3.4,3.2,0.2,3.679
2026-01-06 01:00,3.3,3.2,0.1,3.573
2026-01-06 02:00,3.1,3.0,0.1,3.598
2026-01-06 03:00,3.2,3.2,0.0,3.518
2026-01-06 04:00,4.0,3.9,0.1,3.398
2026-01-06 05:00,5.3,5.2,0.1,3.278
2026-01-06 06:00,7.2,7.1,0.1,3.112
2026-01-06 07:00,6.7,6.5,0.2,2.934
2026-01-06 08:00,6.2,5.7,0.5,2.928
2026-01-06 09:00,6.5,5.5,1.0,3.156
2026-01-06 10:00,6.3,5.2,1.1,3.615
2026-01-06 11:00,5.9,4.8,1.1,4.237
2026-01-06 12:00,5.7,4.8,0.9,4.733
2026-01-06 13:00,5.4,4.6,0.8,5.0
2026-01-06 14:00,5.5,4.8,0.7,4.716
2026-01-06 15:00,5.8,5.2,0.6,3.8
2026-01-06 16:00,5.5,4.9,0.6,3.367
2026-01-06 17:00,6.2,5.5,0.7,2.976
2026-01-06 18:00,6.2,5.5,0.7,2.485
2026-01-06 19:00,6.7,5.9,0.8,2.135
2026-01-06 20:00,7.1,6.3,0.8,1.876
2026-01-06 21:00,6.6,6.0,0.6,1.647
2026-01-06 22:00,3.8,3.3,0.5,1.665
2026-01-06 23:00,3.7,3.4,0.3,1.656
2026-01-07 00:00,3.3,3.1,0.2,1.593
2026-01-07 01:00,3.5,3.4,0.1,1.504
2026-01-07 02:00,3.2,3.1,0.1,1.52
2026-01-07 03:00,3.3,3.3,0.0,1.38
2026-01-07 04:00,3.8,3.7,0.1,1.235
2026-01-07 05:00,5.0,5.0,0.1,1.265
2026-01-07 06:00,7.2,7.1,0.1,1.345
2026-01-07 07:00,6.9,6.7,0.2,1.353
2026-01-07 08:00,6.6,6.0,0.6,1.693
2026-01-07 09:00,5.8,4.8,1.0,2.563
2026-01-07 10:00,5.8,4.7,1.1,3.531
2026-01-07 11:00,5.9,4.8,1.2,4.371
2026-01-07 12:00,5.4,4.4,1.0,4.835
2026-01-07 13:00,5.5,4.7,0.8,4.844
2026-01-07 14:00,4.7,4.1,0.6,4.596
2026-01-07 15:00,5.5,4.9,0.6,4.456
2026-01-07 16:00,5.7,5.1,0.6,4.612
2026-01-07 17:00,6.2,5.5,0.7,4.749
2026-01-07 18:00,6.9,6.1,0.8,5.004
2026-01-07 19:00,7.3,6.5,0.8,5.067
2026-01-07 20:00,6.8,6.1,0.7,5.415
2026-01-07 21:00,6.5,5.9,0.6,5.796
2026-01-07 22:00,3.7,3.3,0.4,6.057
2026-01-07 23:00,3.1,2.8,0.3,6.558
2026-01-08 00:00,3.0,2.8,0.2,6.855
2026-01-08 01:00,2.8,2.7,0.1,6.495
2026-01-08 02:00,2.6,2.6,0.0,5.455
2026-01-08 03:00,2.6,2.6,0.0,4.667
2026-01-08 04:00,3.5,3.4,0.1,4.23
2026-01-08 05:00,5.5,5.2,0.3,4.039
2026-01-08 06:00,7.4,6.5,0.9,4.088
2026-01-08 07:00,7.5,6.5,1.0,4.354
2026-01-08 08:00,6.2,5.4,0.8,4.742
2026-01-08 09:00,5.9,5.2,0.7,5.047
2026-01-08 10:00,5.5,4.9,0.6,5.356
2026-01-08 11:00,5.3,4.7,0.6,5.556
2026-01-08 12:00,4.9,4.4,0.5,5.59
2026-01-08 13:00,4.7,4.2,0.5,5.842
2026-01-08 14:00,5.3,4.8,0.5,5.798
2026-01-08 15:00,5.1,4.6,0.4,5.375
2026-01-08 16:00,5.5,5.0,0.5,4.923
2026-01-08 17:00,5.7,5.1,0.6,4.579
2026-01-08 18:00,6.4,5.7,0.7,4.372
2026-01-08 19:00,6.7,5.8,0.9,4.2
2026-01-08 20:00,7.2,6.2,1.0,4.011
2026-01-08 21:00,6.8,5.9,0.9,3.855
2026-01-08 22:00,4.0,3.5,0.5,3.674
2026-01-08 23:00,3.3,3.0,0.3,3.493
2026-01-09 00:00,3.0,2.8,0.2,3.365
2026-01-09 01:00,2.8,2.7,0.1,3.186
2026-01-09 02:00,3.0,3.0,0.0,3.011
2026-01-09 03:00,3.0,3.0,0.0,2.89
2026-01-09 04:00,3.4,3.3,0.1,2.736
2026-01-09 05:00,4.6,4.3,0.3,2.593
2026-01-09 06:00,7.1,6.2,0.9,2.457
2026-01-09 07:00,7.2,6.2,1.0,2.247
2026-01-09 08:00,5.8,5.0,0.8,2.222
2026-01-09 09:00,5.7,5.0,0.7,2.566
2026-01-09 10:00,5.0,4.4,0.6,3.364
2026-01-09 11:00,4.8,4.2,0.6,4.109
2026-01-09 12:00,4.4,3.9,0.5,4.373
2026-01-09 13:00,4.5,4.0,0.5,4.201
2026-01-09 14:00,4.6,4.1,0.5,3.52
2026-01-09 15:00,4.2,3.8,0.4,2.363
2026-01-09 16:00,4.6,4.0,0.5,1.346
2026-01-09 17:00,4.7,4.1,0.6,0.508
2026-01-09 18:00,5.4,4.7,0.7,0.105
2026-01-09 19:00,5.8,5.0,0.9,-0.051
2026-01-09 20:00,5.8,4.9,1.0,-0.147
2026-01-09 21:00,5.6,4.7,0.9,-0.344
2026-01-09 22:00,3.5,2.9,0.6,-0.653
2026-01-09 23:00,2.7,2.4,0.3,-1.441
2026-01-10 00:00,2.4,2.2,0.2,-2.364
2026-01-10 01:00,2.2,2.1,0.1,-2.992
2026-01-10 02:00,2.2,2.2,0.0,-2.96
2026-01-10 03:00,2.5,2.5,0.0,-2.581
2026-01-10 04:00,3.0,2.9,0.1,-2.081
2026-01-10 05:00,4.4,4.1,0.3,-1.832
2026-01-10 06:00,6.8,5.9,0.9,-1.719
2026-01-10 07:00,6.5,5.6,1.0,-1.62
2026-01-10 08:00,5.6,4.8,0.8,-1.296
2026-01-10 09:00,5.1,4.4,0.7,-0.812
2026-01-10 10:00,4.9,4.3,0.6,-0.277
2026-01-10 11:00,4.4,3.9,0.5,0.13
2026-01-10 12:00,4.4,3.8,0.6,0.333
2026-01-10 13:00,4.0,3.5,0.5,0.35
2026-01-10 14:00,4.3,3.8,0.5,0.032
2026-01-10 15:00,3.9,3.5,0.4,-0.847
2026-01-10 16:00,4.5,4.0,0.5,-1.019
2026-01-10 17:00,5.1,4.5,0.6,-0.98
2026-01-10 18:00,5.8,5.0,0.8,-1.057
2026-01-10 19:00,5.8,4.9,0.9,-1.257
2026-01-10 20:00,6.1,5.1,1.0,-1.287
2026-01-10 21:00,6.0,5.0,1.0,-1.171
2026-01-10 22:00,3.3,2.8,0.5,-0.953
2026-01-10 23:00,2.6,2.3,0.3,-0.941
2026-01-11 00:00,2.5,2.3,0.2,-0.926
2026-01-11 01:00,2.3,2.2,0.1,-0.81
2026-01-11 02:00,2.2,2.2,0.0,-0.69
2026-01-11 03:00,2.2,2.2,0.0,-0.51
2026-01-11 04:00,2.6,2.5,0.1,-0.453
2026-01-11 05:00,4.0,3.7,0.3,-0.313
2026-01-11 06:00,6.6,5.6,1.0,-0.041
2026-01-11 07:00,5.7,4.8,0.9,0.28
2026-01-11 08:00,5.0,4.2,0.8,0.717
2026-01-11 09:00,4.6,3.9,0.7,1.383
2026-01-11 10:00,4.1,3.4,0.6,2.329
2026-01-11 11:00,4.2,3.6,0.6,3.26
2026-01-11 12:00,3.8,3.3,0.5,3.773
2026-01-11 13:00,3.9,3.4,0.5,3.973
2026-01-11 14:00,3.4,3.0,0.4,4.29
2026-01-11 15:00,3.7,3.3,0.4,4.429
2026-01-11 16:00,4.2,3.7,0.5,4.546
2026-01-11 17:00,4.6,4.0,0.6,4.771
2026-01-11 18:00,5.0,4.3,0.7,4.948
2026-01-11 19:00,5.2,4.3,0.9,4.949
2026-01-11 20:00,5.5,4.5,1.0,4.938
2026-01-11 21:00,4.6,3.8,0.8,4.963
2026-01-11 22:00,3.2,2.6,0.5,4.897
2026-01-11 23:00,2.8,2.5,0.3,4.695
2026-01-12 00:00,2.6,2.4,0.2,4.434
2026-01-12 01:00,2.4,2.3,0.1,4.092
2026-01-12 02:00,2.4,2.4,0.0,3.932
2026-01-12 03:00,2.5,2.5,0.0,3.777
2026-01-12 04:00,2.8,2.7,0.1,3.637
2026-01-12 05:00,4.2,3.9,0.3,3.509
2026-01-12 06:00,6.2,5.3,0.9,3.388
2026-01-12 07:00,6.2,5.2,1.0,3.237
2026-01-12 08:00,5.3,4.5,0.8,3.143
2026-01-12 09:00,5.0,4.3,0.7,3.449
2026-01-12 10:00,4.4,3.8,0.6,3.958
2026-01-12 11:00,4.4,3.8,0.6,4.543
2026-01-12 12:00,4.0,3.5,0.5,4.94
2026-01-12 13:00,4.3,3.8,0.5,4.922
2026-01-12 14:00,4.3,3.8,0.5,4.955
2026-01-12 15:00,4.1,3.7,0.4,5.115
2026-01-12 16:00,4.7,4.2,0.5,5.359
2026-01-12 17:00,4.8,4.2,0.6,5.623
2026-01-12 18:00,5.7,4.9,0.8,5.666
2026-01-12 19:00,5.7,4.8,0.9,5.6
2026-01-12 20:00,6.2,5.2,1.0,5.574
2026-01-12 21:00,5.7,4.8,0.9,5.491
2026-01-12 22:00,3.7,3.2,0.5,5.44
2026-01-12 23:00,3.0,2.7,0.3,5.258
2026-01-13 00:00,3.4,3.2,0.2,5.211
2026-01-13 01:00,3.4,3.3,0.1,5.345
2026-01-13 02:00,3.6,3.5,0.1,5.411
2026-01-13 03:00,3.4,3.4,0.0,5.383
2026-01-13 04:00,3.9,3.8,0.1,5.378
2026-01-13 05:00,5.8,5.7,0.1,5.391
2026-01-13 06:00,7.3,7.2,0.1,5.864
2026-01-13 07:00,7.0,6.8,0.2,6.418
2026-01-13 08:00,6.5,6.0,0.5,6.771
2026-01-13 09:00,6.6,5.6,1.0,7.029
2026-01-13 10:00,6.4,5.3,1.1,7.216
2026-01-13 11:00,6.5,5.4,1.1,7.395
2026-01-13 12:00,6.0,5.0,1.0,7.463
2026-01-13 13:00,6.4,5.5,0.8,7.465
2026-01-13 14:00,5.7,5.0,0.7,7.428
2026-01-13 15:00,5.4,4.8,0.6,7.381
2026-01-13 16:00,6.4,5.8,0.6,7.375
2026-01-13 17:00,6.1,5.5,0.6,7.414
2026-01-13 18:00,5.9,5.4,0.6,7.433
2026-01-13 19:00,7.2,6.4,0.8,7.298
2026-01-13 20:00,7.5,6.7,0.8,6.859
2026-01-13 21:00,7.5,6.9,0.6,6.278
2026-01-13 22:00,4.4,3.9,0.5,5.785
2026-01-13 23:00,3.4,3.1,0.3,5.394
2026-01-14 00:00,3.6,3.4,0.2,5.33
2026-01-14 01:00,3.5,3.4,0.1,5.299
2026-01-14 02:00,3.4,3.3,0.1,5.193
2026-01-14 03:00,3.6,3.6,0.0,5.083
2026-01-14 04:00,4.3,4.2,0.1,4.998
2026-01-14 05:00,6.1,6.0,0.1,4.747
2026-01-14 06:00,8.8,8.7,0.1,4.479
2026-01-14 07:00,7.9,7.7,0.2,4.285
2026-01-14 08:00,6.9,6.4,0.5,4.227
2026-01-14 09:00,8.0,7.0,1.0,4.224
2026-01-14 10:00,7.8,6.7,1.1,4.459
2026-01-14 11:00,7.1,6.0,1.1,4.731
2026-01-14 12:00,7.2,6.2,1.0,4.895
2026-01-14 13:00,6.6,5.8,0.8,4.731
2026-01-14 14:00,5.8,5.2,0.6,4.047
2026-01-14 15:00,6.5,5.9,0.6,2.941
2026-01-14 16:00,7.0,6.4,0.6,2.165
2026-01-14 17:00,7.6,6.9,0.7,1.601
2026-01-14 18:00,7.6,6.9,0.7,1.268
2026-01-14 19:00,8.1,7.4,0.7,0.797
2026-01-14 20:00,9.5,8.7,0.8,0.363
2026-01-14 21:00,8.7,8.1,0.6,0.366
2026-01-14 22:00,5.4,5.0,0.5,0.264
2026-01-14 23:00,4.8,4.5,0.3,0.265
2026-01-15 00:00,4.6,4.4,0.2,0.192
2026-01-15 01:00,4.5,4.4,0.1,0.167
2026-01-15 02:00,4.2,4.2,0.0,-0.011
2026-01-15 03:00,4.4,4.4,0.0,0.064
2026-01-15 04:00,6.0,5.9,0.1,0.118
2026-01-15 05:00,8.5,8.2,0.3,0.248
2026-01-15 06:00,11.4,10.5,0.9,0.917
2026-01-15 07:00,11.1,10.2,0.9,1.4
2026-01-15 08:00,9.4,8.6,0.8,2.21
2026-01-15 09:00,9.3,8.6,0.7,3.068
2026-01-15 10:00,8.7,8.1,0.6,4.156
2026-01-15 11:00,9.0,8.4,0.6,5.309
2026-01-15 12:00,7.2,6.7,0.5,6.036
2026-01-15 13:00,7.9,7.4,0.5,6.211
2026-01-15 14:00,6.9,6.5,0.4,5.815
2026-01-15 15:00,7.6,7.2,0.4,5.033
2026-01-15 16:00,8.3,7.8,0.5,4.565
2026-01-15 17:00,8.8,8.2,0.6,4.365
2026-01-15 18:00,9.2,8.5,0.7,4.177
2026-01-15 19:00,10.9,9.8,1.0,4.058
2026-01-15 20:00,10.3,9.4,0.9,4.12
2026-01-15 21:00,11.2,10.2,1.0,4.136
2026-01-15 22:00,6.4,5.9,0.5,4.197
2026-01-15 23:00,5.6,5.3,0.3,4.442
2026-01-16 00:00,5.8,5.6,0.2,4.551
2026-01-16 01:00,5.3,5.2,0.1,4.337
2026-01-16 02:00,5.5,5.5,0.0,3.941
2026-01-16 03:00,5.1,5.1,0.0,3.51
2026-01-16 04:00,5.8,5.7,0.1,3.067
2026-01-16 05:00,8.6,8.3,0.3,2.288
2026-01-16 06:00,12.6,11.6,1.0,1.935
2026-01-16 07:00,12.1,11.1,1.0,2.17
2026-01-16 08:00,9.6,8.8,0.8,2.741
2026-01-16 09:00,8.6,7.9,0.7,3.371
2026-01-16 10:00,8.5,7.9,0.6,4.278
2026-01-16 11:00,7.8,7.2,0.6,5.073
2026-01-16 12:00,7.3,6.8,0.5,5.333
2026-01-16 13:00,6.9,6.4,0.5,5.295
2026-01-16 14:00,6.8,6.4,0.4,4.802
2026-01-16 15:00,7.5,7.0,0.5,3.771
2026-01-16 16:00,8.0,7.5,0.5,3.132
2026-01-16 17:00,8.7,8.1,0.6,2.88
2026-01-16 18:00,9.6,8.9,0.7,2.524
2026-01-16 19:00,10.3,9.4,0.9,1.999
2026-01-16 20:00,10.9,9.9,1.0,1.684
2026-01-16 21:00,10.1,9.2,0.9,1.739
2026-01-16 22:00,6.3,5.8,0.5,2.166
2026-01-16 23:00,5.0,4.7,0.3,2.631
2026-01-17 00:00,4.9,4.7,0.2,2.891
2026-01-17 01:00,4.2,4.1,0.1,3.175
2026-01-17 02:00,5.2,5.2,0.0,3.288
2026-01-17 03:00,5.1,5.1,0.0,3.151
2026-01-17 04:00,6.3,6.2,0.1,2.997
2026-01-17 05:00,8.7,8.4,0.3,2.952
2026-01-17 06:00,12.1,11.2,0.9,2.834
2026-01-17 07:00,12.5,11.5,1.0,2.577
2026-01-17 08:00,10.4,9.6,0.8,2.866
2026-01-17 09:00,9.1,8.4,0.7,3.571
2026-01-17 10:00,8.2,7.6,0.6,4.315
2026-01-17 11:00,7.8,7.2,0.6,4.663
2026-01-17 12:00,7.0,6.5,0.5,4.327
2026-01-17 13:00,7.0,6.5,0.5,3.506
2026-01-17 14:00,6.7,6.2,0.5,2.765
2026-01-17 15:00,6.7,6.3,0.4,2.102
2026-01-17 16:00,8.2,7.6,0.5,1.54
2026-01-17 17:00,8.4,7.8,0.6,1.179
2026-01-17 18:00,9.2,8.5,0.7,0.98
2026-01-17 19:00,10.6,9.6,1.0,0.85
2026-01-17 20:00,10.7,9.7,1.0,0.706
2026-01-17 21:00,9.1,8.2,0.8,0.601
2026-01-17 22:00,5.7,5.2,0.5,0.331
2026-01-17 23:00,5.4,5.1,0.3,-0.04
2026-01-18 00:00,4.9,4.7,0.2,-0.621
2026-01-18 01:00,4.7,4.6,0.1,-1.289
2026-01-18 02:00,4.6,4.6,0.0,-1.93
2026-01-18 03:00,4.9,4.9,0.0,-2.292
2026-01-18 04:00,5.3,5.2,0.1,-2.499
2026-01-18 05:00,7.6,7.3,0.3,-2.698
2026-01-18 06:00,11.0,10.1,0.9,-2.975
2026-01-18 07:00,10.3,9.4,0.9,-3.181
2026-01-18 08:00,9.2,8.4,0.8,-2.39
2026-01-18 09:00,8.0,7.3,0.7,-0.952
2026-01-18 10:00,6.9,6.4,0.5,0.989
2026-01-18 11:00,7.3,6.7,0.6,2.158
2026-01-18 12:00,6.6,6.0,0.5,2.525
2026-01-18 13:00,6.3,5.8,0.5,2.41
2026-01-18 14:00,6.4,5.9,0.5,1.254
2026-01-18 15:00,6.2,5.8,0.4,-0.791
2026-01-18 16:00,7.3,6.8,0.5,-1.866
2026-01-18 17:00,7.3,6.7,0.6,-2.282
2026-01-18 18:00,8.4,7.6,0.8,-2.27
2026-01-18 19:00,8.4,7.5,0.9,-2.191
2026-01-18 20:00,8.8,7.8,1.0,-2.193
2026-01-18 21:00,8.7,7.7,1.0,-2.217
2026-01-18 22:00,4.6,4.1,0.5,-2.274
2026-01-18 23:00,4.1,3.8,0.3,-2.32
2026-01-19 00:00,3.4,3.2,0.2,-2.381
2026-01-19 01:00,3.2,3.1,0.1,-2.501
2026-01-19 02:00,2.9,2.9,0.0,-2.706
2026-01-19 03:00,3.5,3.5,0.0,-2.933
2026-01-19 04:00,3.3,3.2,0.1,-3.152
2026-01-19 05:00,4.7,4.4,0.3,-3.309
2026-01-19 06:00,7.3,6.4,0.9,-3.372
2026-01-19 07:00,6.5,5.6,0.9,-3.248
2026-01-19 08:00,5.9,5.0,0.8,-2.272
2026-01-19 09:00,5.3,4.6,0.7,-0.842
2026-01-19 10:00,4.9,4.4,0.6,0.891
2026-01-19 11:00,4.4,3.8,0.6,1.927
2026-01-19 12:00,3.9,3.4,0.5,2.292
2026-01-19 13:00,4.0,3.5,0.5,2.119
2026-01-19 14:00,4.3,3.9,0.4,0.679
2026-01-19 15:00,4.3,3.9,0.4,-1.998
2026-01-19 16:00,5.1,4.6,0.5,-2.793
2026-01-19 17:00,5.0,4.4,0.6,-2.797
2026-01-19 18:00,6.0,5.2,0.8,-2.941
2026-01-19 19:00,5.8,4.9,0.9,-3.157
2026-01-19 20:00,6.1,5.2,0.9,-3.382
2026-01-19 21:00,6.1,5.2,0.9,-3.604
2026-01-19 22:00,3.5,3.0,0.5,-3.846
2026-01-19 23:00,3.1,2.8,0.3,-4.076
2026-01-20 00:00,3.2,3.0,0.2,-4.277
2026-01-20 01:00,2.8,2.7,0.1,-4.438
2026-01-20 02:00,3.6,3.5,0.1,-4.557
2026-01-20 03:00,3.2,3.2,0.0,-4.605
2026-01-20 04:00,3.5,3.4,0.1,-4.62
2026-01-20 05:00,6.0,5.9,0.1,-4.638
2026-01-20 06:00,7.3,7.2,0.1,-4.671
2026-01-20 07:00,7.4,7.2,0.2,-4.482
2026-01-20 08:00,7.0,6.5,0.5,-2.971
2026-01-20 09:00,7.0,6.0,1.0,-1.401
2026-01-20 10:00,7.5,6.4,1.2,-0.098
2026-01-20 11:00,6.9,5.8,1.1,0.753
2026-01-20 12:00,6.9,5.9,1.0,1.235
2026-01-20 13:00,5.9,5.1,0.8,1.198
2026-01-20 14:00,5.9,5.2,0.7,0.15
2026-01-20 15:00,6.2,5.6,0.6,-2.251
2026-01-20 16:00,6.5,5.9,0.6,-3.233
2026-01-20 17:00,6.3,5.7,0.6,-3.452
2026-01-20 18:00,6.9,6.2,0.7,-3.636
2026-01-20 19:00,7.8,7.0,0.8,-3.814
2026-01-20 20:00,8.5,7.7,0.8,-3.992
2026-01-20 21:00,8.0,7.4,0.6,-4.169
2026-01-20 22:00,4.9,4.4,0.5,-4.391
2026-01-20 23:00,4.0,3.6,0.3,-4.601
2026-01-21 00:00,4.0,3.8,0.2,-4.745
2026-01-21 01:00,3.9,3.8,0.1,-4.892
2026-01-21 02:00,3.9,3.8,0.1,-5.189
2026-01-21 03:00,3.9,3.9,0.0,-5.49
2026-01-21 04:00,4.3,4.2,0.1,-5.79
2026-01-21 05:00,5.8,5.7,0.1,-6.066
2026-01-21 06:00,7.4,7.3,0.1,-6.426
2026-01-21 07:00,7.1,6.9,0.2,-6.615
2026-01-21 08:00,7.1,6.5,0.6,-5.138
2026-01-21 09:00,6.2,5.3,1.0,-3.58
2026-01-21 10:00,5.6,4.6,1.0,-1.56
2026-01-21 11:00,5.5,4.4,1.1,-0.08
2026-01-21 12:00,5.3,4.3,1.0,0.611
2026-01-21 13:00,5.2,4.4,0.8,0.779
2026-01-21 14:00,4.9,4.2,0.7,0.046
2026-01-21 15:00,5.0,4.4,0.6,-1.508
2026-01-21 16:00,5.1,4.5,0.6,-2.332
2026-01-21 17:00,5.7,5.1,0.6,-3.014
2026-01-21 18:00,6.8,6.0,0.8,-3.873
2026-01-21 19:00,6.6,5.8,0.8,-4.842
2026-01-21 20:00,6.5,5.8,0.7,-5.69
2026-01-21 21:00,6.2,5.6,0.6,-6.235
2026-01-21 22:00,3.7,3.2,0.5,-6.605
2026-01-21 23:00,2.9,2.6,0.3,-6.903
2026-01-22 00:00,2.7,2.5,0.2,-7.119
2026-01-22 01:00,2.5,2.4,0.1,-7.219
2026-01-22 02:00,2.7,2.7,0.0,-7.25
2026-01-22 03:00,3.0,3.0,0.0,-7.297
2026-01-22 04:00,3.3,3.2,0.1,-7.318
2026-01-22 05:00,4.8,4.5,0.3,-7.271
2026-01-22 06:00,7.0,6.1,0.9,-7.177
2026-01-22 07:00,6.8,5.9,0.9,-6.944
2026-01-22 08:00,6.0,5.2,0.8,-5.978
2026-01-22 09:00,5.6,4.9,0.7,-4.456
2026-01-22 10:00,5.7,5.1,0.6,-2.885
2026-01-22 11:00,5.8,5.2,0.6,-1.704
2026-01-22 12:00,5.0,4.5,0.5,-1.036
2026-01-22 13:00,4.9,4.4,0.5,-0.928
2026-01-22 14:00,4.8,4.3,0.5,-1.385
2026-01-22 15:00,4.8,4.3,0.5,-2.255
2026-01-22 16:00,5.0,4.5,0.5,-2.841
2026-01-22 17:00,4.9,4.3,0.6,-3.111
2026-01-22 18:00,5.6,4.9,0.7,-3.274
2026-01-22 19:00,6.3,5.4,0.9,-3.395
2026-01-22 20:00,6.5,5.5,1.0,-3.538
2026-01-22 21:00,6.6,5.6,1.0,-3.547
2026-01-22 22:00,3.4,2.9,0.5,-3.476
2026-01-22 23:00,3.7,3.4,0.3,-3.493
2026-01-23 00:00,3.2,3.0,0.2,-3.479
2026-01-23 01:00,2.9,2.8,0.1,-3.409
2026-01-23 02:00,3.3,3.3,0.0,-3.335
2026-01-23 03:00,2.8,2.8,0.0,-3.309
2026-01-23 04:00,3.6,3.5,0.1,-3.413
2026-01-23 05:00,5.5,5.2,0.3,-3.667
2026-01-23 06:00,8.0,7.1,0.9,-3.898
2026-01-23 07:00,7.4,6.5,0.9,-3.936
2026-01-23 08:00,6.2,5.4,0.8,-3.204
2026-01-23 09:00,6.1,5.4,0.7,-2.383
2026-01-23 10:00,6.3,5.6,0.6,-1.683
2026-01-23 11:00,6.0,5.4,0.6,-1.169
2026-01-23 12:00,5.3,4.8,0.5,-0.887
2026-01-23 13:00,5.4,4.9,0.5,-0.861
2026-01-23 14:00,4.7,4.3,0.4,-1.181
2026-01-23 15:00,5.6,5.2,0.4,-2.324
2026-01-23 16:00,5.9,5.4,0.5,-3.253
2026-01-23 17:00,6.3,5.7,0.6,-3.639
2026-01-23 18:00,6.1,5.5,0.6,-4.065
2026-01-23 19:00,6.8,5.9,0.9,-4.416
2026-01-23 20:00,7.2,6.3,1.0,-4.713
2026-01-23 21:00,6.8,5.9,0.9,-4.994
2026-01-23 22:00,4.5,4.0,0.5,-5.174
2026-01-23 23:00,3.8,3.6,0.3,-5.386
2026-01-24 00:00,3.7,3.5,0.2,-5.479
2026-01-24 01:00,3.8,3.7,0.1,-5.625
2026-01-24 02:00,3.7,3.7,0.0,-5.683
2026-01-24 03:00,3.7,3.7,0.0,-5.664
2026-01-24 04:00,4.3,4.2,0.1,-5.697
2026-01-24 05:00,6.9,6.6,0.4,-5.776
2026-01-24 06:00,9.6,8.7,1.0,-5.807
2026-01-24 07:00,8.7,7.8,0.9,-5.608
2026-01-24 08:00,8.0,7.2,0.8,-4.437
2026-01-24 09:00,6.9,6.2,0.7,-3.681
2026-01-24 10:00,6.6,6.0,0.6,-3.248
2026-01-24 11:00,5.6,5.1,0.5,-2.814
2026-01-24 12:00,6.2,5.7,0.5,-2.421
2026-01-24 13:00,6.2,5.7,0.5,-2.227
2026-01-24 14:00,6.1,5.6,0.5,-2.467
2026-01-24 15:00,6.0,5.6,0.4,-3.562
2026-01-24 16:00,6.3,5.8,0.5,-4.241
2026-01-24 17:00,6.8,6.2,0.6,-4.315
2026-01-24 18:00,7.4,6.7,0.7,-4.44
2026-01-24 19:00,7.3,6.5,0.8,-4.509
2026-01-24 20:00,7.6,6.6,0.9,-4.78
2026-01-24 21:00,8.1,7.2,0.9,-5.012
2026-01-24 22:00,5.2,4.7,0.5,-5.143
2026-01-24 23:00,4.2,3.9,0.3,-5.091
2026-01-25 00:00,4.1,3.9,0.2,-5.108
2026-01-25 01:00,4.2,4.1,0.1,-5.048
2026-01-25 02:00,4.0,4.0,0.0,-4.957
2026-01-25 03:00,4.4,4.4,0.0,-4.992
2026-01-25 04:00,4.8,4.7,0.1,-5.022
2026-01-25 05:00,6.9,6.6,0.3,-5.026
2026-01-25 06:00,9.9,9.0,0.9,-5.022
2026-01-25 07:00,10.2,9.2,1.0,-4.806
2026-01-25 08:00,8.4,7.6,0.8,-3.258
2026-01-25 09:00,6.8,6.2,0.6,-1.704
2026-01-25 10:00,6.7,6.1,0.6,-0.279
2026-01-25 11:00,6.9,6.3,0.6,0.743
2026-01-25 12:00,6.3,5.8,0.5,1.512
2026-01-25 13:00,7.0,6.5,0.5,1.714
2026-01-25 14:00,6.4,5.9,0.5,1.241
2026-01-25 15:00,6.0,5.6,0.4,0.454
2026-01-25 16:00,7.0,6.5,0.5,0.185
2026-01-25 17:00,7.9,7.2,0.7,0.058
2026-01-25 18:00,8.0,7.3,0.7,-0.043
2026-01-25 19:00,8.8,7.9,1.0,0.113
2026-01-25 20:00,8.2,7.3,0.9,0.406
2026-01-25 21:00,8.5,7.6,0.9,0.899
2026-01-25 22:00,4.9,4.4,0.5,1.399
2026-01-25 23:00,4.0,3.7,0.3,1.801
2026-01-26 00:00,3.7,3.5,0.2,2.283
2026-01-26 01:00,3.6,3.5,0.1,2.7
2026-01-26 02:00,3.8,3.8,0.0,3.317
2026-01-26 03:00,4.0,4.0,0.0,3.806
2026-01-26 04:00,4.6,4.5,0.1,3.626
2026-01-26 05:00,6.9,6.6,0.3,3.346
2026-01-26 06:00,10.6,9.6,1.0,3.514
2026-01-26 07:00,9.5,8.6,1.0,3.402
2026-01-26 08:00,8.6,7.7,0.8,3.6
2026-01-26 09:00,7.6,7.0,0.7,3.591
2026-01-26 10:00,6.8,6.2,0.6,3.773
2026-01-26 11:00,7.1,6.5,0.6,4.436
2026-01-26 12:00,7.0,6.5,0.5,4.946
2026-01-26 13:00,6.2,5.7,0.5,4.986
2026-01-26 14:00,6.6,6.1,0.5,4.354
2026-01-26 15:00,6.4,6.0,0.4,3.511
2026-01-26 16:00,7.0,6.5,0.5,3.282
2026-01-26 17:00,8.0,7.3,0.7,3.418
2026-01-26 18:00,8.0,7.3,0.7,3.386
2026-01-26 19:00,8.7,7.8,0.9,3.105
2026-01-26 20:00,8.5,7.6,1.0,2.867
2026-01-26 21:00,8.6,7.7,1.0,2.855
2026-01-26 22:00,4.9,4.4,0.5,2.744
2026-01-26 23:00,4.1,3.8,0.3,2.785
2026-01-27 00:00,3.8,3.6,0.2,2.791
2026-01-27 01:00,3.8,3.7,0.1,2.971
2026-01-27 02:00,4.0,3.9,0.1,3.219
2026-01-27 03:00,4.0,4.0,0.0,3.386
2026-01-27 04:00,4.6,4.5,0.1,3.174
2026-01-27 05:00,6.7,6.6,0.1,2.698
2026-01-27 06:00,9.1,9.0,0.1,2.405
2026-01-27 07:00,8.5,8.3,0.2,2.654
2026-01-27 08:00,7.9,7.4,0.5,3.704
2026-01-27 09:00,7.4,6.4,1.0,4.765
2026-01-27 10:00,6.9,5.9,1.0,5.097
2026-01-27 11:00,6.5,5.4,1.1,4.493
2026-01-27 12:00,6.3,5.3,1.0,3.783
2026-01-27 13:00,6.3,5.5,0.8,3.616
2026-01-27 14:00,6.2,5.5,0.7,3.581
2026-01-27 15:00,6.2,5.6,0.6,3.246
2026-01-27 16:00,6.5,5.9,0.6,2.689
2026-01-27 17:00,6.7,6.1,0.6,2.085
2026-01-27 18:00,8.2,7.4,0.8,1.641
2026-01-27 19:00,7.8,7.1,0.7,1.343
2026-01-27 20:00,8.3,7.6,0.7,1.169
2026-01-27 21:00,8.4,7.8,0.6,0.938
2026-01-27 22:00,4.8,4.3,0.5,0.777
2026-01-27 23:00,4.1,3.8,0.3,0.668
2026-01-28 00:00,4.3,4.1,0.2,0.616
2026-01-28 01:00,3.8,3.7,0.1,0.587
2026-01-28 02:00,4.3,4.2,0.1,0.572
2026-01-28 03:00,4.3,4.3,0.0,0.44
2026-01-28 04:00,4.5,4.4,0.1,0.41
2026-01-28 05:00,7.0,6.9,0.1,0.44
2026-01-28 06:00,10.8,10.7,0.1,0.48
2026-01-28 07:00,9.3,9.1,0.2,0.586
2026-01-28 08:00,8.2,7.7,0.5,0.885
2026-01-28 09:00,8.7,7.6,1.1,1.443
2026-01-28 10:00,8.1,7.0,1.1,1.947
2026-01-28 11:00,8.3,7.1,1.2,2.089
2026-01-28 12:00,7.3,6.3,1.0,2.028
2026-01-28 13:00,6.8,6.0,0.8,1.924
2026-01-28 14:00,6.3,5.6,0.6,1.814
2026-01-28 15:00,6.6,6.0,0.6,1.653
2026-01-28 16:00,7.2,6.6,0.6,1.481
2026-01-28 17:00,7.5,6.9,0.6,1.293
2026-01-28 18:00,8.3,7.6,0.7,1.059
2026-01-28 19:00,9.3,8.5,0.8,0.806
2026-01-28 20:00,8.8,8.1,0.7,0.637
2026-01-28 21:00,8.4,7.8,0.6,0.415
2026-01-28 22:00,5.0,4.5,0.5,0.145
2026-01-28 23:00,4.3,4.0,0.3,-0.13
2026-01-29 00:00,4.6,4.4,0.2,-0.298
2026-01-29 01:00,4.1,4.0,0.1,-0.44
2026-01-29 02:00,4.0,4.0,0.0,-0.61
2026-01-29 03:00,4.6,4.6,0.0,-0.796
2026-01-29 04:00,5.1,5.0,0.1,-1.01
2026-01-29 05:00,7.6,7.3,0.3,-1.258
2026-01-29 06:00,10.8,9.9,0.9,-1.44
2026-01-29 07:00,10.0,9.1,0.9,-1.512
2026-01-29 08:00,8.9,8.1,0.8,-0.764
2026-01-29 09:00,8.7,8.0,0.7,0.473
2026-01-29 10:00,7.6,7.0,0.6,1.795
2026-01-29 11:00,7.6,7.0,0.5,2.679
2026-01-29 12:00,7.5,7.0,0.5,3.121
2026-01-29 13:00,7.4,6.9,0.5,3.016
2026-01-29 14:00,6.9,6.5,0.4,2.179
2026-01-29 15:00,7.3,6.9,0.4,-0.12
2026-01-29 16:00,7.8,7.3,0.5,-1.799
2026-01-29 17:00,8.2,7.6,0.6,-1.746
2026-01-29 18:00,9.7,8.9,0.8,-1.566
2026-01-29 19:00,9.2,8.3,0.9,-1.445
2026-01-29 20:00,10.5,9.5,1.0,-1.353
2026-01-29 21:00,9.7,8.8,0.9,-1.323
2026-01-29 22:00,5.5,5.0,0.5,-1.582
2026-01-29 23:00,4.9,4.6,0.3,-1.713
2026-01-30 00:00,4.4,4.2,0.2,-1.718
2026-01-30 01:00,4.4,4.3,0.1,-1.715
2026-01-30 02:00,4.7,4.7,0.0,-1.64
2026-01-30 03:00,4.6,4.6,0.0,-1.64
2026-01-30 04:00,5.3,5.2,0.1,-1.701
2026-01-30 05:00,8.1,7.8,0.3,-1.768
2026-01-30 06:00,10.6,9.7,0.9,-1.763
2026-01-30 07:00,10.2,9.3,0.9,-1.615
2026-01-30 08:00,9.2,8.4,0.8,-1.135
2026-01-30 09:00,8.4,7.7,0.7,-0.49
2026-01-30 10:00,8.3,7.7,0.6,0.179
2026-01-30 11:00,8.1,7.5,0.6,0.669
2026-01-30 12:00,7.6,7.1,0.5,0.887
2026-01-30 13:00,7.4,6.9,0.5,0.713
2026-01-30 14:00,7.2,6.8,0.4,0.159
2026-01-30 15:00,7.6,7.2,0.4,-0.663
2026-01-30 16:00,8.5,8.0,0.5,-1.142
2026-01-30 17:00,8.6,8.0,0.6,-1.209
2026-01-30 18:00,8.9,8.2,0.7,-1.177
2026-01-30 19:00,10.3,9.3,1.0,-0.969
2026-01-30 20:00,9.8,8.8,1.0,-0.643
2026-01-30 21:00,8.6,7.8,0.8,-0.386
2026-01-30 22:00,5.2,4.7,0.5,-0.636
2026-01-30 23:00,4.8,4.5,0.3,-1.359
2026-01-31 00:00,4.6,4.4,0.2,-2.713
2026-01-31 01:00,4.3,4.2,0.1,-3.849
2026-01-31 02:00,4.4,4.4,0.0,-4.823
2026-01-31 03:00,4.7,4.7,0.0,-5.352
2026-01-31 04:00,5.4,5.3,0.1,-5.442
2026-01-31 05:00,7.8,7.5,0.3,-4.83
2026-01-31 06:00,11.7,10.8,0.9,-4.102
2026-01-31 07:00,11.3,10.4,0.9,-3.293
2026-01-31 08:00,9.9,9.0,0.8,-2.13
2026-01-31 09:00,9.3,8.6,0.7,-1.062
2026-01-31 10:00,8.6,8.0,0.6,-0.158
2026-01-31 11:00,8.6,8.0,0.6,0.447
2026-01-31 12:00,8.7,8.1,0.6,0.843
2026-01-31 13:00,7.6,7.0,0.5,0.882
2026-01-31 14:00,7.4,7.0,0.4,0.573
2026-01-31 15:00,8.0,7.5,0.5,-0.848
2026-01-31 16:00,8.3,7.8,0.5,-2.455
2026-01-31 17:00,8.7,8.1,0.6,-3.533
2026-01-31 18:00,9.4,8.7,0.7,-4.237
2026-01-31 19:00,11.0,10.0,0.9,-4.233
2026-01-31 20:00,11.1,10.1,1.0,-3.744
2026-01-31 21:00,10.8,9.9,0.9,-2.953
2026-01-31 22:00,6.3,5.8,0.5,-2.229
2026-01-31 23:00,5.6,5.4,0.3,-1.816
2026-02-01 00:00,5.6,5.4,0.2,-1.447
2026-02-01 01:00,5.5,5.4,0.1,-1.159
2026-02-01 02:00,5.3,5.3,0.0,-1.152
2026-02-01 03:00,5.3,5.3,0.0,-0.97
2026-02-01 04:00,6.2,6.1,0.1,-1.081
2026-02-01 05:00,9.5,9.2,0.3,-1.758
2026-02-01 06:00,13.7,12.8,1.0,-1.76
2026-02-01 07:00,12.6,11.7,0.9,-1.157
2026-02-01 08:00,11.4,10.6,0.8,1.104
2026-02-01 09:00,10.3,9.6,0.7,2.062
2026-02-01 10:00,10.0,9.4,0.6,2.823
2026-02-01 11:00,9.5,9.0,0.5,3.469
2026-02-01 12:00,8.9,8.4,0.5,3.935
2026-02-01 13:00,8.6,8.1,0.5,3.559
2026-02-01 14:00,9.0,8.5,0.5,2.635
2026-02-01 15:00,9.3,8.8,0.5,1.298
2026-02-01 16:00,9.5,9.0,0.5,0.159
2026-02-01 17:00,10.5,9.8,0.7,-0.175
2026-02-01 18:00,10.3,9.6,0.7,-0.462
2026-02-01 19:00,10.8,10.0,0.9,-0.463
2026-02-01 20:00,11.0,10.1,1.0,-0.279
2026-02-01 21:00,11.5,10.5,1.0,-0.092
2026-02-01 22:00,6.1,5.6,0.5,-0.025
2026-02-01 23:00,5.3,5.0,0.3,0.001
2026-02-02 00:00,4.9,4.7,0.2,-0.054
2026-02-02 01:00,4.2,4.1,0.1,0.07
2026-02-02 02:00,4.8,4.8,0.0,0.156
2026-02-02 03:00,4.7,4.7,0.0,-0.152
2026-02-02 04:00,5.4,5.3,0.1,-0.328
2026-02-02 05:00,7.3,7.0,0.3,-0.372
2026-02-02 06:00,11.4,10.5,0.9,-0.564
2026-02-02 07:00,11.5,10.5,1.0,-0.554
2026-02-02 08:00,8.6,7.8,0.8,0.456
2026-02-02 09:00,8.0,7.4,0.6,1.176
2026-02-02 10:00,7.9,7.3,0.6,1.74
2026-02-02 11:00,7.9,7.3,0.6,2.15
2026-02-02 12:00,8.0,7.4,0.6,2.169
2026-02-02 13:00,7.2,6.7,0.5,1.917
2026-02-02 14:00,7.2,6.6,0.5,1.368
2026-02-02 15:00,7.3,6.9,0.4,0.365
2026-02-02 16:00,7.6,7.1,0.5,-0.542
2026-02-02 17:00,8.8,8.2,0.6,-0.738
2026-02-02 18:00,8.5,7.8,0.7,-0.928
2026-02-02 19:00,9.3,8.4,0.9,-1.26
2026-02-02 20:00,10.2,9.2,1.0,-1.567
2026-02-02 21:00,9.4,8.5,0.9,-1.778
2026-02-02 22:00,5.6,5.1,0.5,-1.937
2026-02-02 23:00,4.4,4.1,0.3,-2.058
2026-02-03 00:00,4.4,4.2,0.2,-2.086
2026-02-03 01:00,4.0,3.9,0.1,-2.298
2026-02-03 02:00,4.0,3.9,0.1,-2.395
2026-02-03 03:00,3.9,3.9,0.0,-2.377
2026-02-03 04:00,4.3,4.2,0.1,-2.391
2026-02-03 05:00,6.1,6.0,0.1,-2.393
2026-02-03 06:00,9.1,9.0,0.1,-2.244
2026-02-03 07:00,8.4,8.2,0.2,-1.706
2026-02-03 08:00,7.6,7.0,0.5,-0.551
2026-02-03 09:00,7.5,6.5,1.0,0.527
2026-02-03 10:00,6.7,5.7,1.0,1.425
2026-02-03 11:00,6.4,5.4,1.0,2.173
2026-02-03 12:00,6.4,5.4,1.0,2.712
2026-02-03 13:00,6.1,5.3,0.8,2.854
2026-02-03 14:00,5.9,5.2,0.7,2.478
2026-02-03 15:00,6.4,5.8,0.6,1.173
2026-02-03 16:00,6.3,5.7,0.6,-0.202
2026-02-03 17:00,6.7,6.1,0.6,-0.665
2026-02-03 18:00,7.1,6.4,0.7,-1.349
2026-02-03 19:00,8.6,7.8,0.8,-2.117
2026-02-03 20:00,8.6,7.8,0.8,-2.861
2026-02-03 21:00,7.8,7.2,0.6,-2.988
2026-02-03 22:00,4.7,4.3,0.4,-2.223
2026-02-03 23:00,4.4,4.0,0.3,-1.897
2026-02-04 00:00,3.5,3.3,0.2,-1.929
2026-02-04 01:00,3.7,3.6,0.1,-2.239
2026-02-04 02:00,3.1,3.0,0.1,-2.592
2026-02-04 03:00,3.5,3.5,0.0,-3.12
2026-02-04 04:00,3.6,3.5,0.1,-3.683
2026-02-04 05:00,4.7,4.6,0.1,-4.179
2026-02-04 06:00,6.7,6.6,0.1,-4.624
2026-02-04 07:00,7.1,6.9,0.2,-4.224
2026-02-04 08:00,5.9,5.4,0.6,-2.259
2026-02-04 09:00,5.8,4.8,1.0,-0.235
2026-02-04 10:00,5.5,4.4,1.1,1.325
2026-02-04 11:00,5.4,4.4,1.1,2.167
2026-02-04 12:00,5.5,4.5,1.0,2.545
2026-02-04 13:00,5.0,4.2,0.8,2.349
2026-02-04 14:00,4.8,4.1,0.7,1.787
2026-02-04 15:00,4.6,4.0,0.6,1.153
2026-02-04 16:00,4.7,4.1,0.6,0.699
2026-02-04 17:00,4.8,4.2,0.6,0.568
2026-02-04 18:00,5.4,4.6,0.7,0.435
2026-02-04 19:00,5.9,5.1,0.8,0.105
2026-02-04 20:00,5.2,4.5,0.7,0.153
2026-02-04 21:00,5.2,4.6,0.6,0.31
2026-02-04 22:00,2.6,2.2,0.4,0.302
2026-02-04 23:00,2.2,1.9,0.3,0.178
2026-02-05 00:00,1.8,1.6,0.2,0.098
2026-02-05 01:00,1.7,1.6,0.1,0.111
2026-02-05 02:00,1.6,1.6,0.0,0.125
2026-02-05 03:00,1.7,1.7,0.0,0.227
2026-02-05 04:00,2.0,1.8,0.1,0.031
2026-02-05 05:00,3.3,3.0,0.3,-0.269
2026-02-05 06:00,4.8,3.9,0.9,-0.538
2026-02-05 07:00,4.9,3.9,1.0,-0.323
2026-02-05 08:00,4.1,3.3,0.8,0.584
2026-02-05 09:00,3.6,3.0,0.6,1.202
2026-02-05 10:00,3.2,2.6,0.6,1.831
2026-02-05 11:00,3.4,2.8,0.6,2.407
2026-02-05 12:00,3.1,2.6,0.5,3.006
2026-02-05 13:00,3.2,2.7,0.5,3.361
2026-02-05 14:00,3.1,2.7,0.4,3.069
2026-02-05 15:00,3.4,2.9,0.5,1.697
2026-02-05 16:00,3.5,3.0,0.5,0.152
2026-02-05 17:00,3.3,2.7,0.6,-0.69
2026-02-05 18:00,3.8,3.1,0.7,-1.369
2026-02-05 19:00,3.9,3.0,0.9,-1.55
2026-02-05 20:00,4.1,3.2,0.9,-1.37
2026-02-05 21:00,4.0,3.1,0.9,-1.463
2026-02-05 22:00,2.3,1.8,0.5,-1.78
2026-02-05 23:00,1.9,1.6,0.3,-1.998
2026-02-06 00:00,1.6,1.4,0.2,-2.15
2026-02-06 01:00,1.7,1.6,0.1,-2.14
2026-02-06 02:00,1.6,1.6,0.0,-1.93
2026-02-06 03:00,1.7,1.7,0.0,-1.598
2026-02-06 04:00,2.0,1.9,0.1,-1.265
2026-02-06 05:00,3.3,3.0,0.3,-1.096
2026-02-06 06:00,5.0,4.1,0.9,-1.113
2026-02-06 07:00,4.9,4.0,0.9,-0.969
2026-02-06 08:00,4.2,3.4,0.8,-0.134
2026-02-06 09:00,3.8,3.2,0.6,1.249
2026-02-06 10:00,4.0,3.4,0.6,2.807
2026-02-06 11:00,3.4,2.9,0.5,4.308
2026-02-06 12:00,3.2,2.7,0.5,5.105
2026-02-06 13:00,3.4,2.9,0.5,5.135
2026-02-06 14:00,3.5,3.0,0.5,4.37
2026-02-06 15:00,3.7,3.3,0.4,2.745
2026-02-06 16:00,3.9,3.4,0.5,1.324
2026-02-06 17:00,4.1,3.5,0.6,1.185
2026-02-06 18:00,4.6,3.9,0.7,1.043
2026-02-06 19:00,5.3,4.4,0.9,1.095
2026-02-06 20:00,5.4,4.4,1.0,1.298
2026-02-06 21:00,5.0,4.1,0.9,1.313
2026-02-06 22:00,3.0,2.5,0.5,1.231
2026-02-06 23:00,2.5,2.2,0.3,1.241
2026-02-07 00:00,2.4,2.2,0.2,1.153
2026-02-07 01:00,2.5,2.4,0.1,1.012
2026-02-07 02:00,2.2,2.2,0.0,0.938
2026-02-07 03:00,2.6,2.6,0.0,0.922
2026-02-07 04:00,2.9,2.8,0.1,0.965
2026-02-07 05:00,4.4,4.1,0.3,0.978
2026-02-07 06:00,6.4,5.5,1.0,1.113
2026-02-07 07:00,6.4,5.4,1.0,1.522
2026-02-07 08:00,5.4,4.6,0.8,2.714
2026-02-07 09:00,5.0,4.3,0.7,3.805
2026-02-07 10:00,4.2,3.6,0.6,4.997
2026-02-07 11:00,4.1,3.5,0.6,6.257
2026-02-07 12:00,3.3,2.8,0.5,7.027
2026-02-07 13:00,3.0,2.4,0.5,7.169
2026-02-07 14:00,2.6,2.2,0.4,6.485
2026-02-07 15:00,2.7,2.3,0.4,5.276
2026-02-07 16:00,3.1,2.6,0.5,4.125
2026-02-07 17:00,3.8,3.2,0.6,4.023
2026-02-07 18:00,4.3,3.6,0.7,3.942
2026-02-07 19:00,4.5,3.6,0.9,3.757
2026-02-07 20:00,5.2,4.2,1.0,3.282
2026-02-07 21:00,4.8,3.9,1.0,2.568
2026-02-07 22:00,2.5,2.0,0.5,2.549
2026-02-07 23:00,2.1,1.8,0.3,1.921
2026-02-08 00:00,2.1,1.9,0.2,1.531
2026-02-08 01:00,2.2,2.1,0.1,1.537
2026-02-08 02:00,2.5,2.5,0.0,1.553
2026-02-08 03:00,2.6,2.6,0.0,1.425
2026-02-08 04:00,3.0,2.9,0.1,1.583
2026-02-08 05:00,5.2,4.9,0.3,2.287
2026-02-08 06:00,7.3,6.4,0.9,2.456
2026-02-08 07:00,7.4,6.4,1.0,2.894
2026-02-08 08:00,6.1,5.3,0.8,3.958
2026-02-08 09:00,5.7,5.0,0.7,4.981
2026-02-08 10:00,4.8,4.2,0.6,5.715
2026-02-08 11:00,4.6,4.1,0.5,6.207
2026-02-08 12:00,4.9,4.3,0.6,6.25
2026-02-08 13:00,4.7,4.2,0.5,5.919
2026-02-08 14:00,3.9,3.6,0.4,5.553
2026-02-08 15:00,4.0,3.6,0.4,5.359
2026-02-08 16:00,4.7,4.3,0.4,5.217
2026-02-08 17:00,5.5,4.9,0.6,5.167
2026-02-08 18:00,6.3,5.6,0.7,5.022
2026-02-08 19:00,7.0,6.1,0.9,4.764
2026-02-08 20:00,7.9,6.9,1.0,4.505
2026-02-08 21:00,8.1,7.1,1.0,4.402
2026-02-08 22:00,5.1,4.6,0.5,4.332
2026-02-08 23:00,4.7,4.4,0.3,4.25
2026-02-09 00:00,4.8,4.6,0.2,4.211
2026-02-09 01:00,4.4,4.3,0.1,4.101
2026-02-09 02:00,4.4,4.4,0.0,4.163
2026-02-09 03:00,4.7,4.7,0.0,4.118
2026-02-09 04:00,5.0,4.9,0.1,4.653
2026-02-09 05:00,7.3,7.0,0.3,5.082
2026-02-09 06:00,10.4,9.5,1.0,5.435
2026-02-09 07:00,9.1,8.2,0.9,5.763
2026-02-09 08:00,7.7,6.9,0.8,6.304
2026-02-09 09:00,6.6,5.9,0.7,7.01
2026-02-09 10:00,5.8,5.2,0.6,7.62
2026-02-09 11:00,5.5,4.9,0.6,8.063
2026-02-09 12:00,4.9,4.4,0.5,8.23
2026-02-09 13:00,5.1,4.6,0.5,7.972
2026-02-09 14:00,4.8,4.3,0.5,7.597
2026-02-09 15:00,4.4,4.0,0.4,7.155
2026-02-09 16:00,5.4,4.9,0.5,6.483
2026-02-09 17:00,5.9,5.3,0.6,6.028
2026-02-09 18:00,6.5,5.8,0.7,5.568
2026-02-09 19:00,6.0,5.2,0.8,5.091
2026-02-09 20:00,7.4,6.4,1.0,4.7
2026-02-09 21:00,7.0,6.1,0.9,4.194
2026-02-09 22:00,4.0,3.5,0.5,3.99
2026-02-09 23:00,3.5,3.2,0.3,3.962
2026-02-10 00:00,3.2,3.0,0.2,3.863
2026-02-10 01:00,3.0,2.9,0.1,3.651
2026-02-10 02:00,3.0,2.9,0.1,3.276
2026-02-10 03:00,2.8,2.8,0.0,3.075
2026-02-10 04:00,3.5,3.4,0.1,3.594
2026-02-10 05:00,4.9,4.8,0.1,4.98
2026-02-10 06:00,6.6,6.5,0.1,6.24
2026-02-10 07:00,6.8,6.6,0.2,6.787
2026-02-10 08:00,6.3,5.8,0.5,7.078
2026-02-10 09:00,6.1,5.1,1.0,7.204
2026-02-10 10:00,5.9,4.8,1.1,7.481
2026-02-10 11:00,5.3,4.2,1.1,7.818
2026-02-10 12:00,4.7,3.8,1.0,7.303
2026-02-10 13:00,4.8,4.0,0.8,6.772
2026-02-10 14:00,4.3,3.7,0.6,7.052
2026-02-10 15:00,5.0,4.4,0.6,6.518
2026-02-10 16:00,5.0,4.4,0.6,5.466
2026-02-10 17:00,5.6,4.9,0.7,4.666
2026-02-10 18:00,5.4,4.7,0.7,4.368
2026-02-10 19:00,5.8,5.0,0.7,3.839
2026-02-10 20:00,6.5,5.7,0.8,3.448
2026-02-10 21:00,5.5,4.9,0.6,3.423
2026-02-10 22:00,3.1,2.6,0.5,3.334
2026-02-10 23:00,2.4,2.1,0.3,3.061
2026-02-11 00:00,2.2,2.0,0.2,2.809
2026-02-11 01:00,1.9,1.8,0.1,2.604
2026-02-11 02:00,1.7,1.6,0.1,2.541
2026-02-11 03:00,1.8,1.8,0.0,2.624
2026-02-11 04:00,2.2,2.1,0.1,2.331
2026-02-11 05:00,3.3,3.2,0.1,1.735
2026-02-11 06:00,4.4,4.3,0.1,1.307
2026-02-11 07:00,4.3,4.1,0.2,1.371
2026-02-11 08:00,3.9,3.4,0.5,1.897
2026-02-11 09:00,4.1,3.2,0.9,2.563
2026-02-11 10:00,4.1,3.1,1.0,3.22
2026-02-11 11:00,4.1,3.0,1.1,3.969
2026-02-11 12:00,3.9,2.9,1.0,4.522
2026-02-11 13:00,4.0,3.2,0.8,5.092
2026-02-11 14:00,3.8,3.1,0.7,5.567
2026-02-11 15:00,3.6,3.0,0.6,4.922
2026-02-11 16:00,3.8,3.2,0.6,3.061
2026-02-11 17:00,4.0,3.4,0.6,2.21
2026-02-11 18:00,4.3,3.6,0.7,1.509
2026-02-11 19:00,4.6,3.8,0.8,0.336
2026-02-11 20:00,5.1,4.3,0.8,-0.994
2026-02-11 21:00,4.4,3.8,0.6,-1.607
2026-02-11 22:00,3.0,2.5,0.5,-1.681
2026-02-11 23:00,2.4,2.1,0.3,-1.196
2026-02-12 00:00,2.5,2.3,0.2,-0.549
2026-02-12 01:00,2.4,2.4,0.1,-0.222
2026-02-12 02:00,2.4,2.4,0.0,-0.196
2026-02-12 03:00,2.6,2.6,0.0,-0.252
2026-02-12 04:00,3.0,2.9,0.1,-0.451
2026-02-12 05:00,4.3,4.0,0.3,-0.661
2026-02-12 06:00,6.7,5.8,0.9,-0.671
2026-02-12 07:00,6.6,5.7,0.9,-0.22
2026-02-12 08:00,5.9,5.1,0.8,0.781
2026-02-12 09:00,5.6,4.9,0.7,1.929
2026-02-12 10:00,5.4,4.8,0.6,2.862
2026-02-12 11:00,5.2,4.6,0.6,3.898
2026-02-12 12:00,4.8,4.3,0.5,4.947
2026-02-12 13:00,4.9,4.4,0.5,5.699
2026-02-12 14:00,4.7,4.2,0.5,5.92
2026-02-12 15:00,4.8,4.4,0.4,4.434
2026-02-12 16:00,5.1,4.6,0.5,1.468
2026-02-12 17:00,5.7,5.1,0.6,0.581
2026-02-12 18:00,6.1,5.4,0.7,0.324
2026-02-12 19:00,6.2,5.3,0.9,0.168
2026-02-12 20:00,6.3,5.4,1.0,-0.101
2026-02-12 21:00,6.0,5.1,0.9,-0.404
2026-02-12 22:00,3.6,3.1,0.5,-0.588
2026-02-12 23:00,3.2,2.9,0.3,-0.804
2026-02-13 00:00,2.9,2.7,0.2,-1.005
2026-02-13 01:00,2.8,2.7,0.1,-1.053
2026-02-13 02:00,2.7,2.7,0.0,-0.931
2026-02-13 03:00,3.0,3.0,0.0,-0.754
2026-02-13 04:00,3.5,3.4,0.1,-1.01
2026-02-13 05:00,5.4,5.1,0.3,-1.522
2026-02-13 06:00,7.8,6.9,0.9,-1.745
2026-02-13 07:00,8.1,7.1,1.0,-0.155
2026-02-13 08:00,6.6,5.8,0.8,1.703
2026-02-13 09:00,5.9,5.2,0.7,3.579
2026-02-13 10:00,5.0,4.4,0.6,5.374
2026-02-13 11:00,4.8,4.3,0.5,6.296
2026-02-13 12:00,4.6,4.0,0.5,6.922
2026-02-13 13:00,4.8,4.3,0.5,7.115
2026-02-13 14:00,4.7,4.2,0.5,6.659
2026-02-13 15:00,4.6,4.2,0.4,4.899
2026-02-13 16:00,5.2,4.7,0.5,3.209
2026-02-13 17:00,5.4,4.8,0.6,2.418
2026-02-13 18:00,5.7,5.0,0.7,2.013
2026-02-13 19:00,6.4,5.5,0.9,1.689
2026-02-13 20:00,6.0,5.1,0.9,1.374
2026-02-13 21:00,6.3,5.4,0.9,1.126
2026-02-13 22:00,3.7,3.2,0.5,0.923
2026-02-13 23:00,3.2,2.9,0.3,0.653
2026-02-14 00:00,3.2,3.0,0.2,0.264
2026-02-14 01:00,3.0,2.9,0.1,-0.116
2026-02-14 02:00,2.9,2.9,0.0,-0.234
2026-02-14 03:00,2.8,2.8,0.0,-0.263
2026-02-14 04:00,3.5,3.4,0.1,-0.378
2026-02-14 05:00,5.3,5.0,0.3,-0.444
2026-02-14 06:00,7.4,6.5,0.9,-0.365
2026-02-14 07:00,7.0,6.1,0.9,1.25
2026-02-14 08:00,5.8,5.0,0.8,3.938
2026-02-14 09:00,5.8,5.1,0.7,5.605
2026-02-14 10:00,5.3,4.7,0.6,7.326
2026-02-14 11:00,4.7,4.2,0.5,9.088
2026-02-14 12:00,4.8,4.3,0.5,10.543
2026-02-14 13:00,4.6,4.1,0.5,11.019
2026-02-14 14:00,4.3,3.9,0.4,10.402
2026-02-14 15:00,4.5,4.1,0.4,7.839
2026-02-14 16:00,4.9,4.4,0.5,4.621
2026-02-14 17:00,5.1,4.5,0.6,3.286
2026-02-14 18:00,5.4,4.7,0.7,2.674
2026-02-14 19:00,6.2,5.3,0.9,2.282
2026-02-14 20:00,6.5,5.5,1.0,1.965
2026-02-14 21:00,6.1,5.2,0.9,1.713
2026-02-14 22:00,3.8,3.3,0.5,1.446
2026-02-14 23:00,3.2,2.9,0.3,1.179
2026-02-15 00:00,3.4,3.2,0.2,0.95
2026-02-15 01:00,3.2,3.1,0.1,0.743
2026-02-15 02:00,2.9,2.9,0.0,0.542
2026-02-15 03:00,3.3,3.3,0.0,0.332
2026-02-15 04:00,3.6,3.6,0.1,0.175
2026-02-15 05:00,5.9,5.6,0.3,0.129
2026-02-15 06:00,8.4,7.5,0.9,0.238
2026-02-15 07:00,7.7,6.8,0.9,2.266
2026-02-15 08:00,7.1,6.3,0.8,4.52
2026-02-15 09:00,6.0,5.4,0.6,6.897
2026-02-15 10:00,5.7,5.1,0.6,9.476
2026-02-15 11:00,5.7,5.1,0.6,11.823
2026-02-15 12:00,4.8,4.4,0.5,12.939
2026-02-15 13:00,5.2,4.7,0.5,13.189
2026-02-15 14:00,5.0,4.6,0.4,12.447
2026-02-15 15:00,5.2,4.8,0.4,9.836
2026-02-15 16:00,5.7,5.2,0.5,6.672
2026-02-15 17:00,5.8,5.2,0.6,5.875
2026-02-15 18:00,6.0,5.4,0.6,5.402
2026-02-15 19:00,6.7,5.8,0.9,4.867
2026-02-15 20:00,6.7,5.8,0.9,4.448
2026-02-15 21:00,6.6,5.7,0.9,4.122
2026-02-15 22:00,4.0,3.4,0.5,3.741
2026-02-15 23:00,3.3,3.0,0.3,3.293
2026-02-16 00:00,3.0,2.8,0.2,2.827
2026-02-16 01:00,2.8,2.7,0.1,2.368
2026-02-16 02:00,3.1,3.1,0.0,1.999
2026-02-16 03:00,3.0,3.0,0.0,1.734
2026-02-16 04:00,3.4,3.3,0.1,1.435
2026-02-16 05:00,5.0,4.6,0.3,1.121
2026-02-16 06:00,8.0,7.1,0.9,0.892
2026-02-16 07:00,7.1,6.2,0.9,2.763
2026-02-16 08:00,6.1,5.3,0.8,4.971
2026-02-16 09:00,5.3,4.7,0.6,7.264
2026-02-16 10:00,5.1,4.5,0.6,9.838
2026-02-16 11:00,5.5,4.9,0.6,12.289
2026-02-16 12:00,4.9,4.4,0.5,13.868
2026-02-16 13:00,4.5,4.0,0.5,14.243
2026-02-16 14:00,4.7,4.2,0.5,13.698
2026-02-16 15:00,4.7,4.3,0.4,11.296
2026-02-16 16:00,5.3,4.8,0.5,8.7
2026-02-16 17:00,5.5,4.9,0.6,7.128
2026-02-16 18:00,6.6,5.9,0.7,5.662
2026-02-16 19:00,7.5,6.5,1.0,4.468
2026-02-16 20:00,7.3,6.3,1.0,3.575
2026-02-16 21:00,6.6,5.7,0.8,2.874
2026-02-16 22:00,4.3,3.8,0.5,2.305
2026-02-16 23:00,3.9,3.6,0.3,1.81
2026-02-17 00:00,4.3,4.1,0.2,1.378
2026-02-17 01:00,4.4,4.3,0.1,1.038
2026-02-17 02:00,4.7,4.6,0.1,0.949
2026-02-17 03:00,4.3,4.3,0.0,0.964
2026-02-17 04:00,4.9,4.8,0.1,1.115
2026-02-17 05:00,7.1,7.0,0.1,1.21
2026-02-17 06:00,9.5,9.4,0.1,1.16
2026-02-17 07:00,8.7,8.5,0.2,2.37
2026-02-17 08:00,8.4,7.8,0.6,4.056
2026-02-17 09:00,7.0,6.1,0.9,6.42
2026-02-17 10:00,6.6,5.6,1.0,9.183
2026-02-17 11:00,6.5,5.4,1.1,11.445
2026-02-17 12:00,6.4,5.4,1.0,12.836
2026-02-17 13:00,5.4,4.6,0.8,13.438
2026-02-17 14:00,5.5,4.7,0.8,13.049
2026-02-17 15:00,5.0,4.4,0.6,10.689
2026-02-17 16:00,5.8,5.2,0.6,7.414
2026-02-17 17:00,6.0,5.4,0.6,6.497
2026-02-17 18:00,7.0,6.3,0.7,5.961
2026-02-17 19:00,8.4,7.6,0.8,5.306
2026-02-17 20:00,8.2,7.5,0.7,4.757
2026-02-17 21:00,7.8,7.2,0.6,4.244
2026-02-17 22:00,4.7,4.3,0.4,3.643
2026-02-17 23:00,4.0,3.7,0.3,3.118
2026-02-18 00:00,3.8,3.6,0.2,2.682
2026-02-18 01:00,3.9,3.8,0.1,2.289
2026-02-18 02:00,4.0,3.9,0.1,1.929
2026-02-18 03:00,4.0,4.0,0.0,1.638
2026-02-18 04:00,4.9,4.8,0.1,1.457
2026-02-18 05:00,6.6,6.5,0.1,1.282
2026-02-18 06:00,10.1,10.0,0.1,1.232
2026-02-18 07:00,9.1,8.9,0.2,3.64
2026-02-18 08:00,8.2,7.7,0.5,6.161
2026-02-18 09:00,8.0,7.0,1.0,8.281
2026-02-18 10:00,8.2,7.1,1.1,10.634
2026-02-18 11:00,7.5,6.5,1.0,12.967
2026-02-18 12:00,7.9,6.9,1.0,14.095
2026-02-18 13:00,6.5,5.8,0.7,14.1
2026-02-18 14:00,7.0,6.4,0.7,13.242
2026-02-18 15:00,7.1,6.5,0.6,10.872
2026-02-18 16:00,7.1,6.5,0.6,7.474
2026-02-18 17:00,7.9,7.3,0.6,6.281
2026-02-18 18:00,8.1,7.4,0.7,5.752
2026-02-18 19:00,8.4,7.7,0.7,5.229
2026-02-18 20:00,8.6,7.9,0.7,4.741
2026-02-18 21:00,8.5,7.9,0.6,4.632
2026-02-18 22:00,4.6,4.1,0.5,4.494
2026-02-18 23:00,3.9,3.6,0.3,4.341
2026-02-19 00:00,3.5,3.3,0.2,4.126
2026-02-19 01:00,3.9,3.8,0.1,3.93
2026-02-19 02:00,3.6,3.6,0.0,3.891
2026-02-19 03:00,3.6,3.6,0.0,4.097
2026-02-19 04:00,4.1,4.0,0.1,4.515
2026-02-19 05:00,6.2,5.9,0.3,4.454
2026-02-19 06:00,8.9,8.0,0.9,4.433
2026-02-19 07:00,8.3,7.4,0.9,5.229
2026-02-19 08:00,7.5,6.7,0.8,6.198
2026-02-19 09:00,6.6,6.0,0.6,7.407
2026-02-19 10:00,6.4,5.8,0.6,8.643
2026-02-19 11:00,6.7,6.1,0.6,9.527
2026-02-19 12:00,5.9,5.4,0.5,9.963
2026-02-19 13:00,6.0,5.5,0.5,10.015
2026-02-19 14:00,5.5,5.1,0.4,9.618
2026-02-19 15:00,5.1,4.7,0.4,8.453
2026-02-19 16:00,6.2,5.7,0.5,5.788
2026-02-19 17:00,6.6,6.0,0.6,5.163
2026-02-19 18:00,7.0,6.3,0.7,5.102
2026-02-19 19:00,7.7,6.8,0.9,4.597
2026-02-19 20:00,7.9,7.0,0.9,3.947
2026-02-19 21:00,8.4,7.4,1.0,3.285
2026-02-19 22:00,4.6,4.1,0.5,2.983
2026-02-19 23:00,4.3,4.0,0.3,2.476
2026-02-20 00:00,4.4,4.2,0.2,1.931
2026-02-20 01:00,4.2,4.0,0.1,1.386
2026-02-20 02:00,3.8,3.8,0.0,1.025
2026-02-20 03:00,4.2,4.2,0.0,0.964
2026-02-20 04:00,4.4,4.3,0.1,1.117
2026-02-20 05:00,6.6,6.4,0.3,1.034
2026-02-20 06:00,10.3,9.4,0.9,1.147
2026-02-20 07:00,9.8,8.8,0.9,2.65
2026-02-20 08:00,8.6,7.8,0.8,4.246
2026-02-20 09:00,8.4,7.7,0.7,6.175
2026-02-20 10:00,8.2,7.6,0.6,7.943
2026-02-20 11:00,7.7,7.1,0.6,8.97
2026-02-20 12:00,7.1,6.6,0.5,9.547
2026-02-20 13:00,7.0,6.5,0.5,10.023
2026-02-20 14:00,7.3,6.8,0.5,9.93
2026-02-20 15:00,7.2,6.8,0.4,8.665
2026-02-20 16:00,7.4,7.0,0.5,6.3
2026-02-20 17:00,7.8,7.2,0.6,4.962
2026-02-20 18:00,8.5,7.8,0.7,4.142
2026-02-20 19:00,8.9,8.0,0.9,3.719
2026-02-20 20:00,9.5,8.6,0.9,3.515
2026-02-20 21:00,8.9,8.0,0.9,3.248
2026-02-20 22:00,5.5,5.0,0.5,2.947
2026-02-20 23:00,4.9,4.6,0.3,2.672
2026-02-21 00:00,4.7,4.5,0.2,2.435
2026-02-21 01:00,5.2,5.1,0.1,2.052
2026-02-21 02:00,4.7,4.7,0.0,2.198
2026-02-21 03:00,5.2,5.2,0.0,2.939
2026-02-21 04:00,5.8,5.7,0.1,3.388
2026-02-21 05:00,8.3,8.0,0.3,3.593
2026-02-21 06:00,12.5,11.6,0.9,3.482
2026-02-21 07:00,11.7,10.8,0.9,4.992
2026-02-21 08:00,10.6,9.8,0.8,6.585
2026-02-21 09:00,9.6,8.9,0.7,8.269
2026-02-21 10:00,8.0,7.5,0.5,10.37
2026-02-21 11:00,8.5,8.0,0.5,11.826
2026-02-21 12:00,8.0,7.5,0.5,12.449
2026-02-21 13:00,8.8,8.3,0.5,12.51
2026-02-21 14:00,7.7,7.2,0.5,11.84
2026-02-21 15:00,8.8,8.3,0.5,10.344
2026-02-21 16:00,8.4,7.9,0.5,8.947
2026-02-21 17:00,9.0,8.4,0.6,8.501
2026-02-21 18:00,9.3,8.6,0.7,8.344
2026-02-21 19:00,10.2,9.3,0.9,8.226
2026-02-21 20:00,10.0,9.2,0.9,7.899
2026-02-21 21:00,11.1,10.1,1.0,7.696
2026-02-21 22:00,6.1,5.6,0.5,7.475
2026-02-21 23:00,5.5,5.2,0.3,7.318
2026-02-22 00:00,5.4,5.2,0.2,7.214
2026-02-22 01:00,5.3,5.2,0.1,7.181
2026-02-22 02:00,5.6,5.6,0.0,7.088
2026-02-22 03:00,5.6,5.6,0.0,6.91
2026-02-22 04:00,6.6,6.5,0.1,6.443
2026-02-22 05:00,9.4,9.1,0.3,6.264
2026-02-22 06:00,12.7,11.8,0.9,6.268
2026-02-22 07:00,12.1,11.2,0.9,6.889
2026-02-22 08:00,9.5,8.8,0.7,7.656
2026-02-22 09:00,9.1,8.5,0.6,9.115
2026-02-22 10:00,9.0,8.4,0.6,10.264
2026-02-22 11:00,7.8,7.3,0.5,11.146
2026-02-22 12:00,8.0,7.5,0.5,11.927
2026-02-22 13:00,7.5,7.0,0.5,12.376
2026-02-22 14:00,7.2,6.8,0.4,12.235
2026-02-22 15:00,7.2,6.8,0.4,11.323
2026-02-22 16:00,7.4,7.0,0.4,8.311
2026-02-22 17:00,8.6,8.0,0.6,6.735
2026-02-22 18:00,9.4,8.7,0.7,6.023
2026-02-22 19:00,10.8,9.9,0.9,5.332
2026-02-22 20:00,10.4,9.5,0.9,4.648
2026-02-22 21:00,10.3,9.4,0.9,4.122
2026-02-22 22:00,6.2,5.7,0.5,3.828
2026-02-22 23:00,5.4,5.1,0.3,3.378
2026-02-23 00:00,5.3,5.1,0.2,2.693
2026-02-23 01:00,5.4,5.3,0.1,2.063
2026-02-23 02:00,5.1,5.1,0.0,1.595
2026-02-23 03:00,5.2,5.2,0.0,1.144
2026-02-23 04:00,5.7,5.6,0.1,0.576
2026-02-23 05:00,8.7,8.4,0.3,0.025
2026-02-23 06:00,11.8,10.9,0.9,-0.284
2026-02-23 07:00,10.9,10.0,0.9,0.838
2026-02-23 08:00,9.8,9.0,0.8,3.061
2026-02-23 09:00,9.0,8.3,0.7,5.718
2026-02-23 10:00,8.2,7.6,0.6,7.425
2026-02-23 11:00,7.5,7.0,0.5,8.628
2026-02-23 12:00,7.3,6.8,0.5,9.316
2026-02-23 13:00,6.8,6.3,0.5,9.459
2026-02-23 14:00,6.6,6.2,0.4,9.031
2026-02-23 15:00,6.8,6.4,0.4,7.715
2026-02-23 16:00,7.0,6.6,0.4,4.727
2026-02-23 17:00,8.0,7.4,0.6,3.478
2026-02-23 18:00,8.7,8.0,0.7,3.169
2026-02-23 19:00,9.5,8.6,0.9,2.668
2026-02-23 20:00,9.8,8.8,1.0,2.166
2026-02-23 21:00,9.4,8.5,0.9,1.746
2026-02-23 22:00,5.3,4.8,0.5,1.357
2026-02-23 23:00,4.4,4.1,0.3,0.952
2026-02-24 00:00,3.7,3.5,0.2,0.55
2026-02-24 01:00,4.0,3.9,0.1,0.171
2026-02-24 02:00,4.0,3.9,0.1,-0.159
2026-02-24 03:00,4.5,4.5,0.0,-0.408
2026-02-24 04:00,4.9,4.8,0.1,-0.611
2026-02-24 05:00,7.2,7.0,0.1,-0.808
2026-02-24 06:00,9.8,9.7,0.1,-0.727
2026-02-24 07:00,9.1,8.9,0.2,0.997
2026-02-24 08:00,7.9,7.4,0.5,3.28
2026-02-24 09:00,8.3,7.3,1.0,6.267
2026-02-24 10:00,8.3,7.2,1.1,8.961
2026-02-24 11:00,7.9,6.8,1.1,10.86
2026-02-24 12:00,7.8,6.8,1.0,12.081
2026-02-24 13:00,7.4,6.6,0.8,12.72
2026-02-24 14:00,6.8,6.1,0.7,12.515
2026-02-24 15:00,7.0,6.4,0.6,10.968
2026-02-24 16:00,7.8,7.2,0.6,7.604
2026-02-24 17:00,7.4,6.8,0.6,5.863
2026-02-24 18:00,7.4,6.8,0.6,5.095
2026-02-24 19:00,8.0,7.3,0.7,4.485
2026-02-24 20:00,8.6,7.9,0.7,3.984
2026-02-24 21:00,8.0,7.4,0.6,3.491
2026-02-24 22:00,4.8,4.3,0.5,3.081
2026-02-24 23:00,4.3,4.0,0.3,2.726
2026-02-25 00:00,3.7,3.5,0.2,2.238
2026-02-25 01:00,3.8,3.6,0.1,1.659
2026-02-25 02:00,3.7,3.6,0.1,1.155
2026-02-25 03:00,4.0,4.0,0.0,0.808
2026-02-25 04:00,4.1,4.0,0.1,0.561
2026-02-25 05:00,6.3,6.2,0.1,0.282
2026-02-25 06:00,8.0,7.9,0.1,0.427
2026-02-25 07:00,7.7,7.5,0.2,3.579
2026-02-25 08:00,7.1,6.6,0.5,6.292
2026-02-25 09:00,7.1,6.1,1.0,8.534
2026-02-25 10:00,6.6,5.6,1.0,11.272
2026-02-25 11:00,6.5,5.5,1.0,13.766
2026-02-25 12:00,6.4,5.4,1.0,14.878
2026-02-25 13:00,6.0,5.2,0.8,15.258
2026-02-25 14:00,6.0,5.3,0.7,14.969
2026-02-25 15:00,5.8,5.2,0.6,13.361
2026-02-25 16:00,5.8,5.3,0.5,10.741
2026-02-25 17:00,6.6,6.0,0.6,9.831
2026-02-25 18:00,6.9,6.2,0.7,9.436
2026-02-25 19:00,7.5,6.7,0.8,8.688
2026-02-25 20:00,7.6,6.9,0.7,7.832
2026-02-25 21:00,6.8,6.2,0.6,6.967
2026-02-25 22:00,4.2,3.7,0.5,6.269
2026-02-25 23:00,3.6,3.3,0.3,5.674
2026-02-26 00:00,3.0,2.8,0.2,5.065
2026-02-26 01:00,2.9,2.8,0.1,4.482
2026-02-26 02:00,3.1,3.1,0.0,4.08
2026-02-26 03:00,2.8,2.8,0.0,3.779
2026-02-26 04:00,3.3,3.2,0.1,3.659
2026-02-26 05:00,5.4,5.1,0.3,3.95
2026-02-26 06:00,7.5,6.6,0.9,4.701
2026-02-26 07:00,6.7,5.8,0.8,6.942
2026-02-26 08:00,6.1,5.3,0.8,9.567
2026-02-26 09:00,5.5,5.0,0.6,11.405
2026-02-26 10:00,5.4,4.8,0.6,13.628
2026-02-26 11:00,4.7,4.2,0.5,15.795
2026-02-26 12:00,4.5,4.0,0.5,17.059
2026-02-26 13:00,4.5,4.0,0.5,17.306
2026-02-26 14:00,4.5,4.0,0.4,16.978
2026-02-26 15:00,4.6,4.2,0.4,15.556
2026-02-26 16:00,5.4,4.9,0.5,12.993
2026-02-26 17:00,5.8,5.2,0.6,11.173
2026-02-26 18:00,6.0,5.3,0.7,10.014
2026-02-26 19:00,6.4,5.5,0.9,8.92
2026-02-26 20:00,6.2,5.4,0.9,7.763
2026-02-26 21:00,5.9,5.0,0.9,6.698
2026-02-26 22:00,3.5,3.0,0.5,5.887
2026-02-26 23:00,3.3,3.0,0.3,5.201
2026-02-27 00:00,3.1,2.9,0.2,4.575
2026-02-27 01:00,2.9,2.8,0.1,4.068
2026-02-27 02:00,2.8,2.8,0.0,3.714
2026-02-27 03:00,3.1,3.1,0.0,3.416
2026-02-27 04:00,3.6,3.5,0.1,3.124
2026-02-27 05:00,5.3,5.0,0.3,2.856
2026-02-27 06:00,8.3,7.4,0.9,3.082
2026-02-27 07:00,7.2,6.3,0.9,6.317
2026-02-27 08:00,6.8,6.0,0.8,8.959
2026-02-27 09:00,5.8,5.2,0.6,11.224
2026-02-27 10:00,5.9,5.3,0.6,13.84
2026-02-27 11:00,5.4,4.9,0.5,16.627
2026-02-27 12:00,5.4,4.9,0.5,17.907
2026-02-27 13:00,5.4,4.9,0.5,18.33
2026-02-27 14:00,4.9,4.5,0.4,18.094
2026-02-27 15:00,5.6,5.2,0.4,16.578
2026-02-27 16:00,6.1,5.6,0.5,13.718
2026-02-27 17:00,6.0,5.4,0.6,11.051
2026-02-27 18:00,6.4,5.7,0.7,9.224
2026-02-27 19:00,7.0,6.1,0.9,8.215
2026-02-27 20:00,7.1,6.2,0.9,7.475
2026-02-27 21:00,7.0,6.0,0.9,6.614
2026-02-27 22:00,4.3,3.8,0.5,5.69
2026-02-27 23:00,3.5,3.2,0.3,4.928
2026-02-28 00:00,3.4,3.2,0.2,4.373
2026-02-28 01:00,3.3,3.2,0.1,3.948
2026-02-28 02:00,3.6,3.6,0.0,3.612
2026-02-28 03:00,3.3,3.3,0.0,3.354
2026-02-28 04:00,4.3,4.2,0.1,3.098
2026-02-28 05:00,6.2,5.9,0.3,2.887
2026-02-28 06:00,9.2,8.3,0.9,3.082
2026-02-28 07:00,8.2,7.3,0.9,5.404
2026-02-28 08:00,7.2,6.4,0.8,7.627
2026-02-28 09:00,6.7,6.1,0.6,10.221
2026-02-28 10:00,6.1,5.5,0.6,11.68
2026-02-28 11:00,6.1,5.6,0.5,12.642
2026-02-28 12:00,5.7,5.2,0.5,13.538
2026-02-28 13:00,5.5,5.0,0.5,13.646
2026-02-28 14:00,5.2,4.8,0.4,13.015
2026-02-28 15:00,5.6,5.2,0.4,11.808
2026-02-28 16:00,6.3,5.8,0.5,10.309
2026-02-28 17:00,6.6,6.0,0.6,9.274
2026-02-28 18:00,7.0,6.3,0.7,8.451
2026-02-28 19:00,7.7,6.8,0.9,7.959
2026-02-28 20:00,7.9,7.0,0.9,7.623
2026-02-28 21:00,8.1,7.2,0.9,7.561
2026-02-28 22:00,4.9,4.4,0.5,7.583
2026-02-28 23:00,3.9,3.6,0.3,7.507
2026-03-01 00:00,4.2,4.0,0.2,7.539
2026-03-01 01:00,3.9,3.8,0.1,7.638
2026-03-01 02:00,4.0,4.0,0.0,7.663
2026-03-01 03:00,4.1,4.0,0.0,7.563
2026-03-01 04:00,4.4,4.3,0.1,7.423
2026-03-01 05:00,5.8,5.5,0.3,7.22
2026-03-01 06:00,8.4,7.5,0.9,6.951
2026-03-01 07:00,8.0,7.1,0.9,6.981
2026-03-01 08:00,6.3,5.5,0.8,7.053
2026-03-01 09:00,5.2,4.6,0.6,7.061
2026-03-01 10:00,4.4,3.8,0.6,7.024
2026-03-01 11:00,4.0,3.5,0.5,7.095
2026-03-01 12:00,3.4,2.9,0.5,7.165
2026-03-01 13:00,3.3,2.8,0.5,7.134
2026-03-01 14:00,2.8,2.4,0.4,7.045
2026-03-01 15:00,3.1,2.7,0.4,6.783
2026-03-01 16:00,3.3,2.8,0.5,6.22
2026-03-01 17:00,4.3,3.7,0.6,5.574
2026-03-01 18:00,4.9,4.2,0.7,4.992
2026-03-01 19:00,5.8,5.0,0.9,4.398
2026-03-01 20:00,6.1,5.2,0.9,4.098
2026-03-01 21:00,5.9,5.0,0.9,3.876
2026-03-01 22:00,3.6,3.1,0.5,3.662
2026-03-01 23:00,3.6,3.3,0.3,3.327
2026-03-02 00:00,3.6,3.4,0.2,3.109
2026-03-02 01:00,3.3,3.2,0.1,2.985
2026-03-02 02:00,3.4,3.4,0.0,2.702
2026-03-02 03:00,3.4,3.4,0.0,2.456
2026-03-02 04:00,3.7,3.6,0.1,2.399
2026-03-02 05:00,5.2,4.9,0.3,2.13
2026-03-02 06:00,7.1,6.2,0.9,2.623
2026-03-02 07:00,6.4,5.5,0.9,4.244
2026-03-02 08:00,4.6,3.8,0.8,5.693
2026-03-02 09:00,4.2,3.6,0.7,7.569
2026-03-02 10:00,3.5,2.9,0.6,9.057
2026-03-02 11:00,3.1,2.6,0.5,10.171
2026-03-02 12:00,2.6,2.1,0.5,10.939
2026-03-02 13:00,2.4,1.9,0.5,11.356
2026-03-02 14:00,2.0,1.6,0.4,11.245
2026-03-02 15:00,2.1,1.7,0.4,10.396
2026-03-02 16:00,2.3,1.9,0.4,8.977
2026-03-02 17:00,3.1,2.5,0.6,8.196
2026-03-02 18:00,3.8,3.1,0.7,7.885
2026-03-02 19:00,4.5,3.6,0.9,7.578
2026-03-02 20:00,4.5,3.6,0.9,7.088
2026-03-02 21:00,4.4,3.5,0.8,6.172
2026-03-02 22:00,2.6,2.1,0.5,6.236
2026-03-02 23:00,2.7,2.4,0.3,6.579
2026-03-03 00:00,2.4,2.2,0.2,6.627
2026-03-03 01:00,2.6,2.4,0.1,6.796
2026-03-03 02:00,2.4,2.4,0.1,6.866
2026-03-03 03:00,2.5,2.5,0.0,6.786
2026-03-03 04:00,2.6,2.5,0.1,6.7
2026-03-03 05:00,3.9,3.8,0.1,6.668
2026-03-03 06:00,5.4,5.3,0.1,6.865
2026-03-03 07:00,5.1,4.9,0.2,7.499
2026-03-03 08:00,4.2,3.6,0.5,8.134
2026-03-03 09:00,3.9,2.9,1.0,8.605
2026-03-03 10:00,3.3,2.4,1.0,9.156
2026-03-03 11:00,3.0,1.9,1.1,9.758
2026-03-03 12:00,2.5,1.6,0.9,10.406
2026-03-03 13:00,2.1,1.4,0.7,11.109
2026-03-03 14:00,2.1,1.4,0.7,11.341
2026-03-03 15:00,2.1,1.5,0.6,11.164
2026-03-03 16:00,2.5,1.9,0.6,10.408
2026-03-03 17:00,3.1,2.5,0.6,9.778
2026-03-03 18:00,3.7,3.0,0.7,9.549
2026-03-03 19:00,4.2,3.4,0.8,9.284
2026-03-03 20:00,4.4,3.7,0.7,9.344
2026-03-03 21:00,4.7,4.1,0.6,9.406
2026-03-03 22:00,3.1,2.6,0.5,9.463
2026-03-03 23:00,3.2,2.9,0.3,9.346
2026-03-04 00:00,3.2,3.0,0.2,9.39
2026-03-04 01:00,3.1,3.0,0.1,9.637
2026-03-04 02:00,3.2,3.1,0.1,9.351
2026-03-04 03:00,3.0,3.0,0.0,8.605
2026-03-04 04:00,3.9,3.8,0.1,8.481
2026-03-04 05:00,5.4,5.4,0.1,8.449
2026-03-04 06:00,7.4,7.3,0.1,8.657
2026-03-04 07:00,6.7,6.5,0.2,9.547
2026-03-04 08:00,5.9,5.4,0.5,10.016
2026-03-04 09:00,5.8,4.9,0.9,9.969
2026-03-04 10:00,5.8,4.8,1.0,9.728
2026-03-04 11:00,5.7,4.6,1.1,8.784
2026-03-04 12:00,5.3,4.4,0.9,7.874
2026-03-04 13:00,5.1,4.4,0.7,7.67
2026-03-04 14:00,5.6,4.9,0.7,7.948
2026-03-04 15:00,6.0,5.4,0.6,7.621
2026-03-04 16:00,6.2,5.6,0.6,6.615
2026-03-04 17:00,7.2,6.5,0.7,5.539
2026-03-04 18:00,7.3,6.6,0.7,5.117
2026-03-04 19:00,7.7,6.9,0.8,4.994
2026-03-04 20:00,7.7,7.0,0.7,4.888
2026-03-04 21:00,6.9,6.3,0.6,4.787
2026-03-04 22:00,4.0,3.6,0.4,4.355
2026-03-04 23:00,3.8,3.5,0.3,3.92
2026-03-05 00:00,3.7,3.5,0.2,3.869
2026-03-05 01:00,3.5,3.4,0.1,4.021
2026-03-05 02:00,4.0,4.0,0.0,4.079
2026-03-05 03:00,3.9,3.9,0.0,3.917
2026-03-05 04:00,4.3,4.2,0.1,3.834
2026-03-05 05:00,6.8,6.5,0.3,3.949
2026-03-05 06:00,8.6,7.8,0.8,3.985
2026-03-05 07:00,9.3,8.4,0.9,4.595
2026-03-05 08:00,7.3,6.5,0.8,5.074
2026-03-05 09:00,6.8,6.2,0.6,5.087
2026-03-05 10:00,7.3,6.7,0.6,5.207
2026-03-05 11:00,6.6,6.0,0.6,6.458
2026-03-05 12:00,5.9,5.4,0.5,7.81
2026-03-05 13:00,6.1,5.6,0.5,8.47
2026-03-05 14:00,5.6,5.2,0.4,8.477
2026-03-05 15:00,6.1,5.7,0.4,8.091
2026-03-05 16:00,6.0,5.6,0.4,6.474
2026-03-05 17:00,7.7,7.0,0.7,5.065
2026-03-05 18:00,8.4,7.7,0.7,4.857
2026-03-05 19:00,9.3,8.4,0.9,4.666
2026-03-05 20:00,9.1,8.2,0.9,4.472
2026-03-05 21:00,9.1,8.2,0.9,3.601
2026-03-05 22:00,6.1,5.6,0.5,3.72
2026-03-05 23:00,5.2,5.0,0.3,4.38
2026-03-06 00:00,5.1,4.9,0.2,5.044
2026-03-06 01:00,5.2,5.1,0.1,5.22
2026-03-06 02:00,5.0,5.0,0.0,5.062
2026-03-06 03:00,5.2,5.2,0.0,4.778
2026-03-06 04:00,6.3,6.2,0.1,4.615
2026-03-06 05:00,8.2,7.9,0.3,4.444
2026-03-06 06:00,11.1,10.2,0.8,4.446
2026-03-06 07:00,9.8,8.9,0.9,5.216
2026-03-06 08:00,8.5,7.7,0.8,6.127
2026-03-06 09:00,7.0,6.4,0.6,7.253
2026-03-06 10:00,6.5,5.9,0.6,8.752
2026-03-06 11:00,5.9,5.4,0.5,10.639
2026-03-06 12:00,6.5,6.0,0.6,11.778
2026-03-06 13:00,5.7,5.2,0.5,12.054
2026-03-06 14:00,5.4,5.0,0.4,11.738
2026-03-06 15:00,5.3,5.0,0.4,11.331
2026-03-06 16:00,5.7,5.2,0.5,10.959
2026-03-06 17:00,6.9,6.3,0.6,10.565
2026-03-06 18:00,6.9,6.3,0.6,10.376
2026-03-06 19:00,8.9,8.0,0.9,10.182
2026-03-06 20:00,8.9,8.0,1.0,9.944
2026-03-06 21:00,8.9,8.0,0.9,9.816
2026-03-06 22:00,5.0,4.5,0.5,9.867
2026-03-06 23:00,5.0,4.7,0.3,10.053
2026-03-07 00:00,5.0,4.8,0.2,10.168
2026-03-07 01:00,4.5,4.4,0.1,9.842
2026-03-07 02:00,4.6,4.6,0.0,9.471
2026-03-07 03:00,4.9,4.9,0.0,9.373
2026-03-07 04:00,5.9,5.8,0.1,9.701
2026-03-07 05:00,8.2,7.9,0.3,9.484
2026-03-07 06:00,11.1,10.3,0.8,8.818
2026-03-07 07:00,10.1,9.2,0.9,8.281
2026-03-07 08:00,8.4,7.6,0.8,8.532
2026-03-07 09:00,7.6,7.0,0.7,9.067
2026-03-07 10:00,7.3,6.7,0.6,9.929
2026-03-07 11:00,6.1,5.6,0.5,10.524
2026-03-07 12:00,5.8,5.3,0.5,10.748
2026-03-07 13:00,5.6,5.1,0.5,10.56
2026-03-07 14:00,6.0,5.5,0.5,10.109
2026-03-07 15:00,5.7,5.3,0.4,9.349
2026-03-07 16:00,6.1,5.7,0.4,8.183
2026-03-07 17:00,7.2,6.6,0.6,7.174
2026-03-07 18:00,8.1,7.4,0.7,6.764
2026-03-07 19:00,9.0,8.1,0.9,6.524
2026-03-07 20:00,8.8,7.9,0.9,6.284
2026-03-07 21:00,9.0,8.1,0.9,6.078
2026-03-07 22:00,5.5,5.0,0.5,5.939
2026-03-07 23:00,4.7,4.4,0.3,5.876
2026-03-08 00:00,4.5,4.3,0.2,5.884
2026-03-08 01:00,4.1,4.0,0.1,5.877
2026-03-08 02:00,4.1,4.1,0.0,5.854
2026-03-08 03:00,4.3,4.3,0.0,5.697
2026-03-08 04:00,4.9,4.8,0.1,5.423
2026-03-08 05:00,7.1,6.8,0.3,5.171
2026-03-08 06:00,10.6,9.7,0.9,5.051
2026-03-08 07:00,9.9,9.0,0.9,5.469
2026-03-08 08:00,7.7,7.0,0.7,6.595
2026-03-08 09:00,6.9,6.3,0.6,7.665
2026-03-08 10:00,6.4,5.9,0.5,8.284
2026-03-08 11:00,6.4,5.9,0.5,8.745
2026-03-08 12:00,5.9,5.4,0.5,9.087
2026-03-08 13:00,5.8,5.3,0.5,9.259
2026-03-08 14:00,5.8,5.4,0.4,9.132
2026-03-08 15:00,5.8,5.4,0.4,8.681
2026-03-08 16:00,6.4,6.0,0.5,7.344
2026-03-08 17:00,6.7,6.1,0.6,6.458
2026-03-08 18:00,8.1,7.4,0.7,6.685
2026-03-08 19:00,7.7,6.9,0.8,6.456
2026-03-08 20:00,8.5,7.6,0.9,6.061
2026-03-08 21:00,8.4,7.5,0.9,5.837
2026-03-08 22:00,4.9,4.4,0.5,5.631
2026-03-08 23:00,4.4,4.1,0.3,5.451
2026-03-09 00:00,4.0,3.8,0.2,5.33
2026-03-09 01:00,4.2,4.1,0.1,5.264
2026-03-09 02:00,3.8,3.8,0.0,5.635
2026-03-09 03:00,4.1,4.1,0.0,6.21
2026-03-09 04:00,4.8,4.7,0.1,6.726
2026-03-09 05:00,7.1,6.8,0.3,7.224
2026-03-09 06:00,9.2,8.3,0.8,7.722
2026-03-09 07:00,8.7,7.8,0.9,8.504
2026-03-09 08:00,7.7,6.9,0.8,9.513
2026-03-09 09:00,7.0,6.4,0.6,10.165
2026-03-09 10:00,6.3,5.8,0.5,10.19
2026-03-09 11:00,6.3,5.8,0.5,10.679
2026-03-09 12:00,6.4,5.9,0.5,11.398
2026-03-09 13:00,6.1,5.6,0.5,11.778
2026-03-09 14:00,5.9,5.5,0.4,11.514
2026-03-09 15:00,6.2,5.8,0.4,10.852
2026-03-09 16:00,6.2,5.7,0.5,9.82
2026-03-09 17:00,5.8,5.3,0.5,8.935
2026-03-09 18:00,6.9,6.2,0.7,8.324
2026-03-09 19:00,7.1,6.3,0.8,7.866
2026-03-09 20:00,7.3,6.4,0.9,7.643
2026-03-09 21:00,6.9,6.1,0.8,7.473
2026-03-09 22:00,4.5,4.0,0.5,7.179
2026-03-09 23:00,3.7,3.4,0.3,6.79
2026-03-10 00:00,3.0,2.8,0.2,6.201
2026-03-10 01:00,3.2,3.1,0.1,5.61
2026-03-10 02:00,3.4,3.3,0.1,5.36
2026-03-10 03:00,3.4,3.4,0.0,5.038
2026-03-10 04:00,3.7,3.6,0.1,5.049
2026-03-10 05:00,4.9,4.8,0.1,4.849
2026-03-10 06:00,6.5,6.4,0.1,4.585
2026-03-10 07:00,6.2,6.0,0.2,5.6
2026-03-10 08:00,5.8,5.3,0.5,8.566
2026-03-10 09:00,5.5,4.6,0.9,11.124
2026-03-10 10:00,5.2,4.2,1.0,12.112
2026-03-10 11:00,5.0,3.9,1.1,11.793
2026-03-10 12:00,4.5,3.6,1.0,11.418
2026-03-10 13:00,4.2,3.4,0.8,10.355
2026-03-10 14:00,4.1,3.4,0.7,8.622
2026-03-10 15:00,3.8,3.2,0.6,7.307
2026-03-10 16:00,4.2,3.6,0.6,6.468
2026-03-10 17:00,4.4,3.8,0.6,5.892
2026-03-10 18:00,5.1,4.4,0.7,4.928
2026-03-10 19:00,5.5,4.7,0.8,3.939
2026-03-10 20:00,5.3,4.6,0.7,3.35
2026-03-10 21:00,5.4,4.8,0.6,3.08
2026-03-10 22:00,3.4,2.9,0.5,3.126
2026-03-10 23:00,2.8,2.5,0.3,3.231
2026-03-11 00:00,2.6,2.4,0.2,3.056
2026-03-11 01:00,2.1,2.0,0.1,2.865
2026-03-11 02:00,2.3,2.2,0.1,2.715
2026-03-11 03:00,2.2,2.2,0.0,2.55
2026-03-11 04:00,2.5,2.4,0.1,2.294
2026-03-11 05:00,3.6,3.5,0.1,1.85
2026-03-11 06:00,4.9,4.8,0.1,1.71
2026-03-11 07:00,4.5,4.3,0.2,1.878
2026-03-11 08:00,4.3,3.8,0.5,1.659
2026-03-11 09:00,4.3,3.4,1.0,2.117
2026-03-11 10:00,4.2,3.2,1.0,3.517
2026-03-11 11:00,3.6,2.5,1.1,5.079
2026-03-11 12:00,3.2,2.2,1.0,6.223
2026-03-11 13:00,2.7,2.0,0.7,6.418
2026-03-11 14:00,2.9,2.2,0.7,6.1
2026-03-11 15:00,3.1,2.5,0.6,5.504
2026-03-11 16:00,3.2,2.7,0.5,4.938
2026-03-11 17:00,3.7,3.1,0.6,4.423
2026-03-11 18:00,3.9,3.3,0.6,4.109
2026-03-11 19:00,4.9,4.1,0.8,3.795
2026-03-11 20:00,5.0,4.3,0.7,3.447
2026-03-11 21:00,4.8,4.2,0.6,3.009
2026-03-11 22:00,3.1,2.7,0.4,2.075
2026-03-11 23:00,2.8,2.5,0.3,0.7
2026-03-12 00:00,3.0,2.8,0.2,0.506
2026-03-12 01:00,2.8,2.7,0.1,0.678
2026-03-12 02:00,2.7,2.7,0.0,0.881
2026-03-12 03:00,2.8,2.8,0.0,0.999
2026-03-12 04:00,3.2,3.1,0.1,0.989
2026-03-12 05:00,4.7,4.4,0.3,1.159
2026-03-12 06:00,6.5,5.7,0.8,1.48
2026-03-12 07:00,6.3,5.4,0.9,2.496
2026-03-12 08:00,5.0,4.3,0.7,4.134
2026-03-12 09:00,4.8,4.2,0.6,5.621
2026-03-12 10:00,4.5,3.9,0.6,6.43
2026-03-12 11:00,4.0,3.6,0.5,7.077
2026-03-12 12:00,4.1,3.6,0.5,7.844
2026-03-12 13:00,3.8,3.4,0.4,8.366
2026-03-12 14:00,3.9,3.5,0.4,8.504
2026-03-12 15:00,4.0,3.6,0.4,7.94
2026-03-12 16:00,4.7,4.3,0.4,7.214
2026-03-12 17:00,5.1,4.5,0.6,6.822
2026-03-12 18:00,5.6,5.0,0.6,6.728
2026-03-12 19:00,6.4,5.5,0.9,6.567
2026-03-12 20:00,5.5,4.7,0.8,6.228
2026-03-12 21:00,6.0,5.1,0.9,5.971
2026-03-12 22:00,3.5,3.0,0.5,4.849
2026-03-12 23:00,2.9,2.6,0.3,3.491
2026-03-13 00:00,2.9,2.6,0.2,2.625
2026-03-13 01:00,2.6,2.4,0.1,2.389
2026-03-13 02:00,2.7,2.7,0.0,2.71
2026-03-13 03:00,2.5,2.5,0.0,3.444
2026-03-13 04:00,2.9,2.8,0.1,3.734
2026-03-13 05:00,4.6,4.3,0.3,3.555
2026-03-13 06:00,6.8,5.9,0.9,3.771
2026-03-13 07:00,6.3,5.4,0.9,4.777
2026-03-13 08:00,6.2,5.4,0.8,5.85
2026-03-13 09:00,5.4,4.6,0.7,6.584
2026-03-13 10:00,4.4,3.9,0.5,6.673
2026-03-13 11:00,4.3,3.8,0.5,6.527
2026-03-13 12:00,4.3,3.8,0.5,6.906
2026-03-13 13:00,4.1,3.6,0.5,7.192
2026-03-13 14:00,3.9,3.5,0.4,7.171
2026-03-13 15:00,3.9,3.5,0.4,6.791
2026-03-13 16:00,4.4,3.9,0.5,6.295
2026-03-13 17:00,4.9,4.3,0.6,5.877
2026-03-13 18:00,5.4,4.7,0.7,5.621
2026-03-13 19:00,6.1,5.2,0.9,5.272
2026-03-13 20:00,6.1,5.2,0.9,4.956
2026-03-13 21:00,6.6,5.7,0.9,4.586
2026-03-13 22:00,4.1,3.6,0.5,4.49
2026-03-13 23:00,3.5,3.2,0.3,4.41
2026-03-14 00:00,3.4,3.2,0.2,4.579
2026-03-14 01:00,3.1,3.0,0.1,4.744
2026-03-14 02:00,3.2,3.2,0.0,4.718
2026-03-14 03:00,3.1,3.1,0.0,4.501
2026-03-14 04:00,3.9,3.8,0.1,4.324
2026-03-14 05:00,5.9,5.6,0.3,4.334
2026-03-14 06:00,7.6,6.8,0.8,4.431
2026-03-14 07:00,7.4,6.5,0.9,4.576
2026-03-14 08:00,6.2,5.4,0.8,4.619
2026-03-14 09:00,5.8,5.2,0.6,4.55
2026-03-14 10:00,5.7,5.1,0.6,4.867
2026-03-14 11:00,5.5,5.0,0.5,5.616
2026-03-14 12:00,4.9,4.4,0.5,6.331
2026-03-14 13:00,4.7,4.3,0.4,7.267
2026-03-14 14:00,4.9,4.4,0.5,8.58
2026-03-14 15:00,4.9,4.5,0.4,9.379
2026-03-14 16:00,4.8,4.4,0.4,8.748
2026-03-14 17:00,5.5,4.9,0.6,7.318
2026-03-14 18:00,6.2,5.5,0.7,6.2
2026-03-14 19:00,6.8,5.9,0.9,5.322
2026-03-14 20:00,6.6,5.7,0.9,4.839
2026-03-14 21:00,6.9,6.0,0.9,4.918
2026-03-14 22:00,4.3,3.8,0.5,5.063
2026-03-14 23:00,3.9,3.6,0.3,5.212
2026-03-15 00:00,3.5,3.3,0.2,5.351
2026-03-15 01:00,3.3,3.2,0.1,5.288
2026-03-15 02:00,3.3,3.3,0.0,5.315
2026-03-15 03:00,3.1,3.1,0.0,5.047
2026-03-15 04:00,3.4,3.3,0.1,4.874
2026-03-15 05:00,5.2,4.9,0.3,4.687
2026-03-15 06:00,7.5,6.7,0.8,4.623
2026-03-15 07:00,7.4,6.5,0.9,5.014
2026-03-15 08:00,6.3,5.5,0.8,6.668
2026-03-15 09:00,6.2,5.5,0.7,8.81
2026-03-15 10:00,5.4,4.8,0.6,9.958
2026-03-15 11:00,5.3,4.8,0.5,10.611
2026-03-15 12:00,4.9,4.4,0.5,11.188
2026-03-15 13:00,4.8,4.3,0.5,11.709
2026-03-15 14:00,4.1,3.7,0.4,11.828
2026-03-15 15:00,4.5,4.1,0.4,11.397
2026-03-15 16:00,5.1,4.6,0.5,10.943
2026-03-15 17:00,6.0,5.4,0.6,10.563
2026-03-15 18:00,5.7,5.1,0.6,10.397
2026-03-15 19:00,6.9,6.0,0.9,10.204
2026-03-15 20:00,6.9,6.0,0.9,9.915
2026-03-15 21:00,6.7,5.8,0.9,9.513
2026-03-15 22:00,3.8,3.3,0.5,9.046
2026-03-15 23:00,3.4,3.1,0.3,8.665
2026-03-16 00:00,3.4,3.2,0.2,8.324
2026-03-16 01:00,3.1,3.0,0.1,8.08
2026-03-16 02:00,2.9,2.9,0.0,7.832
2026-03-16 03:00,3.4,3.4,0.0,7.491
2026-03-16 04:00,3.7,3.6,0.1,7.172
2026-03-16 05:00,5.6,5.3,0.3,7.398
2026-03-16 06:00,7.8,6.9,0.9,7.998
2026-03-16 07:00,7.5,6.6,0.9,8.694
2026-03-16 08:00,5.9,5.2,0.7,9.199
2026-03-16 09:00,5.8,5.2,0.6,9.58
2026-03-16 10:00,5.8,5.2,0.6,10.314
2026-03-16 11:00,4.9,4.4,0.5,11.327
2026-03-16 12:00,5.0,4.5,0.5,11.987
2026-03-16 13:00,4.9,4.4,0.5,12.189
2026-03-16 14:00,4.8,4.4,0.4,11.704
2026-03-16 15:00,5.9,5.5,0.4,11.115
2026-03-16 16:00,5.8,5.3,0.5,10.288
2026-03-16 17:00,6.0,5.4,0.6,9.219
2026-03-16 18:00,6.0,5.4,0.6,8.531
2026-03-16 19:00,6.9,6.0,0.9,8.034
2026-03-16 20:00,7.0,6.1,0.9,7.578
2026-03-16 21:00,6.7,5.8,0.9,7.296
2026-03-16 22:00,4.3,3.8,0.5,7.155
2026-03-16 23:00,3.5,3.2,0.3,6.952
2026-03-17 00:00,3.4,3.2,0.2,6.757
2026-03-17 01:00,3.3,3.2,0.1,6.482
2026-03-17 02:00,3.2,3.1,0.1,6.24
2026-03-17 03:00,3.6,3.6,0.0,6.219
2026-03-17 04:00,3.9,3.8,0.1,6.261
2026-03-17 05:00,5.5,5.4,0.1,6.321
2026-03-17 06:00,7.8,7.7,0.1,6.644
2026-03-17 07:00,7.5,7.3,0.2,6.932
2026-03-17 08:00,6.3,5.8,0.5,7.326
2026-03-17 09:00,7.0,6.0,1.0,7.892
2026-03-17 10:00,6.3,5.3,1.0,8.553
2026-03-17 11:00,6.3,5.3,1.0,9.117
2026-03-17 12:00,6.2,5.2,1.0,9.25
2026-03-17 13:00,5.3,4.6,0.7,8.865
2026-03-17 14:00,5.6,4.9,0.7,8.316
2026-03-17 15:00,5.7,5.1,0.6,7.496
2026-03-17 16:00,5.2,4.7,0.5,6.339
2026-03-17 17:00,6.4,5.8,0.6,4.94
2026-03-17 18:00,7.3,6.6,0.7,3.938
2026-03-17 19:00,6.7,6.0,0.7,3.167
2026-03-17 20:00,7.3,6.6,0.7,2.626
2026-03-17 21:00,7.8,7.2,0.6,2.267
2026-03-17 22:00,4.7,4.3,0.4,2.077
2026-03-17 23:00,4.8,4.5,0.3,1.938
2026-03-18 00:00,4.3,4.1,0.2,1.749
2026-03-18 01:00,4.9,4.8,0.1,1.67
2026-03-18 02:00,4.5,4.4,0.1,1.803
2026-03-18 03:00,4.9,4.9,0.0,1.953
2026-03-18 04:00,4.7,4.6,0.1,2.181
2026-03-18 05:00,6.9,6.8,0.1,2.424
2026-03-18 06:00,9.3,9.2,0.1,2.795
2026-03-18 07:00,8.7,8.5,0.2,3.48
2026-03-18 08:00,8.1,7.6,0.5,4.609
2026-03-18 09:00,7.6,6.7,0.9,6.039
2026-03-18 10:00,6.8,5.9,1.0,7.092
2026-03-18 11:00,7.0,6.0,1.0,7.964
2026-03-18 12:00,6.5,5.6,0.9,8.449
2026-03-18 13:00,6.2,5.4,0.8,8.655
2026-03-18 14:00,6.1,5.4,0.7,8.612
2026-03-18 15:00,6.1,5.5,0.6,7.986
2026-03-18 16:00,6.7,6.1,0.6,6.662
2026-03-18 17:00,6.5,5.9,0.6,4.32
2026-03-18 18:00,7.7,7.0,0.7,2.805
2026-03-18 19:00,8.2,7.4,0.8,1.86
2026-03-18 20:00,8.6,7.9,0.7,1.008
2026-03-18 21:00,6.9,6.4,0.5,0.267
2026-03-18 22:00,4.5,4.1,0.4,-0.272
2026-03-18 23:00,3.9,3.6,0.3,-0.6
2026-03-19 00:00,4.1,3.9,0.2,-0.751
2026-03-19 01:00,3.9,3.8,0.1,-0.815
2026-03-19 02:00,3.9,3.9,0.0,-0.961
2026-03-19 03:00,4.2,4.2,0.0,-1.255
2026-03-19 04:00,4.6,4.5,0.1,-1.402
2026-03-19 05:00,7.1,6.8,0.3,-1.487
2026-03-19 06:00,9.8,8.9,0.9,0.005
2026-03-19 07:00,8.7,7.8,0.9,2.327
2026-03-19 08:00,7.2,6.4,0.8,5.331
2026-03-19 09:00,7.0,6.3,0.7,7.041
2026-03-19 10:00,6.0,5.4,0.6,8.196
2026-03-19 11:00,5.9,5.4,0.5,9.153
2026-03-19 12:00,5.3,4.8,0.5,9.836
2026-03-19 13:00,4.6,4.2,0.4,10.123
2026-03-19 14:00,5.5,5.1,0.4,9.952
2026-03-19 15:00,5.2,4.8,0.4,9.454
2026-03-19 16:00,5.5,5.1,0.4,8.09
2026-03-19 17:00,6.8,6.2,0.6,6.264
2026-03-19 18:00,6.9,6.2,0.7,5.929
2026-03-19 19:00,7.8,6.9,0.9,5.871
2026-03-19 20:00,8.1,7.2,0.9,5.275
2026-03-19 21:00,8.7,7.8,0.9,4.273
2026-03-19 22:00,5.1,4.6,0.5,3.467
2026-03-19 23:00,4.4,4.1,0.3,2.41
2026-03-20 00:00,4.2,4.0,0.2,1.516
2026-03-20 01:00,3.9,3.8,0.1,0.925
2026-03-20 02:00,4.0,4.0,0.0,0.487
2026-03-20 03:00,4.3,4.3,0.0,0.098
2026-03-20 04:00,4.4,4.3,0.1,-0.147
2026-03-20 05:00,7.1,6.8,0.3,-0.234
2026-03-20 06:00,9.6,8.7,0.8,2.214
2026-03-20 07:00,8.9,8.0,0.9,4.972
2026-03-20 08:00,7.1,6.4,0.7,7.363
2026-03-20 09:00,6.6,6.0,0.6,9.897
2026-03-20 10:00,5.8,5.3,0.5,11.284
2026-03-20 11:00,5.7,5.2,0.5,12.154
2026-03-20 12:00,5.3,4.8,0.5,12.771
2026-03-20 13:00,5.4,4.9,0.5,12.999
2026-03-20 14:00,4.8,4.4,0.4,12.849
2026-03-20 15:00,5.1,4.7,0.4,12.393
2026-03-20 16:00,5.4,5.0,0.4,11.308
2026-03-20 17:00,6.1,5.5,0.6,9.838
2026-03-20 18:00,6.7,6.0,0.7,9.538
2026-03-20 19:00,7.1,6.2,0.9,9.044
2026-03-20 20:00,7.5,6.6,0.9,8.466
2026-03-20 21:00,7.5,6.6,0.9,8.034
2026-03-20 22:00,4.0,3.5,0.5,7.642
2026-03-20 23:00,3.3,3.0,0.3,7.112
2026-03-21 00:00,2.8,2.6,0.2,6.503
2026-03-21 01:00,3.1,3.0,0.1,5.739
2026-03-21 02:00,2.9,2.9,0.0,4.811
2026-03-21 03:00,3.0,3.0,0.0,3.871
2026-03-21 04:00,3.5,3.4,0.1,3.085
2026-03-21 05:00,5.4,5.1,0.3,2.612
2026-03-21 06:00,7.2,6.4,0.8,4.506
2026-03-21 07:00,7.6,6.7,0.9,7.09
2026-03-21 08:00,6.4,5.6,0.8,9.59
2026-03-21 09:00,6.1,5.4,0.7,12.518
2026-03-21 10:00,5.5,4.9,0.6,13.848
2026-03-21 11:00,5.7,5.0,0.6,14.762
2026-03-21 12:00,4.8,4.3,0.5,15.448
2026-03-21 13:00,4.5,4.1,0.4,15.84
2026-03-21 14:00,4.4,4.0,0.4,15.837
2026-03-21 15:00,4.5,4.1,0.4,15.436
2026-03-21 16:00,4.7,4.3,0.4,14.099
2026-03-21 17:00,5.6,5.0,0.6,11.865
2026-03-21 18:00,5.8,5.2,0.6,10.527
2026-03-21 19:00,6.4,5.5,0.8,9.397
2026-03-21 20:00,6.7,5.8,0.9,8.356
2026-03-21 21:00,6.2,5.4,0.8,7.51
2026-03-21 22:00,4.0,3.5,0.5,6.826
2026-03-21 23:00,3.0,2.7,0.3,6.233
2026-03-22 00:00,3.5,3.3,0.2,5.753
2026-03-22 01:00,3.3,3.2,0.1,5.222
2026-03-22 02:00,3.1,3.1,0.0,4.711
2026-03-22 03:00,3.4,3.4,0.0,4.255
2026-03-22 04:00,3.7,3.6,0.1,3.813
2026-03-22 05:00,5.5,5.2,0.3,3.552
2026-03-22 06:00,7.6,6.8,0.8,5.818
2026-03-22 07:00,7.3,6.4,0.8,8.494
2026-03-22 08:00,6.8,6.0,0.8,10.62
2026-03-22 09:00,5.9,5.3,0.6,14.026
2026-03-22 10:00,5.7,5.0,0.6,16.128
2026-03-22 11:00,5.1,4.6,0.5,17.042
2026-03-22 12:00,5.1,4.6,0.5,17.613
2026-03-22 13:00,4.6,4.2,0.4,17.812
2026-03-22 14:00,4.8,4.4,0.4,17.592
2026-03-22 15:00,4.9,4.5,0.4,16.862
2026-03-22 16:00,5.0,4.6,0.4,14.807
2026-03-22 17:00,5.0,4.5,0.5,11.332
2026-03-22 18:00,5.7,5.1,0.6,9.902
2026-03-22 19:00,6.9,6.0,0.9,9.147
2026-03-22 20:00,6.7,5.8,0.9,8.436
2026-03-22 21:00,6.7,5.8,0.9,7.754
2026-03-22 22:00,3.7,3.2,0.5,7.02
2026-03-22 23:00,3.3,3.0,0.3,6.181
2026-03-23 00:00,2.9,2.7,0.2,5.231
2026-03-23 01:00,3.0,2.9,0.1,4.297
2026-03-23 02:00,2.8,2.8,0.0,3.527
2026-03-23 03:00,2.8,2.8,0.0,2.888
2026-03-23 04:00,3.4,3.4,0.1,2.929
2026-03-23 05:00,5.0,4.7,0.3,3.634
2026-03-23 06:00,7.4,6.5,0.9,4.443
2026-03-23 07:00,6.3,5.4,0.9,4.967
2026-03-23 08:00,5.5,4.7,0.8,5.868
2026-03-23 09:00,4.8,4.2,0.6,7.422
2026-03-23 10:00,4.6,4.0,0.6,8.996
2026-03-23 11:00,4.1,3.6,0.5,10.219
2026-03-23 12:00,3.9,3.4,0.5,10.693
2026-03-23 13:00,3.8,3.3,0.5,10.991
2026-03-23 14:00,3.1,2.7,0.4,11.004
2026-03-23 15:00,3.7,3.3,0.4,10.641
2026-03-23 16:00,4.0,3.5,0.5,9.856
2026-03-23 17:00,4.1,3.5,0.6,8.097
2026-03-23 18:00,5.5,4.8,0.7,7.18
2026-03-23 19:00,5.4,4.6,0.8,6.731
2026-03-23 20:00,6.3,5.4,0.9,6.323
2026-03-23 21:00,5.8,5.0,0.8,5.879
2026-03-23 22:00,3.9,3.4,0.5,5.325
2026-03-23 23:00,3.3,3.0,0.3,4.946
2026-03-24 00:00,3.3,3.1,0.2,4.871
2026-03-24 01:00,3.7,3.6,0.1,4.903
2026-03-24 02:00,3.4,3.3,0.1,4.786
2026-03-24 03:00,3.6,3.6,0.0,4.528
2026-03-24 04:00,3.9,3.8,0.1,4.264
2026-03-24 05:00,5.0,4.9,0.1,4.13
2026-03-24 06:00,6.7,6.6,0.1,4.69
2026-03-24 07:00,5.8,5.6,0.2,6.146
2026-03-24 08:00,4.9,4.4,0.5,8.653
2026-03-24 09:00,4.3,3.4,0.9,10.693
2026-03-24 10:00,3.9,2.9,1.0,11.68
2026-03-24 11:00,3.5,2.5,1.0,12.195
2026-03-24 12:00,3.1,2.2,0.9,12.364
2026-03-24 13:00,3.0,2.2,0.8,12.093
2026-03-24 14:00,2.5,1.8,0.7,11.517
2026-03-24 15:00,2.4,1.8,0.6,10.76
2026-03-24 16:00,2.5,2.0,0.5,9.343
2026-03-24 17:00,3.4,2.8,0.6,6.005
2026-03-24 18:00,4.1,3.4,0.7,4.438
2026-03-24 19:00,4.4,3.7,0.7,3.832
2026-03-24 20:00,4.9,4.2,0.7,3.073
2026-03-24 21:00,4.9,4.3,0.6,2.032
2026-03-24 22:00,3.3,2.8,0.5,1.123
2026-03-24 23:00,3.2,2.9,0.3,0.824
2026-03-25 00:00,2.8,2.6,0.2,1.149
2026-03-25 01:00,3.3,3.2,0.1,1.826
2026-03-25 02:00,3.4,3.3,0.1,2.288
2026-03-25 03:00,3.5,3.6,0.0,2.572
2026-03-25 04:00,3.9,3.8,0.1,2.815
2026-03-25 05:00,4.8,4.7,0.1,2.795
2026-03-25 06:00,6.4,6.3,0.1,3.637
2026-03-25 07:00,6.1,5.9,0.2,4.6
2026-03-25 08:00,4.8,4.3,0.5,5.882
2026-03-25 09:00,4.7,3.8,1.0,6.677
2026-03-25 10:00,4.5,3.5,1.0,7.158
2026-03-25 11:00,4.1,3.1,1.0,7.68
2026-03-25 12:00,3.1,2.3,0.8,8.24
2026-03-25 13:00,2.7,2.0,0.7,8.419
2026-03-25 14:00,3.1,2.5,0.6,7.918
2026-03-25 15:00,3.0,2.5,0.5,7.165
2026-03-25 16:00,3.3,2.8,0.5,6.583
2026-03-25 17:00,3.9,3.4,0.6,5.773
2026-03-25 18:00,4.5,3.8,0.7,5.26
2026-03-25 19:00,4.7,4.0,0.7,4.96
2026-03-25 20:00,4.9,4.2,0.7,4.461
2026-03-25 21:00,4.8,4.2,0.6,3.506
2026-03-25 22:00,2.8,2.4,0.4,3.297
2026-03-25 23:00,2.6,2.3,0.3,3.309
2026-03-26 00:00,2.4,2.2,0.2,3.233
2026-03-26 01:00,2.3,2.2,0.1,2.767
2026-03-26 02:00,2.5,2.5,0.0,2.94
2026-03-26 03:00,2.2,2.2,0.0,3.199
2026-03-26 04:00,2.9,2.8,0.1,3.231
2026-03-26 05:00,3.7,3.4,0.3,3.161
2026-03-26 06:00,5.0,4.2,0.8,3.657
2026-03-26 07:00,4.5,3.6,0.9,4.473
2026-03-26 08:00,3.6,2.8,0.8,5.929
2026-03-26 09:00,2.8,2.2,0.6,6.996
2026-03-26 10:00,2.4,1.9,0.5,7.89
2026-03-26 11:00,2.0,1.5,0.5,8.193
2026-03-26 12:00,2.0,1.5,0.5,8.313
2026-03-26 13:00,1.9,1.4,0.5,8.521
2026-03-26 14:00,1.7,1.3,0.4,8.681
2026-03-26 15:00,1.9,1.5,0.4,8.566
2026-03-26 16:00,2.0,1.5,0.5,7.927
2026-03-26 17:00,2.5,1.9,0.6,6.002
2026-03-26 18:00,2.9,2.3,0.6,5.126
2026-03-26 19:00,3.6,2.7,0.8,4.79
2026-03-26 20:00,3.7,2.8,0.9,4.448
2026-03-26 21:00,3.4,2.6,0.8,3.914
2026-03-26 22:00,2.0,1.5,0.5,3.464
2026-03-26 23:00,1.8,1.5,0.3,3.026
2026-03-27 00:00,2.4,2.2,0.2,2.535
2026-03-27 01:00,2.7,2.6,0.1,1.983
2026-03-27 02:00,2.7,2.7,0.0,1.492
2026-03-27 03:00,2.7,2.7,0.0,1.402
2026-03-27 04:00,3.4,3.3,0.1,1.768
2026-03-27 05:00,5.0,4.7,0.3,2.393
2026-03-27 06:00,7.2,6.3,0.9,2.614
2026-03-27 07:00,7.5,6.6,0.9,3.195
2026-03-27 08:00,6.4,5.6,0.8,5.564
2026-03-27 09:00,4.7,4.1,0.6,8.306
2026-03-27 10:00,4.5,4.0,0.5,9.621
2026-03-27 11:00,4.5,4.0,0.5,10.42
2026-03-27 12:00,4.2,3.7,0.5,11.058
2026-03-27 13:00,4.7,4.2,0.5,11.349
2026-03-27 14:00,4.5,4.0,0.5,11.233
2026-03-27 15:00,4.1,3.7,0.4,10.793
2026-03-27 16:00,4.6,4.1,0.5,9.867
2026-03-27 17:00,4.8,4.2,0.6,8.34
2026-03-27 18:00,5.7,5.0,0.7,7.727
2026-03-27 19:00,6.6,5.7,0.9,7.44
2026-03-27 20:00,6.6,5.7,0.9,7.022
2026-03-27 21:00,6.3,5.4,0.8,6.501
2026-03-27 22:00,4.0,3.5,0.5,5.912
2026-03-27 23:00,3.3,3.0,0.3,5.466
2026-03-28 00:00,3.5,3.4,0.2,5.188
2026-03-28 01:00,2.5,2.4,0.1,5.024
2026-03-28 02:00,2.4,2.4,0.0,4.8
2026-03-28 03:00,3.0,3.0,0.0,4.513
2026-03-28 04:00,3.2,3.1,0.1,4.253
2026-03-28 05:00,4.1,3.8,0.3,4.313
2026-03-28 06:00,5.8,4.9,0.9,5.885
2026-03-28 07:00,5.4,4.5,0.9,7.675
2026-03-28 08:00,4.2,3.4,0.8,9.954
2026-03-28 09:00,3.3,2.7,0.6,11.293
2026-03-28 10:00,3.0,2.5,0.5,11.769
2026-03-28 11:00,2.4,1.9,0.5,12.22
2026-03-28 12:00,2.2,1.7,0.5,12.827
2026-03-28 13:00,2.5,2.0,0.5,13.191
2026-03-28 14:00,1.9,1.5,0.4,13.029
2026-03-28 15:00,2.1,1.7,0.4,12.658
2026-03-28 16:00,2.3,1.8,0.4,11.791
2026-03-28 17:00,2.9,2.3,0.6,9.439
2026-03-28 18:00,3.2,2.6,0.6,7.676
2026-03-28 19:00,3.7,2.8,0.8,6.621
2026-03-28 20:00,3.9,3.0,0.9,5.782
2026-03-28 21:00,4.1,3.2,0.9,5.146
2026-03-28 22:00,2.5,2.0,0.5,4.66
2026-03-28 23:00,2.3,2.0,0.3,4.244
2026-03-29 00:00,2.0,1.8,0.2,3.896
2026-03-29 01:00,1.8,1.7,0.1,3.619
2026-03-29 02:00,1.8,1.8,0.0,3.392
2026-03-29 03:00,1.9,1.9,0.0,3.255
2026-03-29 04:00,2.2,2.1,0.1,3.187
2026-03-29 05:00,3.0,2.7,0.3,3.527
2026-03-29 06:00,3.8,3.0,0.8,5.85
2026-03-29 07:00,3.6,2.7,0.9,7.956
2026-03-29 08:00,2.8,2.0,0.8,10.693
2026-03-29 09:00,1.8,1.2,0.6,13.34
2026-03-29 10:00,1.4,1.0,0.5,14.657
2026-03-29 11:00,1.5,1.0,0.5,15.541
2026-03-29 12:00,1.4,0.9,0.5,16.135
2026-03-29 13:00,1.4,0.9,0.5,16.415
2026-03-29 14:00,1.2,0.8,0.4,16.35
2026-03-29 15:00,1.3,0.9,0.4,15.946
2026-03-29 16:00,1.4,1.0,0.4,14.777
2026-03-29 17:00,1.7,1.1,0.6,11.456
2026-03-29 18:00,2.1,1.4,0.7,9.479
2026-03-29 19:00,2.6,1.7,0.9,8.644
2026-03-29 20:00,3.4,2.5,1.0,7.888
2026-03-29 21:00,3.4,2.5,0.9,7.208
2026-03-29 22:00,2.5,2.0,0.5,6.592
2026-03-29 23:00,2.5,2.2,0.3,6.071
2026-03-30 00:00,2.9,2.7,0.2,5.664
2026-03-30 01:00,2.9,2.8,0.1,5.34
2026-03-30 02:00,3.0,2.9,0.1,5.053
2026-03-30 03:00,3.0,3.0,0.0,4.774
2026-03-30 04:00,3.4,3.3,0.1,4.51
2026-03-30 05:00,4.4,4.3,0.1,4.715
2026-03-30 06:00,4.5,4.4,0.1,6.997
2026-03-30 07:00,3.6,3.4,0.2,9.243
2026-03-30 08:00,2.6,2.1,0.5,12.529
2026-03-30 09:00,2.3,1.3,1.0,15.346
2026-03-30 10:00,2.2,1.2,1.0,16.596
2026-03-30 11:00,2.3,1.2,1.1,17.208
2026-03-30 12:00,2.0,1.1,0.9,17.533
2026-03-30 13:00,1.9,1.1,0.8,17.638
2026-03-30 14:00,1.6,1.0,0.6,17.462
2026-03-30 15:00,1.6,1.1,0.5,16.882
2026-03-30 16:00,1.7,1.2,0.5,15.349
2026-03-30 17:00,1.9,1.3,0.6,12.263
2026-03-30 18:00,2.1,1.4,0.7,10.965
2026-03-30 19:00,2.2,1.5,0.7,10.728
2026-03-30 20:00,2.3,1.6,0.7,10.446
2026-03-30 21:00,2.0,1.5,0.5,9.989
2026-03-30 22:00,1.6,1.2,0.4,9.394
2026-03-30 23:00,1.0,0.8,0.2,9.133
2026-03-31 00:00,1.4,1.2,0.2,8.849
2026-03-31 01:00,1.7,1.6,0.1,8.367
2026-03-31 02:00,2.2,2.1,0.1,7.717
2026-03-31 03:00,2.4,2.4,0.0,6.51
2026-03-31 04:00,2.8,2.7,0.1,5.61
2026-03-31 05:00,3.6,3.5,0.1,4.972
2026-03-31 06:00,3.6,3.5,0.1,6.844
2026-03-31 07:00,2.2,2.0,0.2,8.67
2026-03-31 08:00,1.7,1.2,0.5,10.663
2026-03-31 09:00,2.0,1.1,1.0,12.201
2026-03-31 10:00,2.0,1.0,1.0,13.212
2026-03-31 11:00,2.0,1.0,1.0,13.685
2026-03-31 12:00,1.6,0.8,0.8,13.606
2026-03-31 13:00,1.6,0.9,0.7,13.352
2026-03-31 14:00,1.4,0.8,0.6,12.953
2026-03-31 15:00,1.4,0.9,0.5,12.286
2026-03-31 16:00,1.6,1.0,0.6,11.206
2026-03-31 17:00,1.6,1.0,0.6,9.245
2026-03-31 18:00,1.6,1.0,0.6,7.466
2026-03-31 19:00,2.1,1.4,0.7,6.553
2026-03-31 20:00,2.6,1.9,0.7,5.559
2026-03-31 21:00,3.0,2.4,0.6,4.543
2026-03-31 22:00,2.8,2.4,0.5,3.659
2026-03-31 23:00,2.8,2.5,0.3,2.93
2026-04-01 00:00,3.7,3.4,0.2,2.254
2026-04-01 01:00,3.6,3.5,0.1,1.685
2026-04-01 02:00,3.7,3.6,0.1,1.344
2026-04-01 03:00,3.8,3.8,0.0,1.083
2026-04-01 04:00,3.7,3.6,0.1,0.657
2026-04-01 05:00,4.4,4.3,0.1,0.808
2026-04-01 06:00,6.2,6.1,0.1,2.648
2026-04-01 07:00,5.0,4.8,0.2,5.091
2026-04-01 08:00,4.3,3.8,0.5,8.65
2026-04-01 09:00,4.1,3.2,0.9,10.894
2026-04-01 10:00,3.6,2.6,1.0,12.602
2026-04-01 11:00,3.4,2.4,1.0,13.899
2026-04-01 12:00,2.7,1.8,0.9,14.791
2026-04-01 13:00,2.5,1.8,0.7,15.283
2026-04-01 14:00,2.4,1.7,0.7,15.367
2026-04-01 15:00,2.2,1.7,0.5,15.075
2026-04-01 16:00,2.3,1.8,0.5,13.994
2026-04-01 17:00,2.7,2.2,0.5,10.676
2026-04-01 18:00,3.7,3.0,0.7,8.533
2026-04-01 19:00,4.2,3.4,0.8,7.874
2026-04-01 20:00,4.3,3.6,0.7,7.314
2026-04-01 21:00,4.0,3.4,0.6,6.792
2026-04-01 22:00,2.6,2.2,0.4,6.33
2026-04-01 23:00,2.5,2.2,0.3,5.976
2026-04-02 00:00,2.5,2.3,0.2,5.673
2026-04-02 01:00,2.2,2.1,0.1,5.436
2026-04-02 02:00,2.3,2.2,0.1,5.322
2026-04-02 03:00,2.4,2.4,0.0,5.483
2026-04-02 04:00,2.6,2.5,0.1,5.571
2026-04-02 05:00,3.5,3.4,0.1,5.588
2026-04-02 06:00,4.4,4.4,0.1,6.796
2026-04-02 07:00,3.5,3.3,0.2,8.958
2026-04-02 08:00,3.3,2.8,0.5,11.108
2026-04-02 09:00,3.6,2.7,1.0,12.45
2026-04-02 10:00,3.1,2.2,0.9,13.049
2026-04-02 11:00,2.8,1.8,1.0,13.328
2026-04-02 12:00,2.8,1.9,1.0,13.557
2026-04-02 13:00,2.4,1.7,0.7,13.629
2026-04-02 14:00,2.1,1.5,0.6,13.352
2026-04-02 15:00,2.0,1.5,0.5,13.411
2026-04-02 16:00,2.1,1.6,0.5,12.696
2026-04-02 17:00,2.9,2.3,0.6,11.264
2026-04-02 18:00,3.1,2.5,0.6,10.464
2026-04-02 19:00,3.5,2.9,0.6,9.908
2026-04-02 20:00,3.9,3.3,0.6,9.506
2026-04-02 21:00,3.6,3.1,0.5,8.984
2026-04-02 22:00,2.1,1.7,0.4,8.278
2026-04-02 23:00,2.0,1.7,0.3,7.429
2026-04-03 00:00,2.5,2.3,0.2,6.676
2026-04-03 01:00,2.2,2.1,0.1,6.134
2026-04-03 02:00,2.0,2.0,0.0,5.757
2026-04-03 03:00,2.3,2.3,0.0,5.715
2026-04-03 04:00,2.9,2.8,0.1,5.717
2026-04-03 05:00,4.2,3.9,0.3,5.787
2026-04-03 06:00,6.6,5.8,0.8,6.334
2026-04-03 07:00,6.4,5.5,0.8,6.678
2026-04-03 08:00,5.6,4.8,0.8,7.188
2026-04-03 09:00,5.3,4.6,0.7,7.965
2026-04-03 10:00,4.8,4.2,0.6,9.134
2026-04-03 11:00,4.5,4.0,0.5,10.066
2026-04-03 12:00,4.0,3.6,0.5,10.22
2026-04-03 13:00,4.1,3.6,0.5,9.443
2026-04-03 14:00,4.0,3.6,0.4,8.687
2026-04-03 15:00,4.3,3.9,0.4,8.093
2026-04-03 16:00,4.4,4.0,0.4,7.261
2026-04-03 17:00,5.5,4.9,0.6,6.188
2026-04-03 18:00,5.3,4.7,0.6,5.447
2026-04-03 19:00,6.1,5.2,0.8,5.105
2026-04-03 20:00,5.9,5.0,0.9,4.946
2026-04-03 21:00,6.1,5.2,0.9,4.763
2026-04-03 22:00,3.8,3.3,0.5,4.363
2026-04-03 23:00,3.3,3.0,0.3,3.955
2026-04-04 00:00,3.1,2.9,0.2,3.18
2026-04-04 01:00,3.1,3.0,0.1,2.645
2026-04-04 02:00,2.8,2.8,0.0,2.96
2026-04-04 03:00,3.0,3.0,0.0,2.874
2026-04-04 04:00,3.7,3.6,0.1,2.61
2026-04-04 05:00,5.5,5.2,0.3,2.828
2026-04-04 06:00,7.2,6.4,0.8,4.176
2026-04-04 07:00,7.0,6.2,0.8,4.732
2026-04-04 08:00,6.0,5.3,0.7,5.206
2026-04-04 09:00,4.9,4.4,0.5,5.483
2026-04-04 10:00,5.4,4.8,0.6,5.552
2026-04-04 11:00,5.3,4.8,0.5,5.716
2026-04-04 12:00,5.1,4.6,0.5,6.269
2026-04-04 13:00,5.3,4.8,0.5,6.893
2026-04-04 14:00,4.7,4.3,0.4,6.863
2026-04-04 15:00,4.9,4.5,0.4,6.968
2026-04-04 16:00,4.8,4.4,0.4,6.737
2026-04-04 17:00,5.6,5.0,0.6,5.376
2026-04-04 18:00,5.7,5.1,0.6,4.501
2026-04-04 19:00,6.6,5.8,0.8,4.243
2026-04-04 20:00,7.2,6.3,0.9,4.088
2026-04-04 21:00,6.9,6.0,0.9,3.77
2026-04-04 22:00,4.2,3.7,0.5,3.518
2026-04-04 23:00,3.6,3.4,0.3,3.266
2026-04-05 00:00,3.0,2.8,0.2,2.808
2026-04-05 01:00,3.4,3.3,0.1,2.666
2026-04-05 02:00,2.9,2.9,0.0,3.071
2026-04-05 03:00,3.4,3.4,0.0,3.004
2026-04-05 04:00,3.8,3.7,0.1,2.637
2026-04-05 05:00,5.4,5.1,0.3,2.59
2026-04-05 06:00,7.2,6.4,0.8,4.278
2026-04-05 07:00,6.4,5.6,0.8,5.957
2026-04-05 08:00,5.8,5.0,0.8,7.537
2026-04-05 09:00,4.7,4.1,0.6,8.962
2026-04-05 10:00,4.5,4.0,0.5,9.635
2026-04-05 11:00,4.5,4.0,0.5,9.698
2026-04-05 12:00,4.5,4.0,0.5,9.617
2026-04-05 13:00,4.2,3.8,0.4,9.532
2026-04-05 14:00,4.1,3.6,0.4,9.42
2026-04-05 15:00,4.2,3.8,0.4,9.202
2026-04-05 16:00,4.4,4.0,0.4,8.738
2026-04-05 17:00,4.9,4.4,0.6,7.632
2026-04-05 18:00,5.7,5.0,0.7,6.412
2026-04-05 19:00,6.0,5.1,0.9,6.039
2026-04-05 20:00,5.5,4.7,0.8,5.825
2026-04-05 21:00,5.6,4.8,0.8,5.561
2026-04-05 22:00,3.4,2.9,0.5,5.077
2026-04-05 23:00,2.7,2.4,0.3,4.551
2026-04-06 00:00,2.3,2.1,0.2,4.107
2026-04-06 01:00,2.5,2.4,0.1,3.717
2026-04-06 02:00,2.3,2.4,0.0,3.451
2026-04-06 03:00,2.4,2.4,0.0,3.388
2026-04-06 04:00,2.3,2.2,0.1,3.423
2026-04-06 05:00,3.5,3.2,0.3,4.115
2026-04-06 06:00,4.7,3.9,0.8,5.516
2026-04-06 07:00,4.5,3.6,0.8,7.779
2026-04-06 08:00,3.5,2.8,0.7,10.296
2026-04-06 09:00,3.3,2.6,0.6,11.935
2026-04-06 10:00,2.8,2.2,0.6,13.28
2026-04-06 11:00,2.3,1.8,0.5,14.433
2026-04-06 12:00,2.1,1.6,0.5,15.324
2026-04-06 13:00,1.7,1.3,0.4,15.862
2026-04-06 14:00,1.9,1.5,0.4,15.992
2026-04-06 15:00,1.9,1.5,0.4,15.668
2026-04-06 16:00,1.9,1.5,0.4,14.783
2026-04-06 17:00,2.3,1.7,0.6,12.612
2026-04-06 18:00,3.2,2.5,0.7,10.995
2026-04-06 19:00,3.5,2.7,0.8,10.695
2026-04-06 20:00,4.1,3.2,0.9,10.438
2026-04-06 21:00,4.3,3.4,0.9,10.16
2026-04-06 22:00,2.8,2.3,0.5,9.748
2026-04-06 23:00,2.5,2.2,0.3,9.227
2026-04-07 00:00,2.6,2.4,0.2,8.491
2026-04-07 01:00,2.9,2.8,0.1,7.827
2026-04-07 02:00,2.4,2.4,0.1,7.167
2026-04-07 03:00,2.7,2.7,0.0,6.617
2026-04-07 04:00,2.7,2.6,0.1,6.205
2026-04-07 05:00,3.6,3.4,0.1,6.772
2026-04-07 06:00,3.6,3.5,0.1,8.924
2026-04-07 07:00,3.1,2.9,0.2,10.919
2026-04-07 08:00,2.2,1.7,0.5,13.659
2026-04-07 09:00,2.2,1.2,1.0,15.809
2026-04-07 10:00,2.1,1.1,1.0,17.098
2026-04-07 11:00,2.0,1.0,1.0,17.93
2026-04-07 12:00,1.9,1.0,0.9,18.388
2026-04-07 13:00,1.8,1.0,0.8,18.488
2026-04-07 14:00,1.6,1.0,0.6,18.304
2026-04-07 15:00,1.5,1.0,0.5,17.82
2026-04-07 16:00,1.7,1.1,0.6,16.642
2026-04-07 17:00,1.8,1.2,0.6,14.353
2026-04-07 18:00,2.0,1.3,0.7,12.493
2026-04-07 19:00,2.5,1.8,0.7,11.637
2026-04-07 20:00,2.8,2.1,0.7,10.983
2026-04-07 21:00,3.0,2.4,0.6,10.383
2026-04-07 22:00,2.0,1.6,0.4,9.788
2026-04-07 23:00,2.6,2.3,0.3,9.303
2026-04-08 00:00,2.1,1.9,0.2,8.897
2026-04-08 01:00,2.1,2.0,0.1,8.459
2026-04-08 02:00,2.7,2.6,0.1,8.006
2026-04-08 03:00,2.5,2.5,0.0,7.389
2026-04-08 04:00,3.1,3.0,0.1,6.807
2026-04-08 05:00,4.1,4.0,0.1,7.136
2026-04-08 06:00,4.3,4.2,0.1,9.204
2026-04-08 07:00,3.7,3.6,0.2,11.106
2026-04-08 08:00,3.6,3.1,0.5,13.87
2026-04-08 09:00,3.4,2.5,0.9,15.809
2026-04-08 10:00,3.1,2.1,1.0,16.779
2026-04-08 11:00,2.5,1.5,1.0,17.139
2026-04-08 12:00,2.2,1.3,0.9,17.008
2026-04-08 13:00,2.4,1.7,0.7,16.578
2026-04-08 14:00,2.2,1.6,0.6,16.227
2026-04-08 15:00,2.1,1.5,0.6,15.868
2026-04-08 16:00,2.4,1.9,0.5,15.223
2026-04-08 17:00,2.6,2.0,0.6,14.09
2026-04-08 18:00,3.1,2.4,0.7,13.213
2026-04-08 19:00,3.0,2.4,0.6,12.476
2026-04-08 20:00,3.3,2.6,0.7,11.602
2026-04-08 21:00,3.1,2.6,0.5,10.947
2026-04-08 22:00,1.9,1.5,0.4,10.301
2026-04-08 23:00,1.8,1.5,0.3,9.961
2026-04-09 00:00,1.6,1.4,0.2,9.599
2026-04-09 01:00,1.7,1.6,0.1,9.11
2026-04-09 02:00,1.9,1.9,0.0,8.713
2026-04-09 03:00,1.9,1.9,0.0,8.297
2026-04-09 04:00,2.3,2.2,0.1,7.778
2026-04-09 05:00,3.4,3.1,0.3,7.742
2026-04-09 06:00,4.3,3.5,0.8,8.664
2026-04-09 07:00,3.9,3.0,0.8,9.882
2026-04-09 08:00,3.3,2.5,0.8,11.395
2026-04-09 09:00,2.5,1.9,0.6,12.827
2026-04-09 10:00,2.1,1.4,0.6,13.958
2026-04-09 11:00,1.6,1.1,0.5,14.751
2026-04-09 12:00,1.6,1.1,0.5,15.238
2026-04-09 13:00,2.3,1.9,0.4,15.41
2026-04-09 14:00,2.4,2.0,0.4,15.292
2026-04-09 15:00,2.2,1.8,0.4,14.888
2026-04-09 16:00,2.5,2.0,0.5,13.939
2026-04-09 17:00,2.7,2.1,0.6,12.156
2026-04-09 18:00,2.7,2.1,0.6,10.646
2026-04-09 19:00,3.1,2.3,0.8,9.757
2026-04-09 20:00,3.4,2.5,0.9,8.895
2026-04-09 21:00,3.5,2.7,0.8,8.184
2026-04-09 22:00,2.1,1.6,0.5,7.609
2026-04-09 23:00,1.8,1.5,0.3,7.014
2026-04-10 00:00,1.9,1.7,0.2,6.276
2026-04-10 01:00,2.2,2.1,0.1,5.377
2026-04-10 02:00,2.7,2.7,0.0,4.44
2026-04-10 03:00,2.9,2.9,0.0,3.693
2026-04-10 04:00,3.3,3.2,0.1,3.037
2026-04-10 05:00,4.6,4.3,0.3,3.084
2026-04-10 06:00,5.9,5.0,0.8,4.251
2026-04-10 07:00,5.9,5.0,0.9,6.63
2026-04-10 08:00,4.4,3.7,0.7,8.885
2026-04-10 09:00,3.7,3.1,0.6,10.565
2026-04-10 10:00,3.2,2.7,0.5,11.714
2026-04-10 11:00,3.0,2.6,0.5,12.43
2026-04-10 12:00,2.6,2.2,0.4,12.802
2026-04-10 13:00,2.6,2.2,0.4,12.864
2026-04-10 14:00,2.4,2.0,0.4,12.544
2026-04-10 15:00,2.7,2.3,0.4,11.801
2026-04-10 16:00,3.1,2.7,0.4,10.601
2026-04-10 17:00,3.5,2.9,0.6,8.495
2026-04-10 18:00,4.0,3.4,0.6,5.819
2026-04-10 19:00,4.7,3.9,0.8,4.687
2026-04-10 20:00,5.1,4.2,0.9,3.599
2026-04-10 21:00,4.8,4.0,0.8,2.653
2026-04-10 22:00,3.4,2.9,0.5,1.856
2026-04-10 23:00,3.4,3.1,0.3,1.202
2026-04-11 00:00,3.7,3.5,0.2,0.65
2026-04-11 01:00,4.0,3.9,0.1,0.268
2026-04-11 02:00,3.6,3.6,0.0,-0.218
2026-04-11 03:00,4.2,4.2,0.0,-0.745
2026-04-11 04:00,4.6,4.5,0.1,-1.281
2026-04-11 05:00,6.1,5.8,0.3,-0.066
2026-04-11 06:00,7.4,6.6,0.8,2.402
2026-04-11 07:00,7.2,6.3,0.9,5.437
2026-04-11 08:00,5.1,4.4,0.7,7.808
2026-04-11 09:00,4.7,4.1,0.6,8.984
2026-04-11 10:00,4.4,3.9,0.5,9.878
2026-04-11 11:00,4.2,3.7,0.5,10.567
2026-04-11 12:00,3.6,3.2,0.4,11.007
2026-04-11 13:00,3.9,3.4,0.5,11.119
2026-04-11 14:00,3.3,2.9,0.4,10.845
2026-04-11 15:00,3.7,3.3,0.4,10.197
2026-04-11 16:00,4.1,3.7,0.4,9.147
2026-04-11 17:00,4.8,4.2,0.6,7.169
2026-04-11 18:00,5.4,4.8,0.6,4.597
2026-04-11 19:00,6.0,5.2,0.8,3.62
2026-04-11 20:00,5.8,5.0,0.8,2.681
2026-04-11 21:00,6.2,5.4,0.8,1.789
2026-04-11 22:00,3.8,3.4,0.4,1.046
2026-04-11 23:00,3.8,3.5,0.3,0.429
2026-04-12 00:00,3.8,3.6,0.2,-0.091
2026-04-12 01:00,3.4,3.3,0.1,-0.545
2026-04-12 02:00,3.2,3.2,0.0,-0.948
2026-04-12 03:00,3.5,3.4,0.0,-1.306
2026-04-12 04:00,3.9,3.8,0.1,-1.472
2026-04-12 05:00,5.7,5.4,0.3,-0.043
2026-04-12 06:00,8.0,7.2,0.8,2.446
2026-04-12 07:00,7.7,6.8,0.9,4.581
2026-04-12 08:00,6.4,5.7,0.7,5.713
2026-04-12 09:00,6.5,5.9,0.6,6.382
2026-04-12 10:00,5.6,5.1,0.5,6.934
2026-04-12 11:00,5.9,5.4,0.5,7.254
2026-04-12 12:00,5.0,4.6,0.4,7.421
2026-04-12 13:00,5.2,4.8,0.4,7.358
2026-04-12 14:00,5.2,4.8,0.4,6.991
2026-04-12 15:00,5.4,5.0,0.4,6.46
2026-04-12 16:00,5.6,5.2,0.4,5.634
2026-04-12 17:00,6.1,5.5,0.6,4.413
2026-04-12 18:00,7.3,6.6,0.7,2.51
2026-04-12 19:00,7.0,6.2,0.8,1.846
2026-04-12 20:00,7.6,6.7,0.9,1.295
2026-04-12 21:00,7.3,6.4,0.8,0.872
2026-04-12 22:00,4.6,4.1,0.5,0.527
2026-04-12 23:00,3.5,3.2,0.3,-0.078
2026-04-13 00:00,3.9,3.7,0.2,-0.645
2026-04-13 01:00,3.7,3.6,0.1,-1.119
2026-04-13 02:00,3.8,3.8,0.0,-1.361
2026-04-13 03:00,3.7,3.7,0.0,-1.658
2026-04-13 04:00,4.3,4.2,0.1,-2.005
2026-04-13 05:00,6.8,6.5,0.3,-0.956
2026-04-13 06:00,9.0,8.2,0.8,0.666
2026-04-13 07:00,7.4,6.6,0.8,2.397
2026-04-13 08:00,7.1,6.4,0.7,3.53
2026-04-13 09:00,6.4,5.8,0.6,4.378
2026-04-13 10:00,6.0,5.5,0.5,5.032
2026-04-13 11:00,5.6,5.1,0.5,5.555
2026-04-13 12:00,5.8,5.3,0.5,5.9
2026-04-13 13:00,5.3,4.9,0.4,5.967
2026-04-13 14:00,5.2,4.8,0.4,5.713
2026-04-13 15:00,5.8,5.4,0.4,5.269
2026-04-13 16:00,6.4,5.9,0.5,4.701
2026-04-13 17:00,6.6,6.0,0.6,3.734
2026-04-13 18:00,7.4,6.8,0.6,1.982
2026-04-13 19:00,7.5,6.7,0.8,0.996
2026-04-13 20:00,7.9,7.0,0.8,0.454
2026-04-13 21:00,8.2,7.4,0.8,-0.001
2026-04-13 22:00,5.3,4.8,0.5,-0.208
2026-04-13 23:00,4.7,4.4,0.3,-0.493
2026-04-14 00:00,4.6,4.4,0.2,-0.899
2026-04-14 01:00,4.5,4.4,0.1,-1.2
2026-04-14 02:00,4.1,4.0,0.1,-1.384
2026-04-14 03:00,4.2,4.2,0.0,-1.453
2026-04-14 04:00,4.4,4.3,0.1,-1.622
2026-04-14 05:00,5.8,5.7,0.1,-0.468
2026-04-14 06:00,7.3,7.2,0.1,1.597
2026-04-14 07:00,7.6,7.4,0.2,3.821
2026-04-14 08:00,5.7,5.2,0.5,5.939
2026-04-14 09:00,6.1,5.0,1.0,7.573
2026-04-14 10:00,5.5,4.5,1.0,8.869
2026-04-14 11:00,5.1,4.1,1.0,9.638
2026-04-14 12:00,4.9,4.0,1.0,9.982
2026-04-14 13:00,4.2,3.5,0.7,10.078
2026-04-14 14:00,4.1,3.5,0.6,10.022
2026-04-14 15:00,4.2,3.6,0.6,9.665
2026-04-14 16:00,4.6,4.0,0.6,8.794
2026-04-14 17:00,5.0,4.4,0.6,7.039
2026-04-14 18:00,5.5,4.9,0.6,4.58
2026-04-14 19:00,6.3,5.6,0.7,3.342
2026-04-14 20:00,6.6,5.9,0.7,2.337
2026-04-14 21:00,7.0,6.4,0.6,1.466
2026-04-14 22:00,4.3,3.9,0.4,0.804
2026-04-14 23:00,3.8,3.5,0.3,0.305
2026-04-15 00:00,3.2,3.0,0.2,-0.065
2026-04-15 01:00,3.0,2.9,0.1,-0.285
2026-04-15 02:00,3.1,3.0,0.1,-0.229
2026-04-15 03:00,2.8,2.8,0.0,-0.116
2026-04-15 04:00,3.1,3.0,0.1,-0.105
2026-04-15 05:00,3.9,3.8,0.1,1.401
2026-04-15 06:00,4.4,4.3,0.1,4.488
2026-04-15 07:00,4.3,4.1,0.2,6.853
2026-04-15 08:00,4.1,3.6,0.5,9.134
2026-04-15 09:00,3.8,2.9,0.9,11.333
2026-04-15 10:00,3.2,2.3,1.0,13.364
2026-04-15 11:00,2.6,1.6,1.0,14.775
2026-04-15 12:00,2.3,1.4,0.9,15.609
2026-04-15 13:00,2.1,1.4,0.7,16.089
2026-04-15 14:00,2.0,1.4,0.6,16.172
2026-04-15 15:00,2.0,1.4,0.6,15.835
2026-04-15 16:00,1.9,1.4,0.5,14.88
2026-04-15 17:00,2.2,1.6,0.6,12.467
2026-04-15 18:00,3.0,2.3,0.7,9.781
2026-04-15 19:00,3.3,2.6,0.7,8.98
2026-04-15 20:00,3.3,2.7,0.6,8.055
2026-04-15 21:00,3.5,2.9,0.6,7.089
2026-04-15 22:00,2.2,1.8,0.4,6.299
2026-04-15 23:00,2.0,1.7,0.3,5.594
2026-04-16 00:00,2.1,1.9,0.2,4.94
2026-04-16 01:00,2.1,2.0,0.1,4.325
2026-04-16 02:00,2.0,2.0,0.0,3.783
2026-04-16 03:00,2.6,2.6,0.0,3.314
2026-04-16 04:00,2.6,2.5,0.1,2.862
2026-04-16 05:00,3.4,3.1,0.3,4.028
2026-04-16 06:00,4.1,3.4,0.8,6.195
2026-04-16 07:00,3.5,2.7,0.8,9.119
2026-04-16 08:00,2.8,2.0,0.8,12.523
2026-04-16 09:00,1.9,1.3,0.6,14.529
2026-04-16 10:00,1.5,1.0,0.5,15.865
2026-04-16 11:00,1.6,1.1,0.5,16.774
2026-04-16 12:00,1.5,1.0,0.5,17.322
2026-04-16 13:00,1.3,0.9,0.4,17.492
2026-04-16 14:00,1.3,0.9,0.4,17.178
2026-04-16 15:00,1.4,1.0,0.4,16.19
2026-04-16 16:00,1.6,1.1,0.5,14.671
2026-04-16 17:00,2.1,1.5,0.6,12.773
2026-04-16 18:00,2.5,1.8,0.6,11.103
2026-04-16 19:00,3.2,2.4,0.8,10.243
2026-04-16 20:00,3.5,2.6,0.9,9.633
2026-04-16 21:00,3.7,2.8,0.8,9.078
2026-04-16 22:00,2.0,1.4,0.5,8.485
2026-04-16 23:00,1.6,1.3,0.3,7.921
2026-04-17 00:00,1.4,1.2,0.2,7.696
2026-04-17 01:00,1.3,1.2,0.1,7.782
2026-04-17 02:00,1.5,1.5,0.0,7.973
2026-04-17 03:00,1.5,1.5,0.0,8.122
2026-04-17 04:00,1.8,1.7,0.1,8.16
2026-04-17 05:00,2.5,2.2,0.3,8.587
2026-04-17 06:00,3.6,2.8,0.8,9.32
2026-04-17 07:00,3.2,2.4,0.8,10.67
2026-04-17 08:00,3.0,2.2,0.8,12.322
2026-04-17 09:00,2.3,1.7,0.6,13.553
2026-04-17 10:00,2.1,1.6,0.5,14.466
2026-04-17 11:00,1.7,1.2,0.5,14.989
2026-04-17 12:00,1.5,1.0,0.5,15.411
2026-04-17 13:00,1.4,1.0,0.4,15.52
2026-04-17 14:00,1.2,0.8,0.4,15.258
2026-04-17 15:00,1.2,0.8,0.4,15.255
2026-04-17 16:00,1.2,0.8,0.4,14.991
2026-04-17 17:00,1.5,0.9,0.6,13.532
2026-04-17 18:00,1.8,1.2,0.6,11.686
2026-04-17 19:00,2.6,1.8,0.8,11.027
2026-04-17 20:00,2.5,1.7,0.8,10.657
2026-04-17 21:00,2.8,2.0,0.8,10.3
2026-04-17 22:00,1.8,1.3,0.5,9.877
2026-04-17 23:00,1.3,1.0,0.3,9.294
2026-04-18 00:00,1.1,0.9,0.2,8.865
2026-04-18 01:00,1.0,0.9,0.1,8.618
2026-04-18 02:00,1.2,1.2,0.0,8.478
2026-04-18 03:00,1.3,1.3,0.0,8.148
2026-04-18 04:00,1.5,1.4,0.1,7.587
2026-04-18 05:00,1.7,1.4,0.3,8.441
2026-04-18 06:00,2.2,1.4,0.8,10.181
2026-04-18 07:00,1.7,0.9,0.8,12.893
2026-04-18 08:00,1.1,0.4,0.7,15.549
2026-04-18 09:00,1.0,0.4,0.6,17.037
2026-04-18 10:00,0.9,0.4,0.5,18.125
2026-04-18 11:00,0.9,0.4,0.5,18.961
2026-04-18 12:00,0.7,0.3,0.4,19.582
2026-04-18 13:00,0.7,0.3,0.4,19.95
2026-04-18 14:00,0.7,0.4,0.4,20.006
2026-04-18 15:00,0.7,0.4,0.4,19.683
2026-04-18 16:00,0.8,0.4,0.4,18.653
2026-04-18 17:00,1.0,0.4,0.6,16.363
2026-04-18 18:00,1.2,0.5,0.7,13.966
2026-04-18 19:00,1.3,0.5,0.8,13.2
2026-04-18 20:00,1.3,0.5,0.8,12.441
2026-04-18 21:00,1.3,0.5,0.8,11.66
2026-04-18 22:00,0.8,0.3,0.5,10.881
2026-04-18 23:00,0.8,0.5,0.3,10.093
2026-04-19 00:00,0.9,0.7,0.2,9.35
2026-04-19 01:00,1.2,1.1,0.1,8.706
2026-04-19 02:00,1.3,1.3,0.0,8.224
2026-04-19 03:00,1.4,1.4,0.0,7.697
2026-04-19 04:00,1.4,1.3,0.1,7.233
2026-04-19 05:00,2.1,1.8,0.3,8.916
2026-04-19 06:00,1.8,1.0,0.8,11.367
2026-04-19 07:00,1.3,0.5,0.8,13.934
2026-04-19 08:00,1.1,0.4,0.7,16.848
2026-04-19 09:00,1.0,0.4,0.6,18.572
2026-04-19 10:00,0.9,0.4,0.5,19.814
2026-04-19 11:00,0.9,0.4,0.5,20.753
2026-04-19 12:00,0.9,0.4,0.5,21.433
2026-04-19 13:00,0.7,0.4,0.4,21.797
2026-04-19 14:00,0.8,0.4,0.4,21.785
2026-04-19 15:00,0.8,0.4,0.4,21.305
2026-04-19 16:00,0.8,0.4,0.4,20.167
2026-04-19 17:00,1.0,0.4,0.6,17.415
2026-04-19 18:00,1.1,0.5,0.6,14.172
2026-04-19 19:00,1.3,0.5,0.8,13.016
2026-04-19 20:00,2.0,1.1,0.9,12.302
2026-04-19 21:00,1.5,0.7,0.8,11.57
2026-04-19 22:00,0.9,0.4,0.5,10.868
2026-04-19 23:00,0.6,0.3,0.3,10.205
2026-04-20 00:00,0.7,0.5,0.2,9.57
2026-04-20 01:00,1.5,1.4,0.1,8.962
2026-04-20 02:00,1.7,1.7,0.0,8.383
2026-04-20 03:00,1.8,1.8,0.0,7.784
2026-04-20 04:00,2.2,2.1,0.1,7.289
2026-04-20 05:00,2.4,2.1,0.3,9.122
2026-04-20 06:00,2.4,1.6,0.8,11.913
2026-04-20 07:00,1.8,0.9,0.9,14.028
2026-04-20 08:00,1.4,0.6,0.8,17.07
2026-04-20 09:00,1.2,0.6,0.6,20.519
2026-04-20 10:00,1.0,0.5,0.5,21.932
2026-04-20 11:00,1.0,0.5,0.5,22.61
2026-04-20 12:00,0.9,0.4,0.5,22.983
2026-04-20 13:00,0.8,0.4,0.4,23.17
2026-04-20 14:00,0.8,0.4,0.4,22.988
2026-04-20 15:00,0.9,0.5,0.4,22.335
2026-04-20 16:00,0.8,0.4,0.4,21.109
2026-04-20 17:00,1.1,0.5,0.6,18.081
2026-04-20 18:00,1.2,0.6,0.6,15.072
2026-04-20 19:00,1.4,0.6,0.8,13.899
2026-04-20 20:00,1.5,0.6,0.9,12.988
2026-04-20 21:00,1.4,0.6,0.8,12.023
2026-04-20 22:00,0.8,0.4,0.4,11.081
2026-04-20 23:00,0.8,0.5,0.3,10.148
2026-04-21 00:00,1.3,1.1,0.2,9.31
2026-04-21 01:00,1.6,1.5,0.1,8.556
2026-04-21 02:00,1.7,1.6,0.1,7.863
2026-04-21 03:00,2.0,2.0,0.0,7.265
2026-04-21 04:00,2.6,2.4,0.1,6.831
2026-04-21 05:00,2.4,2.3,0.1,8.799
2026-04-21 06:00,1.8,1.7,0.1,11.42
2026-04-21 07:00,1.2,1.0,0.2,13.721
2026-04-21 08:00,1.2,0.7,0.5,17.285
2026-04-21 09:00,1.4,0.6,0.8,19.872
2026-04-21 10:00,1.5,0.6,0.9,21.049
2026-04-21 11:00,1.7,0.6,1.1,21.779
2026-04-21 12:00,1.5,0.6,0.9,22.225
2026-04-21 13:00,1.2,0.5,0.7,22.388
2026-04-21 14:00,1.1,0.5,0.6,22.284
2026-04-21 15:00,1.1,0.6,0.5,21.949
2026-04-21 16:00,1.2,0.6,0.6,21.072
2026-04-21 17:00,1.2,0.6,0.6,18.356
2026-04-21 18:00,1.3,0.7,0.6,14.839
2026-04-21 19:00,1.5,0.8,0.7,13.402
2026-04-21 20:00,1.5,1.0,0.6,12.581
2026-04-21 21:00,1.7,1.2,0.5,11.824
2026-04-21 22:00,1.0,0.6,0.4,11.089
2026-04-21 23:00,0.8,0.5,0.3,10.37
2026-04-22 00:00,0.7,0.5,0.2,9.669
2026-04-22 01:00,1.0,0.9,0.1,9.003
2026-04-22 02:00,1.6,1.5,0.1,8.372
2026-04-22 03:00,1.7,1.7,0.0,7.795
2026-04-22 04:00,1.5,1.4,0.1,7.451
2026-04-22 05:00,1.6,1.5,0.1,8.993
2026-04-22 06:00,1.2,1.2,0.1,10.913
2026-04-22 07:00,0.8,0.6,0.2,13.562
2026-04-22 08:00,1.0,0.5,0.5,16.938
2026-04-22 09:00,1.3,0.4,0.9,19.581
2026-04-22 10:00,1.4,0.4,1.0,20.989
2026-04-22 11:00,1.5,0.4,1.1,21.719
2026-04-22 12:00,1.3,0.4,0.9,22.08
2026-04-22 13:00,1.1,0.4,0.7,22.129
2026-04-22 14:00,1.0,0.4,0.6,21.822
2026-04-22 15:00,1.0,0.4,0.6,21.155
2026-04-22 16:00,0.9,0.4,0.5,19.865
2026-04-22 17:00,1.1,0.5,0.6,17.739
2026-04-22 18:00,1.1,0.5,0.6,15.439
2026-04-22 19:00,1.3,0.6,0.7,13.899
2026-04-22 20:00,1.3,0.6,0.7,12.536
2026-04-22 21:00,1.3,0.7,0.6,11.348
2026-04-22 22:00,1.1,0.6,0.5,10.224
2026-04-22 23:00,1.0,0.7,0.3,9.317
2026-04-23 00:00,1.1,0.9,0.2,8.662
2026-04-23 01:00,1.2,1.1,0.1,8.188
2026-04-23 02:00,1.1,1.1,0.0,7.794
2026-04-23 03:00,1.3,1.3,0.0,7.322
2026-04-23 04:00,2.1,2.0,0.1,6.886
2026-04-23 05:00,2.0,1.7,0.3,7.973
2026-04-23 06:00,2.3,1.5,0.8,10.105
2026-04-23 07:00,1.8,1.0,0.8,12.805
2026-04-23 08:00,1.2,0.5,0.7,14.922
2026-04-23 09:00,1.0,0.4,0.6,16.569
2026-04-23 10:00,1.0,0.4,0.6,17.882
2026-04-23 11:00,0.7,0.4,0.4,18.923
2026-04-23 12:00,0.7,0.3,0.4,19.705
2026-04-23 13:00,0.7,0.4,0.4,20.189
2026-04-23 14:00,0.7,0.3,0.4,20.319
2026-04-23 15:00,0.8,0.4,0.4,20.098
2026-04-23 16:00,0.8,0.4,0.4,19.318
2026-04-23 17:00,1.0,0.4,0.6,17.353
2026-04-23 18:00,1.0,0.4,0.6,14.961
2026-04-23 19:00,1.3,0.5,0.8,14.271
2026-04-23 20:00,1.3,0.5,0.8,14.041
2026-04-23 21:00,1.4,0.5,0.9,13.807
2026-04-23 22:00,0.5,0.1,0.4,13.561
2026-04-23 23:00,0.4,0.1,0.3,13.198
2026-04-24 00:00,0.3,0.1,0.2,12.914
2026-04-24 01:00,0.2,0.1,0.1,12.628
2026-04-24 02:00,0.1,0.1,0.0,12.186
2026-04-24 03:00,0.3,0.3,0.0,11.795
2026-04-24 04:00,0.5,0.4,0.1,11.619
2026-04-24 05:00,0.9,0.6,0.3,12.679
2026-04-24 06:00,1.5,0.7,0.8,14.138
2026-04-24 07:00,1.5,0.7,0.8,16.512
2026-04-24 08:00,1.2,0.5,0.7,18.775
2026-04-24 09:00,1.1,0.5,0.6,19.854
2026-04-24 10:00,1.0,0.5,0.5,20.953
2026-04-24 11:00,0.9,0.4,0.5,22.246
2026-04-24 12:00,0.8,0.4,0.4,22.876
2026-04-24 13:00,0.8,0.4,0.4,22.882
2026-04-24 14:00,0.8,0.4,0.4,21.79
2026-04-24 15:00,0.8,0.4,0.4,18.894
2026-04-24 16:00,0.9,0.5,0.4,15.167
2026-04-24 17:00,1.7,1.1,0.6,12.317
2026-04-24 18:00,2.1,1.5,0.6,10.833
2026-04-24 19:00,2.8,2.0,0.8,10.377
2026-04-24 20:00,3.0,2.1,0.9,10.388
2026-04-24 21:00,2.9,2.1,0.8,10.171
2026-04-24 22:00,2.4,1.9,0.5,9.67
2026-04-24 23:00,2.1,1.8,0.3,9.155
2026-04-25 00:00,1.9,1.7,0.2,8.621
2026-04-25 01:00,1.8,1.7,0.1,8.218
2026-04-25 02:00,1.8,1.8,0.0,7.842
2026-04-25 03:00,1.8,1.8,0.0,7.552
2026-04-25 04:00,2.1,2.0,0.1,7.349
2026-04-25 05:00,2.4,2.1,0.3,8.149
2026-04-25 06:00,3.2,2.4,0.8,10.21
2026-04-25 07:00,2.8,2.0,0.8,12.931
2026-04-25 08:00,2.2,1.6,0.7,14.546
2026-04-25 09:00,1.7,1.1,0.6,15.566
2026-04-25 10:00,1.3,0.8,0.5,17.051
2026-04-25 11:00,1.2,0.7,0.5,17.929
2026-04-25 12:00,1.3,0.8,0.5,17.762
2026-04-25 13:00,1.1,0.7,0.4,16.907
2026-04-25 14:00,1.1,0.7,0.4,15.846
2026-04-25 15:00,1.1,0.7,0.4,14.806
2026-04-25 16:00,1.2,0.8,0.4,13.904
2026-04-25 17:00,1.5,0.8,0.6,12.986
2026-04-25 18:00,2.0,1.4,0.6,11.845
2026-04-25 19:00,2.5,1.7,0.8,11.274
2026-04-25 20:00,2.6,1.7,0.9,10.908
2026-04-25 21:00,2.6,1.8,0.8,10.705
2026-04-25 22:00,1.5,1.1,0.4,10.146
2026-04-25 23:00,1.4,1.1,0.3,9.119
2026-04-26 00:00,1.7,1.5,0.2,8.668
2026-04-26 01:00,1.6,1.5,0.1,8.544
2026-04-26 02:00,1.5,1.5,0.0,8.176
2026-04-26 03:00,1.7,1.7,0.0,8.012
2026-04-26 04:00,2.0,1.9,0.1,7.843
2026-04-26 05:00,3.1,2.8,0.3,7.959
2026-04-26 06:00,4.3,3.5,0.8,9.001
2026-04-26 07:00,4.0,3.2,0.8,10.793
2026-04-26 08:00,3.5,2.8,0.7,12.06
2026-04-26 09:00,3.0,2.4,0.6,13.54
2026-04-26 10:00,2.6,2.1,0.5,14.166
2026-04-26 11:00,2.5,2.0,0.5,13.956
2026-04-26 12:00,2.1,1.7,0.4,14.18
2026-04-26 13:00,1.9,1.5,0.4,14.611
2026-04-26 14:00,1.9,1.5,0.4,15.203
2026-04-26 15:00,1.8,1.4,0.4,15.219
2026-04-26 16:00,2.0,1.5,0.5,14.786
2026-04-26 17:00,2.2,1.7,0.5,13.55
2026-04-26 18:00,3.2,2.6,0.6,11.683
2026-04-26 19:00,3.9,3.1,0.8,10.327
2026-04-26 20:00,4.1,3.2,0.9,9.262
2026-04-26 21:00,3.8,3.0,0.8,8.822
2026-04-26 22:00,2.7,2.2,0.5,8.458
2026-04-26 23:00,2.1,1.8,0.3,8.037
2026-04-27 00:00,2.1,1.9,0.2,7.521
2026-04-27 01:00,2.3,2.2,0.1,7.078
2026-04-27 02:00,2.2,2.2,0.0,6.493
2026-04-27 03:00,2.5,2.5,0.0,6.068
2026-04-27 04:00,2.3,2.2,0.1,6.327
2026-04-27 05:00,3.7,3.4,0.3,7.835
2026-04-27 06:00,5.5,4.7,0.8,9.607
2026-04-27 07:00,4.9,4.1,0.8,10.792
2026-04-27 08:00,4.7,3.9,0.8,10.723
2026-04-27 09:00,3.6,3.0,0.6,10.676
2026-04-27 10:00,4.1,3.6,0.5,11.109
2026-04-27 11:00,3.9,3.4,0.5,11.527
2026-04-27 12:00,3.4,3.0,0.4,11.74
2026-04-27 13:00,3.4,3.0,0.4,11.878
2026-04-27 14:00,3.1,2.6,0.4,11.471
2026-04-27 15:00,3.1,2.7,0.4,10.69
2026-04-27 16:00,3.6,3.2,0.4,9.861
2026-04-27 17:00,3.7,3.2,0.5,8.972
2026-04-27 18:00,4.0,3.4,0.6,8.005
2026-04-27 19:00,4.9,4.1,0.8,7.339
2026-04-27 20:00,5.3,4.4,0.9,6.906
2026-04-27 21:00,5.2,4.3,0.9,6.535
2026-04-27 22:00,3.2,2.6,0.5,6.243
2026-04-27 23:00,2.5,2.2,0.3,5.863
2026-04-28 00:00,2.4,2.2,0.2,5.447
2026-04-28 01:00,2.3,2.2,0.1,5.058
2026-04-28 02:00,2.3,2.2,0.1,4.829
2026-04-28 03:00,2.5,2.5,0.0,4.685
2026-04-28 04:00,2.8,2.7,0.1,4.739
2026-04-28 05:00,3.9,3.8,0.1,5.66
2026-04-28 06:00,4.9,4.8,0.1,6.921
2026-04-28 07:00,4.8,4.6,0.2,8.282
2026-04-28 08:00,4.6,4.1,0.5,9.207
2026-04-28 09:00,4.1,3.3,0.8,9.887
2026-04-28 10:00,4.2,3.2,1.0,10.338
2026-04-28 11:00,4.5,3.5,1.0,10.665
2026-04-28 12:00,4.0,3.1,0.9,10.89
2026-04-28 13:00,3.8,3.1,0.7,11.144
2026-04-28 14:00,3.5,2.9,0.6,11.342
2026-04-28 15:00,3.5,3.0,0.5,11.354
2026-04-28 16:00,3.9,3.4,0.5,11.144
2026-04-28 17:00,3.6,3.0,0.6,10.633
2026-04-28 18:00,4.2,3.6,0.6,9.68
2026-04-28 19:00,5.0,4.3,0.7,9.048
2026-04-28 20:00,5.4,4.8,0.6,8.279
2026-04-28 21:00,5.2,4.7,0.5,7.614
2026-04-28 22:00,3.9,3.4,0.4,7.033
2026-04-28 23:00,3.4,3.1,0.3,6.543
2026-04-29 00:00,3.6,3.4,0.2,6.107
2026-04-29 01:00,3.3,3.2,0.1,5.653
2026-04-29 02:00,3.5,3.4,0.1,5.16
2026-04-29 03:00,3.6,3.6,0.0,4.602
2026-04-29 04:00,3.9,3.8,0.1,4.073
2026-04-29 05:00,5.2,5.1,0.1,5.007
2026-04-29 06:00,6.0,5.9,0.1,6.424
2026-04-29 07:00,5.0,4.8,0.2,9.307
2026-04-29 08:00,4.5,4.0,0.5,11.51
2026-04-29 09:00,3.7,2.9,0.8,12.717
2026-04-29 10:00,3.7,2.7,1.0,13.77
2026-04-29 11:00,3.0,2.1,0.9,14.602
2026-04-29 12:00,2.8,2.0,0.8,15.019
2026-04-29 13:00,2.7,2.0,0.7,14.822
2026-04-29 14:00,2.6,2.0,0.6,14.278
2026-04-29 15:00,2.7,2.2,0.5,13.827
2026-04-29 16:00,3.2,2.7,0.5,13.214
2026-04-29 17:00,3.8,3.2,0.6,12.158
2026-04-29 18:00,4.6,3.9,0.7,10.569
2026-04-29 19:00,4.6,3.9,0.7,9.619
2026-04-29 20:00,4.6,3.9,0.7,9.104
2026-04-29 21:00,4.4,3.9,0.5,8.466
2026-04-29 22:00,2.5,2.1,0.4,8.31
2026-04-29 23:00,1.9,1.7,0.2,8.347
2026-04-30 00:00,2.1,1.9,0.2,8.344
2026-04-30 01:00,2.0,1.9,0.1,8.251
2026-04-30 02:00,1.9,1.9,0.0,8.158
2026-04-30 03:00,1.5,1.5,0.0,8.053
2026-04-30 04:00,2.1,2.0,0.1,8.009
2026-04-30 05:00,2.8,2.5,0.3,8.198
2026-04-30 06:00,3.8,3.0,0.8,8.785
2026-04-30 07:00,3.6,2.8,0.8,9.872
2026-04-30 08:00,3.0,2.3,0.7,11.668
2026-04-30 09:00,2.4,1.8,0.6,13.363
2026-04-30 10:00,1.8,1.3,0.5,14.683
2026-04-30 11:00,1.5,1.0,0.5,15.691
2026-04-30 12:00,1.5,1.0,0.5,16.377
2026-04-30 13:00,1.4,1.0,0.4,16.726
2026-04-30 14:00,1.3,0.9,0.4,16.756
2026-04-30 15:00,1.4,1.0,0.4,16.4
2026-04-30 16:00,1.4,1.0,0.4,15.659
2026-04-30 17:00,1.8,1.2,0.6,14.112
2026-04-30 18:00,2.6,2.0,0.6,11.009
2026-04-30 19:00,3.5,2.7,0.8,9.288
2026-04-30 20:00,3.5,2.7,0.8,8.525
2026-04-30 21:00,3.8,3.0,0.8,7.805
2026-04-30 22:00,2.7,2.2,0.5,7.076
2026-04-30 23:00,2.2,1.9,0.3,6.362
2026-05-01 00:00,1.9,1.7,0.2,5.84
2026-05-01 01:00,1.7,1.6,0.1,5.699
2026-05-01 02:00,2.0,1.9,0.1,5.725
2026-05-01 03:00,1.7,1.7,0.0,5.925
2026-05-01 04:00,1.9,1.8,0.1,6.06
2026-05-01 05:00,2.0,1.9,0.1,6.507
2026-05-01 06:00,3.1,3.0,0.1,7.314
2026-05-01 07:00,2.4,2.2,0.2,8.959
2026-05-01 08:00,2.0,1.6,0.5,10.692
2026-05-01 09:00,1.7,0.9,0.8,12.391
2026-05-01 10:00,1.8,0.9,0.9,14.118
2026-05-01 11:00,1.7,0.8,0.9,15.575
2026-05-01 12:00,1.8,0.9,0.9,16.558
2026-05-01 13:00,1.4,0.8,0.6,17.028
2026-05-01 14:00,1.4,0.8,0.6,17.102
2026-05-01 15:00,1.3,0.8,0.5,16.833
2026-05-01 16:00,1.3,0.8,0.5,16.078
2026-05-01 17:00,1.6,1.0,0.6,14.435
2026-05-01 18:00,1.6,1.0,0.6,11.328
2026-05-01 19:00,2.4,1.7,0.7,9.4
2026-05-01 20:00,2.8,2.1,0.7,8.453
2026-05-01 21:00,3.0,2.4,0.6,7.686
2026-05-01 22:00,2.2,1.8,0.4,7.01
2026-05-01 23:00,2.1,1.8,0.3,6.214
2026-05-02 00:00,1.9,1.7,0.2,5.367
2026-05-02 01:00,1.9,1.8,0.1,4.8
2026-05-02 02:00,2.0,2.0,0.0,4.903
2026-05-02 03:00,1.9,1.9,0.0,5.541
2026-05-02 04:00,2.0,1.9,0.1,5.737
2026-05-02 05:00,2.8,2.5,0.3,5.932
2026-05-02 06:00,3.3,2.5,0.8,6.846
2026-05-02 07:00,3.0,2.1,0.8,8.329
2026-05-02 08:00,2.0,1.4,0.6,10.326
2026-05-02 09:00,1.7,1.1,0.6,12.597
2026-05-02 10:00,1.4,0.8,0.5,14.446
2026-05-02 11:00,1.3,0.8,0.5,15.574
2026-05-02 12:00,1.3,0.8,0.5,16.023
2026-05-02 13:00,1.1,0.7,0.4,15.693
2026-05-02 14:00,1.0,0.6,0.4,14.701
2026-05-02 15:00,1.2,0.8,0.4,13.361
2026-05-02 16:00,1.2,0.8,0.4,12.03
2026-05-02 17:00,1.5,0.9,0.6,11.129
2026-05-02 18:00,1.5,0.9,0.6,10.226
2026-05-02 19:00,2.0,1.2,0.8,9.322
2026-05-02 20:00,2.4,1.6,0.8,8.393
2026-05-02 21:00,2.6,1.8,0.8,7.503
2026-05-02 22:00,1.7,1.3,0.4,6.75
2026-05-02 23:00,1.7,1.4,0.3,6.194
2026-05-03 00:00,1.8,1.6,0.2,6.182
2026-05-03 01:00,1.7,1.6,0.1,6.251
2026-05-03 02:00,1.9,1.9,0.0,6.325
2026-05-03 03:00,1.9,1.9,0.0,6.25
2026-05-03 04:00,2.0,1.9,0.1,6.004
2026-05-03 05:00,2.7,2.4,0.3,6.306
2026-05-03 06:00,3.8,3.0,0.8,7.076
2026-05-03 07:00,3.6,2.8,0.8,8.083
2026-05-03 08:00,2.7,2.0,0.7,9.599
2026-05-03 09:00,2.2,1.6,0.6,10.744
2026-05-03 10:00,2.0,1.5,0.5,11.491
2026-05-03 11:00,1.9,1.4,0.5,12.083
2026-05-03 12:00,1.8,1.3,0.5,12.441
2026-05-03 13:00,2.1,1.7,0.4,12.542
2026-05-03 14:00,2.1,1.7,0.4,12.492
2026-05-03 15:00,2.1,1.7,0.4,12.108
2026-05-03 16:00,2.2,1.8,0.4,11.347
2026-05-03 17:00,2.8,2.2,0.6,10.328
2026-05-03 18:00,2.9,2.3,0.6,8.458
2026-05-03 19:00,3.4,2.6,0.8,7.092
2026-05-03 20:00,3.7,2.8,0.8,6.378
2026-05-03 21:00,3.9,3.1,0.8,5.789
2026-05-03 22:00,2.7,2.2,0.5,5.343
2026-05-03 23:00,2.4,2.1,0.3,4.836
2026-05-04 00:00,2.7,2.4,0.2,4.051
2026-05-04 01:00,2.6,2.5,0.1,3.153
2026-05-04 02:00,2.7,2.7,0.0,2.469
2026-05-04 03:00,3.1,3.1,0.0,2.22
2026-05-04 04:00,3.6,3.5,0.1,2.188
2026-05-04 05:00,4.6,4.4,0.3,2.458
2026-05-04 06:00,6.0,5.2,0.8,3.101
2026-05-04 07:00,5.1,4.3,0.8,4.44
2026-05-04 08:00,4.5,3.8,0.7,5.926
2026-05-04 09:00,4.0,3.4,0.6,6.976
2026-05-04 10:00,3.2,2.7,0.5,7.946
2026-05-04 11:00,3.2,2.7,0.5,8.446
2026-05-04 12:00,2.8,2.4,0.4,8.345
2026-05-04 13:00,3.0,2.6,0.4,8.113
2026-05-04 14:00,2.8,2.4,0.4,7.758
2026-05-04 15:00,2.8,2.4,0.4,7.144
2026-05-04 16:00,3.1,2.7,0.4,6.51
2026-05-04 17:00,3.7,3.1,0.6,6.035
2026-05-04 18:00,3.8,3.2,0.6,5.043
2026-05-04 19:00,4.8,4.0,0.8,3.865
2026-05-04 20:00,4.8,4.0,0.8,3.088
2026-05-04 21:00,4.5,3.7,0.8,2.258
2026-05-04 22:00,2.9,2.5,0.4,1.344
2026-05-04 23:00,2.5,2.2,0.3,0.472
2026-05-05 00:00,2.3,2.1,0.2,-0.256
2026-05-05 01:00,2.2,2.1,0.1,-0.774
2026-05-05 02:00,2.0,1.9,0.1,-0.908
2026-05-05 03:00,2.0,2.0,0.0,-0.286
2026-05-05 04:00,2.3,2.2,0.1,0.363
2026-05-05 05:00,3.1,3.0,0.1,1.423
2026-05-05 06:00,4.2,4.1,0.1,2.727
2026-05-05 07:00,4.2,4.0,0.2,4.288
2026-05-05 08:00,4.2,3.7,0.5,5.854
2026-05-05 09:00,3.9,3.1,0.8,7.59
2026-05-05 10:00,3.9,2.9,1.0,8.565
2026-05-05 11:00,3.6,2.7,1.0,9.255
2026-05-05 12:00,3.2,2.4,0.8,9.931
2026-05-05 13:00,3.2,2.5,0.7,10.402
2026-05-05 14:00,2.9,2.4,0.6,10.428
2026-05-05 15:00,2.9,2.4,0.5,10.125
2026-05-05 16:00,3.0,2.6,0.5,9.505
2026-05-05 17:00,3.3,2.6,0.6,8.651
2026-05-05 18:00,3.7,3.1,0.6,6.768
2026-05-05 19:00,3.7,3.1,0.6,5.047
2026-05-05 20:00,3.8,3.2,0.6,4.126
2026-05-05 21:00,3.7,3.1,0.6,3.185
2026-05-05 22:00,1.9,1.5,0.4,2.605
2026-05-05 23:00,1.6,1.3,0.3,1.941
2026-05-06 00:00,1.5,1.3,0.2,1.162
2026-05-06 01:00,1.3,1.2,0.1,0.453
2026-05-06 02:00,1.4,1.3,0.1,-0.073
2026-05-06 03:00,1.4,1.4,0.0,-0.502
2026-05-06 04:00,1.7,1.6,0.1,-0.121
2026-05-06 05:00,2.5,2.4,0.1,2.267
2026-05-06 06:00,3.3,3.2,0.1,4.736
2026-05-06 07:00,3.3,3.1,0.2,7.022
2026-05-06 08:00,3.0,2.5,0.5,8.22
2026-05-06 09:00,3.3,2.4,0.9,9.175
2026-05-06 10:00,3.4,2.4,1.0,9.877
2026-05-06 11:00,3.0,2.0,1.0,10.715
2026-05-06 12:00,2.9,2.0,0.9,11.15
2026-05-06 13:00,2.6,1.9,0.7,11.117
2026-05-06 14:00,2.6,2.0,0.6,10.736
2026-05-06 15:00,2.7,2.2,0.5,10.168
2026-05-06 16:00,2.5,2.0,0.5,9.432
2026-05-06 17:00,2.6,2.0,0.6,8.609
2026-05-06 18:00,2.8,2.2,0.6,7.328
2026-05-06 19:00,2.9,2.4,0.6,6.103
2026-05-06 20:00,3.0,2.4,0.6,5.189
2026-05-06 21:00,3.3,2.7,0.6,4.402
2026-05-06 22:00,1.7,1.3,0.4,3.646
2026-05-06 23:00,1.6,1.3,0.3,2.935
2026-05-07 00:00,1.5,1.3,0.2,2.449
2026-05-07 01:00,1.6,1.5,0.1,2.246
2026-05-07 02:00,1.3,1.3,0.0,2.155
2026-05-07 03:00,1.3,1.3,0.0,2.158
2026-05-07 04:00,1.8,1.7,0.1,2.683
2026-05-07 05:00,2.2,1.9,0.3,4.437
2026-05-07 06:00,2.8,2.0,0.8,6.316
2026-05-07 07:00,2.4,1.6,0.8,8.431
2026-05-07 08:00,1.7,1.0,0.7,9.624
2026-05-07 09:00,1.4,0.8,0.6,10.583
2026-05-07 10:00,1.1,0.6,0.5,11.473
2026-05-07 11:00,1.1,0.6,0.5,12.192
2026-05-07 12:00,1.0,0.5,0.5,12.775
2026-05-07 13:00,0.9,0.5,0.4,13.198
2026-05-07 14:00,0.9,0.5,0.4,13.426
2026-05-07 15:00,0.9,0.5,0.4,13.3
2026-05-07 16:00,0.9,0.5,0.4,12.863
2026-05-07 17:00,1.2,0.6,0.6,12.137
2026-05-07 18:00,1.2,0.6,0.6,11.127
2026-05-07 19:00,1.6,0.8,0.8,8.685
2026-05-07 20:00,1.9,1.0,0.9,6.698
2026-05-07 21:00,1.9,1.1,0.8,6.222
2026-05-07 22:00,1.0,0.6,0.4,5.937
2026-05-07 23:00,0.8,0.5,0.3,6.095
2026-05-08 00:00,1.0,0.8,0.2,6.129
2026-05-08 01:00,1.0,0.9,0.1,6.123
2026-05-08 02:00,1.0,1.0,0.0,5.82
2026-05-08 03:00,1.1,1.1,0.0,5.461
2026-05-08 04:00,1.2,1.1,0.1,5.384
2026-05-08 05:00,1.9,1.6,0.3,5.573
2026-05-08 06:00,2.8,2.0,0.8,6.301
2026-05-08 07:00,2.8,2.0,0.8,8.567
2026-05-08 08:00,2.6,1.9,0.7,11.227
2026-05-08 09:00,2.1,1.5,0.6,12.056
2026-05-08 10:00,2.0,1.5,0.5,13.21
2026-05-08 11:00,1.7,1.2,0.5,13.825
2026-05-08 12:00,1.3,0.9,0.4,13.313
2026-05-08 13:00,1.2,0.8,0.4,13.028
2026-05-08 14:00,1.2,0.8,0.4,12.621
2026-05-08 15:00,1.2,0.8,0.4,12.447
2026-05-08 16:00,1.4,1.0,0.4,12.115
2026-05-08 17:00,1.6,1.1,0.5,11.441
2026-05-08 18:00,2.4,1.8,0.6,10.463
2026-05-08 19:00,3.1,2.3,0.8,9.475
2026-05-08 20:00,3.3,2.5,0.8,8.618
2026-05-08 21:00,3.6,2.8,0.8,8.295
2026-05-08 22:00,2.7,2.2,0.5,7.991
2026-05-08 23:00,2.1,1.9,0.2,7.821
2026-05-09 00:00,2.6,2.4,0.2,7.652
2026-05-09 01:00,2.8,2.7,0.1,7.471
2026-05-09 02:00,3.0,3.0,0.0,7.338
2026-05-09 03:00,3.0,3.0,0.0,7.283
2026-05-09 04:00,3.6,3.5,0.1,7.136
2026-05-09 05:00,4.0,3.7,0.3,7.941
2026-05-09 06:00,4.8,4.0,0.8,9.052
2026-05-09 07:00,4.0,3.2,0.8,10.78
2026-05-09 08:00,3.1,2.4,0.7,12.435
2026-05-09 09:00,2.3,1.7,0.6,13.343
2026-05-09 10:00,2.2,1.6,0.6,13.772
2026-05-09 11:00,1.7,1.2,0.5,13.852
2026-05-09 12:00,1.5,1.1,0.4,13.935
2026-05-09 13:00,1.6,1.2,0.4,14.01
2026-05-09 14:00,1.4,1.0,0.4,13.918
2026-05-09 15:00,1.5,1.1,0.4,13.722
2026-05-09 16:00,1.8,1.4,0.4,13.439
2026-05-09 17:00,2.4,1.9,0.5,12.874
2026-05-09 18:00,2.7,2.1,0.6,11.507
2026-05-09 19:00,3.2,2.4,0.8,10.099
2026-05-09 20:00,3.2,2.4,0.8,9.6
2026-05-09 21:00,3.4,2.6,0.8,9.234
2026-05-09 22:00,1.8,1.4,0.4,8.719
2026-05-09 23:00,1.7,1.4,0.3,8.038
2026-05-10 00:00,1.3,1.1,0.2,7.351
2026-05-10 01:00,1.4,1.3,0.1,7.053
2026-05-10 02:00,1.9,1.8,0.1,7.318
2026-05-10 03:00,2.2,2.2,0.0,7.419
2026-05-10 04:00,1.7,1.6,0.1,7.359
2026-05-10 05:00,2.0,1.9,0.1,7.624
2026-05-10 06:00,2.3,2.2,0.1,8.321
2026-05-10 07:00,2.4,2.2,0.2,9.206
2026-05-10 08:00,2.2,1.7,0.5,10.333
2026-05-10 09:00,1.9,1.1,0.8,11.947
2026-05-10 10:00,1.7,0.7,1.0,12.817
2026-05-10 11:00,1.7,0.7,1.0,13.393
2026-05-10 12:00,1.6,0.7,0.9,13.867
2026-05-10 13:00,1.4,0.7,0.7,14.124
2026-05-10 14:00,1.2,0.6,0.6,14.19
2026-05-10 15:00,1.2,0.7,0.5,14.09
2026-05-10 16:00,1.2,0.7,0.5,13.667
2026-05-10 17:00,1.2,0.7,0.5,12.796
2026-05-10 18:00,1.4,0.8,0.6,10.923
2026-05-10 19:00,1.8,1.1,0.7,9.105
2026-05-10 20:00,1.7,1.1,0.6,8.589
2026-05-10 21:00,1.5,1.0,0.5,8.341
2026-05-10 22:00,0.9,0.5,0.4,8.182
2026-05-10 23:00,1.0,0.7,0.3,8.024
2026-05-11 00:00,1.2,1.0,0.2,7.872
2026-05-11 01:00,1.1,1.0,0.1,7.72
2026-05-11 02:00,1.2,1.2,0.0,7.538
2026-05-11 03:00,1.2,1.2,0.0,7.386
2026-05-11 04:00,1.6,1.5,0.1,7.408
2026-05-11 05:00,1.9,1.6,0.3,8.043
2026-05-11 06:00,3.1,2.3,0.8,8.695
2026-05-11 07:00,3.1,2.2,0.8,9.594
2026-05-11 08:00,2.7,2.0,0.7,10.223
2026-05-11 09:00,2.2,1.6,0.6,10.63
2026-05-11 10:00,2.0,1.5,0.5,10.814
2026-05-11 11:00,2.0,1.5,0.5,11.015
2026-05-11 12:00,1.8,1.4,0.4,11.272
2026-05-11 13:00,1.8,1.4,0.4,11.506
2026-05-11 14:00,1.6,1.2,0.4,11.837
2026-05-11 15:00,1.7,1.3,0.4,12.212
2026-05-11 16:00,1.7,1.3,0.4,12.386
2026-05-11 17:00,2.0,1.5,0.5,11.942
2026-05-11 18:00,2.2,1.6,0.6,9.978
2026-05-11 19:00,2.6,1.8,0.7,7.938
2026-05-11 20:00,3.0,2.1,0.8,6.783
2026-05-11 21:00,2.9,2.2,0.7,5.489
2026-05-11 22:00,1.9,1.5,0.4,4.38
2026-05-11 23:00,1.9,1.6,0.3,3.493
2026-05-12 00:00,2.1,1.9,0.2,2.678
2026-05-12 01:00,2.0,1.9,0.1,2.003
2026-05-12 02:00,2.1,2.0,0.1,1.721
2026-05-12 03:00,2.2,2.2,0.0,1.727
2026-05-12 04:00,2.2,2.1,0.1,2.675
2026-05-12 05:00,2.4,2.3,0.1,4.387
2026-05-12 06:00,2.6,2.5,0.1,6.761
2026-05-12 07:00,2.5,2.3,0.2,8.629
2026-05-12 08:00,2.2,1.8,0.4,10.089
2026-05-12 09:00,2.4,1.6,0.8,11.377
2026-05-12 10:00,2.7,1.7,1.0,12.389
2026-05-12 11:00,2.4,1.5,0.9,13.027
2026-05-12 12:00,2.8,1.9,0.9,13.319
2026-05-12 13:00,2.6,1.9,0.7,13.488
2026-05-12 14:00,2.5,1.9,0.6,13.436
2026-05-12 15:00,2.3,1.8,0.5,13.203
2026-05-12 16:00,2.6,2.1,0.5,12.755
2026-05-12 17:00,2.8,2.2,0.6,11.821
2026-05-12 18:00,3.0,2.4,0.6,9.733
2026-05-12 19:00,3.2,2.5,0.7,7.683
2026-05-12 20:00,3.6,2.9,0.7,6.941
2026-05-12 21:00,3.1,2.6,0.5,6.12
2026-05-12 22:00,2.0,1.6,0.4,5.255
2026-05-12 23:00,1.8,1.5,0.3,4.263
2026-05-13 00:00,1.6,1.4,0.2,3.25
2026-05-13 01:00,1.5,1.4,0.1,2.37
2026-05-13 02:00,1.4,1.3,0.1,1.558
2026-05-13 03:00,1.4,1.4,0.0,0.855
2026-05-13 04:00,1.6,1.5,0.1,1.482
2026-05-13 05:00,1.8,1.7,0.1,3.771
2026-05-13 06:00,2.3,2.2,0.1,6.254
2026-05-13 07:00,2.1,1.9,0.2,8.483
2026-05-13 08:00,2.0,1.6,0.4,10.342
2026-05-13 09:00,1.9,1.1,0.8,11.938
2026-05-13 10:00,1.7,0.7,1.0,13.179
2026-05-13 11:00,1.5,0.6,0.9,14.085
2026-05-13 12:00,1.5,0.6,0.9,14.683
2026-05-13 13:00,1.3,0.6,0.7,14.959
2026-05-13 14:00,1.2,0.6,0.6,14.925
2026-05-13 15:00,1.1,0.6,0.5,14.685
2026-05-13 16:00,1.2,0.7,0.5,14.162
2026-05-13 17:00,1.2,0.7,0.5,13.003
2026-05-13 18:00,1.4,0.8,0.6,10.18
2026-05-13 19:00,1.8,1.1,0.7,7.791
2026-05-13 20:00,2.0,1.3,0.7,7.068
2026-05-13 21:00,2.1,1.5,0.6,6.357
2026-05-13 22:00,1.2,0.8,0.4,5.643
2026-05-13 23:00,1.1,0.8,0.3,4.51
2026-05-14 00:00,1.1,0.9,0.2,3.653
2026-05-14 01:00,1.0,0.9,0.1,2.926
2026-05-14 02:00,0.9,0.9,0.0,2.245
2026-05-14 03:00,0.9,0.9,0.0,1.605
2026-05-14 04:00,1.0,1.0,0.1,2.318
2026-05-14 05:00,1.5,1.2,0.3,4.262
2026-05-14 06:00,2.2,1.4,0.8,6.575
2026-05-14 07:00,1.8,1.0,0.8,9.009
2026-05-14 08:00,1.3,0.6,0.7,10.899
2026-05-14 09:00,1.1,0.5,0.6,12.391
2026-05-14 10:00,1.0,0.5,0.5,13.49
2026-05-14 11:00,0.9,0.4,0.5,14.264
2026-05-14 12:00,0.8,0.4,0.4,14.771
2026-05-14 13:00,0.8,0.4,0.4,15.021
2026-05-14 14:00,0.8,0.4,0.4,15.024
2026-05-14 15:00,0.8,0.4,0.4,14.764
2026-05-14 16:00,0.8,0.4,0.4,14.135
2026-05-14 17:00,1.0,0.5,0.5,13.095
2026-05-14 18:00,1.5,0.9,0.6,10.518
2026-05-14 19:00,1.8,1.0,0.8,7.986
2026-05-14 20:00,1.8,1.0,0.8,7.068
2026-05-14 21:00,1.9,1.1,0.8,6.259
2026-05-14 22:00,1.4,1.0,0.4,5.554
2026-05-14 23:00,1.2,0.9,0.3,4.904
2026-05-15 00:00,1.2,1.0,0.2,4.312
2026-05-15 01:00,1.1,1.0,0.1,3.751
2026-05-15 02:00,1.0,1.0,0.0,3.189
2026-05-15 03:00,1.0,1.0,0.0,2.549
2026-05-15 04:00,1.1,1.0,0.1,3.059
2026-05-15 05:00,1.5,1.2,0.3,5.685
2026-05-15 06:00,2.2,1.4,0.8,8.068
2026-05-15 07:00,1.9,1.2,0.8,10.137
2026-05-15 08:00,1.4,0.7,0.7,11.208
2026-05-15 09:00,1.3,0.7,0.6,12.342
2026-05-15 10:00,1.1,0.6,0.5,13.446
2026-05-15 11:00,1.1,0.6,0.5,14.353
2026-05-15 12:00,1.1,0.6,0.5,15.005
2026-05-15 13:00,1.0,0.6,0.4,15.357
2026-05-15 14:00,1.0,0.6,0.4,15.374
2026-05-15 15:00,1.4,1.0,0.4,15.051
2026-05-15 16:00,1.4,1.0,0.4,14.361
2026-05-15 17:00,2.0,1.4,0.6,13.29
2026-05-15 18:00,2.1,1.5,0.6,11.122
2026-05-15 19:00,2.4,1.7,0.7,8.777
2026-05-15 20:00,2.8,1.9,0.8,8.018
2026-05-15 21:00,2.8,2.0,0.8,7.723
2026-05-15 22:00,1.8,1.4,0.4,7.725
2026-05-15 23:00,1.8,1.6,0.3,7.524
2026-05-16 00:00,2.0,1.8,0.2,6.996
2026-05-16 01:00,1.9,1.8,0.1,6.232
2026-05-16 02:00,2.2,2.2,0.0,5.31
2026-05-16 03:00,2.3,2.3,0.0,4.568
2026-05-16 04:00,2.3,2.2,0.1,5.159
2026-05-16 05:00,2.9,2.6,0.3,7.25
2026-05-16 06:00,3.5,2.7,0.8,9.368
2026-05-16 07:00,3.3,2.5,0.8,11.075
2026-05-16 08:00,2.7,2.0,0.7,12.255
2026-05-16 09:00,2.2,1.6,0.6,13.379
2026-05-16 10:00,1.9,1.4,0.5,14.448
2026-05-16 11:00,1.8,1.3,0.5,15.263
2026-05-16 12:00,1.6,1.1,0.5,15.449
2026-05-16 13:00,1.5,1.1,0.4,15.01
2026-05-16 14:00,1.4,1.0,0.4,14.12
2026-05-16 15:00,1.3,0.9,0.4,13.116
2026-05-16 16:00,1.6,1.2,0.4,12.024
2026-05-16 17:00,1.7,1.2,0.5,10.959
2026-05-16 18:00,2.1,1.5,0.6,9.982
2026-05-16 19:00,2.4,1.6,0.8,9.254
2026-05-16 20:00,2.9,2.0,0.9,8.859
2026-05-16 21:00,2.8,2.0,0.8,8.531
2026-05-16 22:00,1.6,1.2,0.4,8.217
2026-05-16 23:00,1.3,1.0,0.3,7.948
2026-05-17 00:00,1.1,0.9,0.2,7.622
2026-05-17 01:00,1.3,1.2,0.1,7.249
2026-05-17 02:00,1.2,1.2,0.0,6.973
2026-05-17 03:00,1.2,1.2,0.0,6.758
2026-05-17 04:00,1.2,1.1,0.1,6.922
2026-05-17 05:00,1.9,1.6,0.3,7.435
2026-05-17 06:00,2.8,2.0,0.8,8.326
2026-05-17 07:00,2.8,2.0,0.8,9.475
2026-05-17 08:00,2.3,1.7,0.6,10.62
2026-05-17 09:00,1.9,1.3,0.6,11.542
2026-05-17 10:00,1.6,1.1,0.5,12.47
2026-05-17 11:00,1.6,1.1,0.5,13.455
2026-05-17 12:00,1.0,0.6,0.4,14.061
2026-05-17 13:00,1.0,0.6,0.4,14.331
2026-05-17 14:00,1.0,0.6,0.4,14.594
2026-05-17 15:00,1.0,0.6,0.4,14.768
2026-05-17 16:00,1.0,0.6,0.4,14.872
2026-05-17 17:00,1.2,0.7,0.5,14.5
2026-05-17 18:00,1.4,0.8,0.6,12.523
2026-05-17 19:00,1.9,1.1,0.8,10.429
2026-05-17 20:00,2.3,1.4,0.8,9.826
2026-05-17 21:00,2.5,1.7,0.8,9.37
2026-05-17 22:00,1.6,1.2,0.4,8.916
2026-05-17 23:00,1.2,1.0,0.3,8.466
2026-05-18 00:00,1.3,1.2,0.2,8.015
2026-05-18 01:00,1.2,1.1,0.1,7.6
2026-05-18 02:00,1.4,1.4,0.0,7.31
2026-05-18 03:00,1.6,1.6,0.0,7.088
2026-05-18 04:00,1.6,1.5,0.1,8.237
2026-05-18 05:00,1.9,1.6,0.3,10.375
2026-05-18 06:00,2.2,1.5,0.7,11.834
2026-05-18 07:00,1.9,1.1,0.8,14.673
2026-05-18 08:00,1.9,1.2,0.7,16.948
2026-05-18 09:00,1.2,0.6,0.6,18.113
2026-05-18 10:00,1.1,0.6,0.5,18.674
2026-05-18 11:00,1.1,0.6,0.5,18.811
2026-05-18 12:00,0.9,0.5,0.4,18.893
2026-05-18 13:00,0.9,0.5,0.4,19.063
2026-05-18 14:00,0.9,0.5,0.4,19.2
2026-05-18 15:00,1.0,0.6,0.4,19.019
2026-05-18 16:00,1.0,0.6,0.4,18.779
2026-05-18 17:00,1.1,0.6,0.5,17.927
2026-05-18 18:00,1.3,0.7,0.6,16.127
2026-05-18 19:00,1.9,1.1,0.8,14.434
2026-05-18 20:00,2.3,1.4,0.8,13.588
2026-05-18 21:00,2.4,1.6,0.8,13.038
2026-05-18 22:00,1.6,1.2,0.4,12.579
2026-05-18 23:00,1.6,1.3,0.3,12.344
2026-05-19 00:00,2.0,1.8,0.2,12.162
2026-05-19 01:00,2.4,2.3,0.1,11.785
2026-05-19 02:00,2.3,2.2,0.1,11.344
2026-05-19 03:00,2.5,2.5,0.0,10.907
2026-05-19 04:00,2.4,2.3,0.1,10.988
2026-05-19 05:00,2.3,2.2,0.1,11.931
2026-05-19 06:00,2.6,2.5,0.1,13.105
2026-05-19 07:00,1.8,1.6,0.2,15.621
2026-05-19 08:00,1.3,0.9,0.4,17.658
2026-05-19 09:00,1.8,0.9,0.9,18.696
2026-05-19 10:00,1.7,0.8,0.9,19.011
2026-05-19 11:00,1.7,0.8,0.9,19.207
2026-05-19 12:00,1.6,0.8,0.8,19.324
2026-05-19 13:00,1.4,0.7,0.7,19.265
2026-05-19 14:00,1.3,0.7,0.6,19.13
2026-05-19 15:00,1.2,0.7,0.5,18.823
2026-05-19 16:00,1.3,0.8,0.5,18.361
2026-05-19 17:00,1.5,0.9,0.6,17.493
2026-05-19 18:00,1.7,1.1,0.6,15.636
2026-05-19 19:00,2.0,1.4,0.6,13.659
2026-05-19 20:00,2.3,1.7,0.6,12.697
2026-05-19 21:00,2.0,1.5,0.5,11.941
2026-05-19 22:00,1.7,1.3,0.4,11.182
2026-05-19 23:00,1.7,1.4,0.3,10.537
2026-05-20 00:00,1.8,1.6,0.2,9.938
2026-05-20 01:00,1.8,1.7,0.1,9.42
2026-05-20 02:00,1.6,1.6,0.1,9.04
2026-05-20 03:00,1.8,1.8,0.0,8.753
2026-05-20 04:00,1.9,1.8,0.1,9.742
2026-05-20 05:00,2.0,1.9,0.1,11.125
2026-05-20 06:00,2.0,1.9,0.1,12.894
2026-05-20 07:00,1.5,1.3,0.2,14.586
2026-05-20 08:00,1.1,0.7,0.4,16.092
2026-05-20 09:00,1.6,0.7,0.9,17.26
2026-05-20 10:00,1.5,0.6,0.9,18.096
2026-05-20 11:00,1.5,0.6,1.0,18.658
2026-05-20 12:00,1.5,0.6,0.8,18.772
2026-05-20 13:00,1.4,0.6,0.8,18.5
2026-05-20 14:00,1.2,0.6,0.6,17.665
2026-05-20 15:00,1.1,0.6,0.5,16.917
2026-05-20 16:00,1.1,0.6,0.5,16.393
2026-05-20 17:00,1.3,0.7,0.6,15.702
2026-05-20 18:00,1.2,0.7,0.5,14.831
2026-05-20 19:00,1.4,0.8,0.6,13.962
2026-05-20 20:00,1.6,1.0,0.6,13.19
2026-05-20 21:00,1.6,1.1,0.5,12.556
2026-05-20 22:00,1.3,0.9,0.4,11.99
2026-05-20 23:00,0.9,0.7,0.2,11.402
2026-05-21 00:00,0.9,0.7,0.2,10.91
2026-05-21 01:00,1.0,0.9,0.1,10.577
2026-05-21 02:00,1.0,0.9,0.1,10.413
2026-05-21 03:00,0.9,0.9,0.0,10.349
2026-05-21 04:00,1.2,1.2,0.1,10.346
2026-05-21 05:00,1.0,1.0,0.1,10.469
2026-05-21 06:00,1.3,1.2,0.1,10.739
2026-05-21 07:00,1.2,1.0,0.2,11.122
2026-05-21 08:00,1.0,0.5,0.5,11.66
2026-05-21 09:00,1.2,0.4,0.8,12.16
2026-05-21 10:00,1.4,0.4,1.0,12.696
2026-05-21 11:00,1.4,0.4,1.0,13.363
2026-05-21 12:00,1.1,0.4,0.8,14.1
2026-05-21 13:00,0.9,0.3,0.6,14.534
2026-05-21 14:00,0.9,0.3,0.6,14.483
2026-05-21 15:00,0.8,0.4,0.5,14.15
2026-05-21 16:00,0.9,0.4,0.5,13.544
2026-05-21 17:00,1.0,0.4,0.6,12.75
2026-05-21 18:00,1.0,0.4,0.6,11.989
2026-05-21 19:00,1.1,0.5,0.6,11.376
2026-05-21 20:00,1.3,0.7,0.6,10.907
2026-05-21 21:00,1.2,0.7,0.5,10.545
2026-05-21 22:00,1.1,0.7,0.4,10.328
2026-05-21 23:00,1.0,0.7,0.3,10.105
2026-05-22 00:00,0.9,0.7,0.2,9.893
2026-05-22 01:00,1.1,1.0,0.1,9.682
2026-05-22 02:00,1.1,1.1,0.0,9.502
2026-05-22 03:00,1.3,1.3,0.0,9.316
2026-05-22 04:00,1.8,1.7,0.1,9.216
2026-05-22 05:00,1.9,1.6,0.3,9.187
2026-05-22 06:00,2.3,1.6,0.8,9.279
2026-05-22 07:00,2.1,1.3,0.8,9.954
2026-05-22 08:00,1.4,0.7,0.7,11.798
2026-05-22 09:00,1.2,0.6,0.6,13.877
2026-05-22 10:00,1.1,0.6,0.5,15.641
2026-05-22 11:00,1.1,0.6,0.5,16.892
2026-05-22 12:00,1.0,0.6,0.4,17.57
2026-05-22 13:00,1.0,0.6,0.4,17.832
2026-05-22 14:00,0.9,0.5,0.4,17.883
2026-05-22 15:00,1.0,0.6,0.4,17.864
2026-05-22 16:00,0.9,0.5,0.4,17.463
2026-05-22 17:00,1.1,0.6,0.5,16.712
2026-05-22 18:00,1.3,0.7,0.6,14.708
2026-05-22 19:00,2.0,1.2,0.8,12.903
2026-05-22 20:00,2.4,1.6,0.8,12.25
2026-05-22 21:00,2.9,2.1,0.8,11.704
2026-05-22 22:00,2.0,1.6,0.4,11.382
2026-05-22 23:00,2.0,1.7,0.3,11.427
2026-05-23 00:00,2.5,2.3,0.2,11.442
2026-05-23 01:00,2.3,2.2,0.1,11.131
2026-05-23 02:00,1.9,1.9,0.0,10.095
2026-05-23 03:00,2.5,2.5,0.0,8.859
2026-05-23 04:00,2.5,2.4,0.1,8.955
2026-05-23 05:00,2.6,2.3,0.3,11.434
2026-05-23 06:00,2.7,2.0,0.7,13.06
2026-05-23 07:00,2.2,1.4,0.8,15.984
2026-05-23 08:00,1.5,0.8,0.7,17.85
2026-05-23 09:00,1.3,0.7,0.6,19.066
2026-05-23 10:00,1.1,0.6,0.5,20.011
2026-05-23 11:00,1.2,0.7,0.5,20.685
2026-05-23 12:00,1.1,0.6,0.5,20.996
2026-05-23 13:00,1.0,0.6,0.4,21.033
2026-05-23 14:00,1.0,0.6,0.4,20.737
2026-05-23 15:00,1.0,0.6,0.4,20.269
2026-05-23 16:00,1.0,0.6,0.4,19.556
2026-05-23 17:00,1.2,0.7,0.5,18.301
2026-05-23 18:00,1.4,0.8,0.6,16.285
2026-05-23 19:00,1.7,0.8,0.8,14.863
2026-05-23 20:00,1.7,0.9,0.8,14.689
2026-05-23 21:00,1.6,0.8,0.8,14.79
2026-05-23 22:00,0.8,0.4,0.4,14.489
2026-05-23 23:00,0.4,0.1,0.3,13.754
2026-05-24 00:00,0.2,0.0,0.2,12.74
2026-05-24 01:00,0.5,0.4,0.1,11.576
2026-05-24 02:00,0.7,0.7,0.0,10.744
2026-05-24 03:00,0.9,0.9,0.0,10.351
2026-05-24 04:00,1.2,1.1,0.1,11.005
2026-05-24 05:00,1.1,0.8,0.3,13.262
2026-05-24 06:00,1.1,0.3,0.8,14.747
2026-05-24 07:00,1.1,0.3,0.8,16.409
2026-05-24 08:00,0.9,0.2,0.7,18.523
2026-05-24 09:00,0.8,0.2,0.6,19.87
2026-05-24 10:00,0.7,0.2,0.5,20.83
2026-05-24 11:00,0.7,0.2,0.5,21.498
2026-05-24 12:00,0.6,0.2,0.4,21.81
2026-05-24 13:00,0.6,0.2,0.4,21.751
2026-05-24 14:00,0.6,0.2,0.4,21.427
2026-05-24 15:00,0.6,0.2,0.4,20.961
2026-05-24 16:00,0.6,0.2,0.4,20.319
2026-05-24 17:00,0.7,0.2,0.5,19.111
2026-05-24 18:00,0.8,0.2,0.6,16.936
2026-05-24 19:00,1.0,0.2,0.8,14.626
2026-05-24 20:00,1.1,0.3,0.8,13.019
2026-05-24 21:00,1.0,0.2,0.8,11.422
2026-05-24 22:00,0.7,0.3,0.4,10.345
2026-05-24 23:00,0.7,0.4,0.3,9.636
2026-05-25 00:00,0.6,0.4,0.2,8.98
2026-05-25 01:00,0.7,0.6,0.1,8.295
2026-05-25 02:00,0.8,0.8,0.0,7.616
2026-05-25 03:00,0.9,0.9,0.0,6.97
2026-05-25 04:00,1.2,1.1,0.1,8.179
2026-05-25 05:00,1.1,0.8,0.3,9.959
2026-05-25 06:00,1.1,0.4,0.8,12.03
2026-05-25 07:00,1.2,0.3,0.9,13.49
2026-05-25 08:00,0.9,0.2,0.7,14.929
2026-05-25 09:00,0.8,0.2,0.6,16.258
2026-05-25 10:00,0.7,0.2,0.5,17.384
2026-05-25 11:00,0.7,0.2,0.5,18.115
2026-05-25 12:00,0.6,0.2,0.4,18.5
2026-05-25 13:00,0.6,0.2,0.4,18.579
2026-05-25 14:00,0.6,0.2,0.4,18.44
2026-05-25 15:00,0.6,0.2,0.4,18.063
2026-05-25 16:00,0.6,0.2,0.4,17.517
2026-05-25 17:00,0.8,0.2,0.6,16.674
2026-05-25 18:00,0.8,0.2,0.6,15.371
2026-05-25 19:00,1.1,0.3,0.8,13.52
2026-05-25 20:00,1.1,0.3,0.8,12.629
2026-05-25 21:00,0.9,0.2,0.7,11.969
2026-05-25 22:00,0.7,0.3,0.4,11.342
2026-05-25 23:00,0.2,0.0,0.2,10.558
2026-05-26 00:00,0.3,0.1,0.2,9.524
2026-05-26 01:00,0.2,0.1,0.1,8.723
2026-05-26 02:00,0.2,0.1,0.1,8.179
2026-05-26 03:00,0.1,0.1,0.0,7.712
2026-05-26 04:00,0.2,0.1,0.1,9.077
2026-05-26 05:00,0.5,0.4,0.1,11.139
2026-05-26 06:00,0.7,0.6,0.1,13.786
2026-05-26 07:00,0.8,0.6,0.2,16.271
2026-05-26 08:00,0.8,0.4,0.4,18.026
2026-05-26 09:00,1.2,0.4,0.8,19.351
2026-05-26 10:00,1.3,0.4,0.9,20.194
2026-05-26 11:00,1.3,0.4,1.0,20.758
2026-05-26 12:00,1.2,0.4,0.8,21.112
2026-05-26 13:00,0.9,0.3,0.6,21.169
2026-05-26 14:00,0.9,0.3,0.6,20.884
2026-05-26 15:00,1.0,0.5,0.5,20.308
2026-05-26 16:00,1.3,0.8,0.5,19.418
2026-05-26 17:00,1.4,0.8,0.6,18.499
2026-05-26 18:00,1.6,1.0,0.6,17.193
2026-05-26 19:00,2.1,1.4,0.7,15.166
2026-05-26 20:00,2.1,1.5,0.6,14.209
2026-05-26 21:00,2.1,1.6,0.5,13.539
2026-05-26 22:00,2.0,1.6,0.4,13.145
2026-05-26 23:00,2.0,1.7,0.3,12.808
2026-05-27 00:00,2.2,2.0,0.2,12.648
2026-05-27 01:00,2.2,2.1,0.1,12.679
2026-05-27 02:00,2.2,2.1,0.1,12.591
2026-05-27 03:00,2.0,2.0,0.0,12.64
2026-05-27 04:00,2.3,2.2,0.1,12.629
2026-05-27 05:00,2.3,2.2,0.1,12.874
2026-05-27 06:00,2.7,2.6,0.1,13.28
2026-05-27 07:00,2.4,2.2,0.2,14.051
2026-05-27 08:00,2.2,1.7,0.5,15.211
2026-05-27 09:00,2.2,1.3,0.9,16.452
2026-05-27 10:00,2.4,1.4,0.9,17.442
2026-05-27 11:00,1.9,1.0,0.9,18.079
2026-05-27 12:00,1.9,1.1,0.8,18.545
2026-05-27 13:00,1.6,0.9,0.7,18.846
2026-05-27 14:00,1.5,0.9,0.6,18.823
2026-05-27 15:00,1.6,1.1,0.5,18.216
2026-05-27 16:00,1.7,1.2,0.5,17.538
2026-05-27 17:00,1.9,1.4,0.5,16.548
2026-05-27 18:00,2.6,2.0,0.6,15.185
2026-05-27 19:00,2.8,2.2,0.6,13.797
2026-05-27 20:00,2.7,2.1,0.6,12.833
2026-05-27 21:00,2.6,2.1,0.5,12.391
2026-05-27 22:00,1.6,1.2,0.4,12.195
2026-05-27 23:00,1.4,1.2,0.2,12.154
2026-05-28 00:00,1.4,1.2,0.2,12.106
2026-05-28 01:00,1.2,1.1,0.1,11.828
2026-05-28 02:00,0.9,0.9,0.0,11.295
2026-05-28 03:00,1.0,1.0,0.0,10.572
2026-05-28 04:00,1.1,1.0,0.1,10.582
2026-05-28 05:00,1.7,1.4,0.3,11.207
2026-05-28 06:00,2.5,1.7,0.8,12.355
2026-05-28 07:00,2.3,1.5,0.8,13.677
2026-05-28 08:00,1.8,1.1,0.7,14.613
2026-05-28 09:00,1.7,1.1,0.6,14.859
2026-05-28 10:00,1.3,0.8,0.5,14.354
2026-05-28 11:00,1.1,0.7,0.4,14.151
2026-05-28 12:00,1.1,0.7,0.4,13.957
2026-05-28 13:00,0.9,0.5,0.4,13.798
2026-05-28 14:00,0.9,0.5,0.4,13.457
2026-05-28 15:00,0.9,0.5,0.4,13.167
2026-05-28 16:00,1.0,0.6,0.4,12.811
2026-05-28 17:00,1.1,0.6,0.5,12.246
2026-05-28 18:00,1.3,0.7,0.6,11.396
2026-05-28 19:00,1.6,0.9,0.7,10.048
2026-05-28 20:00,1.9,1.2,0.8,9.235
2026-05-28 21:00,2.3,1.5,0.8,8.545
2026-05-28 22:00,1.7,1.3,0.4,7.844
2026-05-28 23:00,1.8,1.5,0.3,7.15
2026-05-29 00:00,2.0,1.8,0.2,6.397
2026-05-29 01:00,2.1,2.0,0.1,5.661
2026-05-29 02:00,2.2,2.2,0.0,5.147
2026-05-29 03:00,2.2,2.2,0.0,4.804
2026-05-29 04:00,2.9,2.8,0.1,6.092
2026-05-29 05:00,2.8,2.5,0.3,8.062
2026-05-29 06:00,3.4,2.6,0.8,10.177
2026-05-29 07:00,2.9,2.1,0.8,12.147
2026-05-29 08:00,2.2,1.4,0.7,13.918
2026-05-29 09:00,1.8,1.2,0.6,15.357
2026-05-29 10:00,1.3,0.8,0.5,16.554
2026-05-29 11:00,1.3,0.8,0.5,17.474
2026-05-29 12:00,1.2,0.8,0.4,18.128
2026-05-29 13:00,1.2,0.8,0.4,18.557
2026-05-29 14:00,1.2,0.8,0.4,18.763
2026-05-29 15:00,1.2,0.8,0.4,18.723
2026-05-29 16:00,1.3,0.8,0.4,18.403
2026-05-29 17:00,1.4,1.0,0.5,17.838
2026-05-29 18:00,1.6,1.0,0.6,16.118
2026-05-29 19:00,1.9,1.1,0.8,13.907
2026-05-29 20:00,2.6,1.8,0.8,12.416
2026-05-29 21:00,2.7,1.9,0.8,11.556
2026-05-29 22:00,1.9,1.5,0.4,11.022
2026-05-29 23:00,1.7,1.4,0.3,10.577
2026-05-30 00:00,1.3,1.1,0.2,10.189
2026-05-30 01:00,1.3,1.2,0.1,9.843
2026-05-30 02:00,1.5,1.5,0.0,9.672
2026-05-30 03:00,1.7,1.7,0.0,9.826
2026-05-30 04:00,1.9,1.8,0.1,10.853
2026-05-30 05:00,2.0,1.7,0.3,11.975
2026-05-30 06:00,2.1,1.4,0.7,13.278
2026-05-30 07:00,1.8,1.0,0.8,14.659
2026-05-30 08:00,1.4,0.7,0.7,16.133
2026-05-30 09:00,1.1,0.6,0.5,17.565
2026-05-30 10:00,0.9,0.5,0.4,18.867
2026-05-30 11:00,1.0,0.5,0.5,19.793
2026-05-30 12:00,0.9,0.5,0.4,20.303
2026-05-30 13:00,0.9,0.5,0.4,20.534
2026-05-30 14:00,0.9,0.5,0.4,20.527
2026-05-30 15:00,0.9,0.5,0.4,20.315
2026-05-30 16:00,0.9,0.5,0.4,19.569
2026-05-30 17:00,1.1,0.6,0.5,18.913
2026-05-30 18:00,1.2,0.6,0.6,17.657
2026-05-30 19:00,1.5,0.7,0.8,15.922
2026-05-30 20:00,1.7,0.9,0.8,15.306
2026-05-30 21:00,2.2,1.4,0.8,14.747
2026-05-30 22:00,1.6,1.1,0.5,14.343
2026-05-30 23:00,1.4,1.1,0.3,13.841
2026-05-31 00:00,1.3,1.2,0.2,13.054
2026-05-31 01:00,1.0,0.9,0.1,12.054
2026-05-31 02:00,1.3,1.2,0.1,11.425
2026-05-31 03:00,1.0,1.0,0.0,11.026
2026-05-31 04:00,1.3,1.2,0.1,11.953
2026-05-31 05:00,1.5,1.4,0.1,13.433
2026-05-31 06:00,1.3,1.2,0.1,15.571
2026-05-31 07:00,1.0,0.8,0.2,17.687
2026-05-31 08:00,1.2,0.7,0.5,19.234
2026-05-31 09:00,1.4,0.6,0.8,20.389
2026-05-31 10:00,1.5,0.6,0.9,21.289
2026-05-31 11:00,1.6,0.6,1.0,22.005
2026-05-31 12:00,1.3,0.5,0.8,22.514
2026-05-31 13:00,1.2,0.5,0.7,22.762
2026-05-31 14:00,1.1,0.5,0.6,22.767
2026-05-31 15:00,1.0,0.5,0.5,22.495
2026-05-31 16:00,1.0,0.5,0.5,21.866
2026-05-31 17:00,1.1,0.6,0.5,20.856
2026-05-31 18:00,1.2,0.6,0.6,18.844
2026-05-31 19:00,1.7,1.1,0.6,16.245
2026-05-31 20:00,2.1,1.4,0.6,15.29
2026-05-31 21:00,2.2,1.7,0.5,14.879
2026-05-31 22:00,1.9,1.5,0.4,14.521
2026-05-31 23:00,1.5,1.3,0.2,14.35
2026-06-01 00:00,1.7,1.5,0.2,13.907
2026-06-01 01:00,1.6,1.6,0.1,13.127
2026-06-01 02:00,1.8,1.8,0.0,12.658
2026-06-01 03:00,1.6,1.6,0.0,11.946
2026-06-01 04:00,1.4,1.3,0.1,12.849
2026-06-01 05:00,1.4,1.1,0.3,15.154
2026-06-01 06:00,2.4,1.6,0.8,17.207
2026-06-01 07:00,1.8,1.0,0.8,19.786
2026-06-01 08:00,1.3,0.6,0.7,21.294
2026-06-01 09:00,1.0,0.5,0.5,22.505
2026-06-01 10:00,1.0,0.5,0.5,23.482
2026-06-01 11:00,1.0,0.5,0.5,24.181
2026-06-01 12:00,1.0,0.5,0.5,24.647
2026-06-01 13:00,0.8,0.4,0.4,25.053
2026-06-01 14:00,0.9,0.5,0.4,25.307
2026-06-01 15:00,0.9,0.5,0.4,25.346
2026-06-01 16:00,0.9,0.5,0.4,25.154
2026-06-01 17:00,1.2,0.6,0.6,24.884
2026-06-01 18:00,1.2,0.6,0.6,23.943
2026-06-01 19:00,1.5,0.7,0.8,22.303
2026-06-01 20:00,1.7,0.9,0.8,20.199
2026-06-01 21:00,1.7,0.9,0.8,18.299
2026-06-01 22:00,1.2,0.8,0.4,16.881
2026-06-01 23:00,1.1,0.9,0.2,16.152
2026-06-02 00:00,1.5,1.3,0.2,15.712
2026-06-02 01:00,1.6,1.5,0.1,15.352
2026-06-02 02:00,1.9,1.8,0.1,14.976
2026-06-02 03:00,1.9,1.9,0.0,14.598
2026-06-02 04:00,2.0,1.8,0.0,15.927
2026-06-02 05:00,1.3,1.2,0.0,17.693
2026-06-02 06:00,0.9,0.8,0.1,19.589
2026-06-02 07:00,0.8,0.6,0.2,22.368
2026-06-02 08:00,1.0,0.5,0.5,24.985
2026-06-02 09:00,1.4,0.5,0.9,26.373
2026-06-02 10:00,1.3,0.4,0.9,27.313
2026-06-02 11:00,1.4,0.4,1.0,27.922
2026-06-02 12:00,1.3,0.4,0.9,28.267
2026-06-02 13:00,1.0,0.4,0.6,28.399
2026-06-02 14:00,1.0,0.4,0.6,28.286
2026-06-02 15:00,0.9,0.4,0.5,27.954
2026-06-02 16:00,0.9,0.4,0.5,27.282
2026-06-02 17:00,1.1,0.5,0.6,26.039
2026-06-02 18:00,1.2,0.6,0.6,23.834
2026-06-02 19:00,1.3,0.6,0.7,21.279
2026-06-02 20:00,1.2,0.6,0.6,20.254
2026-06-02 21:00,1.0,0.5,0.5,19.665
2026-06-02 22:00,0.6,0.2,0.4,19.09
2026-06-02 23:00,0.5,0.3,0.2,18.455
2026-06-03 00:00,0.7,0.5,0.2,17.829
2026-06-03 01:00,1.4,1.3,0.1,17.271
2026-06-03 02:00,1.4,1.3,0.1,16.386
2026-06-03 03:00,1.4,1.4,0.0,15.916
2026-06-03 04:00,1.3,1.2,0.1,16.817
2026-06-03 05:00,0.4,0.3,0.1,18.276
2026-06-03 06:00,0.6,0.5,0.1,19.275
2026-06-03 07:00,0.6,0.4,0.2,20.195
2026-06-03 08:00,0.7,0.4,0.4,22.159
2026-06-03 09:00,1.2,0.3,0.9,24.396
2026-06-03 10:00,1.3,0.3,1.0,25.61
2026-06-03 11:00,1.2,0.3,1.0,25.506
2026-06-03 12:00,1.1,0.3,0.8,24.149
2026-06-03 13:00,1.0,0.3,0.7,23.277
2026-06-03 14:00,0.7,0.2,0.5,22.12
2026-06-03 15:00,0.8,0.3,0.5,20.388
2026-06-03 16:00,0.8,0.3,0.5,18.9
2026-06-03 17:00,0.8,0.3,0.5,18.522
2026-06-03 18:00,0.9,0.3,0.6,18.025
2026-06-03 19:00,1.0,0.4,0.6,16.779
2026-06-03 20:00,1.0,0.4,0.6,16.54
2026-06-03 21:00,0.8,0.4,0.5,16.178
2026-06-03 22:00,0.5,0.1,0.4,15.624
2026-06-03 23:00,0.6,0.3,0.3,15.086
2026-06-04 00:00,0.2,0.0,0.2,14.547
2026-06-04 01:00,0.3,0.2,0.1,14.115
2026-06-04 02:00,0.4,0.4,0.0,13.618
2026-06-04 03:00,0.6,0.6,0.0,12.943
2026-06-04 04:00,1.0,0.8,0.1,13.964
2026-06-04 05:00,0.6,0.3,0.3,15.611
2026-06-04 06:00,0.9,0.2,0.7,17.744
2026-06-04 07:00,1.0,0.2,0.8,19.613
2026-06-04 08:00,0.8,0.1,0.7,21.226
2026-06-04 09:00,0.7,0.1,0.6,22.729
2026-06-04 10:00,0.6,0.1,0.5,24.05
2026-06-04 11:00,0.6,0.1,0.5,25.012
2026-06-04 12:00,0.5,0.1,0.4,25.853
2026-06-04 13:00,0.5,0.1,0.4,26.606
2026-06-04 14:00,0.5,0.1,0.4,27.147
2026-06-04 15:00,0.4,0.1,0.4,27.305
2026-06-04 16:00,0.5,0.1,0.4,26.557
2026-06-04 17:00,0.6,0.1,0.5,25.016
2026-06-04 18:00,0.7,0.1,0.6,23.703
2026-06-04 19:00,0.9,0.1,0.8,22.495
2026-06-04 20:00,0.8,0.1,0.7,21.658
2026-06-04 21:00,0.9,0.1,0.8,20.891
2026-06-04 22:00,0.4,0.0,0.4,20.042
2026-06-04 23:00,0.2,0.0,0.2,19.283
2026-06-05 00:00,0.6,0.4,0.2,18.417
2026-06-05 01:00,0.9,0.8,0.1,17.369
2026-06-05 02:00,0.8,0.8,0.0,16.314
2026-06-05 03:00,0.8,0.8,0.0,15.609
2026-06-05 04:00,1.0,0.9,0.1,16.723
2026-06-05 05:00,1.7,1.4,0.3,17.609
2026-06-05 06:00,2.9,2.1,0.8,18.659
2026-06-05 07:00,2.7,1.9,0.8,20.196
2026-06-05 08:00,2.2,1.5,0.7,21.654
2026-06-05 09:00,1.9,1.3,0.6,22.611
2026-06-05 10:00,1.9,1.4,0.5,23.516
2026-06-05 11:00,1.8,1.4,0.4,24.635
2026-06-05 12:00,1.6,1.2,0.4,25.724
2026-06-05 13:00,1.7,1.3,0.4,26.695
2026-06-05 14:00,1.8,1.4,0.4,27.254
2026-06-05 15:00,2.0,1.6,0.4,27.393
2026-06-05 16:00,2.0,1.6,0.4,27.067
2026-06-05 17:00,2.3,1.8,0.5,26.434
2026-06-05 18:00,2.6,2.0,0.6,24.833
2026-06-05 19:00,3.0,2.2,0.8,22.515
2026-06-05 20:00,2.8,2.0,0.8,20.952
2026-06-05 21:00,3.1,2.4,0.8,20.393
2026-06-05 22:00,2.0,1.6,0.4,19.91
2026-06-05 23:00,2.1,1.8,0.3,19.036
2026-06-06 00:00,1.9,1.7,0.2,17.676
2026-06-06 01:00,2.2,2.1,0.1,14.911
2026-06-06 02:00,2.0,2.0,0.0,11.903
2026-06-06 03:00,1.9,1.9,0.0,10.795
2026-06-06 04:00,2.4,2.3,0.1,10.443
2026-06-06 05:00,3.2,2.9,0.3,10.421
2026-06-06 06:00,4.4,3.7,0.7,11.423
2026-06-06 07:00,4.1,3.4,0.7,12.991
2026-06-06 08:00,3.8,3.1,0.7,14.351
2026-06-06 09:00,3.4,2.8,0.6,15.519
2026-06-06 10:00,2.8,2.3,0.5,16.71
2026-06-06 11:00,2.8,2.4,0.4,17.507
2026-06-06 12:00,2.7,2.3,0.4,17.601
2026-06-06 13:00,2.9,2.5,0.4,17.233
2026-06-06 14:00,2.8,2.6,0.4,17.068
2026-06-06 15:00,2.4,2.0,0.4,17.248
2026-06-06 16:00,3.2,2.8,0.4,17.435
2026-06-06 17:00,3.5,3.0,0.5,17.067
2026-06-06 18:00,3.6,3.0,0.6,15.936
2026-06-06 19:00,3.8,3.1,0.7,14.35
2026-06-06 20:00,4.5,3.7,0.8,12.842
2026-06-06 21:00,4.3,3.5,0.8,11.354
2026-06-06 22:00,2.6,2.2,0.4,10.495
2026-06-06 23:00,2.5,2.2,0.3,9.858
2026-06-07 00:00,2.1,1.9,0.2,9.318
2026-06-07 01:00,1.8,1.7,0.1,8.928
2026-06-07 02:00,2.0,2.0,0.0,8.677
2026-06-07 03:00,2.4,2.4,0.0,8.793
2026-06-07 04:00,2.2,2.1,0.1,9.694
2026-06-07 05:00,3.0,2.6,0.3,10.811
2026-06-07 06:00,3.1,2.4,0.7,13.228
2026-06-07 07:00,2.8,2.1,0.7,15.303
2026-06-07 08:00,2.6,1.9,0.7,16.927
2026-06-07 09:00,2.8,2.2,0.6,18.25
2026-06-07 10:00,2.3,1.8,0.5,19.846
2026-06-07 11:00,1.7,1.3,0.4,21.607
2026-06-07 12:00,1.3,0.9,0.4,22.966
2026-06-07 13:00,1.3,0.9,0.4,23.83
2026-06-07 14:00,1.3,0.9,0.4,24.159
2026-06-07 15:00,1.3,0.9,0.4,23.472
2026-06-07 16:00,1.3,0.9,0.4,21.506
2026-06-07 17:00,1.7,1.2,0.5,18.689
2026-06-07 18:00,1.9,1.3,0.6,15.99
2026-06-07 19:00,2.5,1.7,0.8,14.083
2026-06-07 20:00,2.4,1.6,0.8,12.92
2026-06-07 21:00,2.6,1.8,0.8,12.36
2026-06-07 22:00,2.0,1.5,0.5,12.376
2026-06-07 23:00,1.7,1.5,0.2,12.282
2026-06-08 00:00,1.8,1.6,0.2,12.077
2026-06-08 01:00,1.9,1.8,0.1,11.887
2026-06-08 02:00,1.4,1.4,0.0,11.678
2026-06-08 03:00,1.4,1.4,0.0,11.338
2026-06-08 04:00,1.5,1.4,0.1,11.435
2026-06-08 05:00,2.0,1.7,0.3,12.115
2026-06-08 06:00,2.9,2.2,0.7,12.93
2026-06-08 07:00,2.1,1.4,0.7,14.1
2026-06-08 08:00,2.3,1.6,0.7,15.454
2026-06-08 09:00,1.9,1.3,0.6,16.591
2026-06-08 10:00,1.2,0.7,0.5,17.392
2026-06-08 11:00,1.1,0.7,0.4,17.859
2026-06-08 12:00,1.3,0.8,0.5,18.059
2026-06-08 13:00,1.1,0.7,0.4,18.018
2026-06-08 14:00,1.1,0.7,0.4,17.965
2026-06-08 15:00,1.1,0.7,0.4,17.748
2026-06-08 16:00,1.1,0.7,0.4,17.421
2026-06-08 17:00,1.3,0.8,0.5,16.774
2026-06-08 18:00,1.5,0.9,0.6,15.607
2026-06-08 19:00,2.0,1.3,0.7,13.273
2026-06-08 20:00,2.8,2.0,0.8,11.992
2026-06-08 21:00,2.9,2.1,0.8,11.324
2026-06-08 22:00,2.1,1.7,0.4,10.874
2026-06-08 23:00,2.1,1.8,0.3,10.689
2026-06-09 00:00,2.3,2.1,0.2,10.367
2026-06-09 01:00,1.9,1.8,0.1,9.403
2026-06-09 02:00,1.9,1.8,0.1,8.816
2026-06-09 03:00,1.6,1.6,0.0,8.865
2026-06-09 04:00,1.7,1.6,0.0,10.496
2026-06-09 05:00,2.3,2.2,0.1,12.001
2026-06-09 06:00,2.5,2.4,0.1,14.487
2026-06-09 07:00,2.3,2.1,0.2,16.304
2026-06-09 08:00,2.1,1.6,0.5,17.284
2026-06-09 09:00,1.8,1.0,0.8,18.005
2026-06-09 10:00,1.6,0.7,0.9,18.911
2026-06-09 11:00,1.6,0.7,0.9,20.001
2026-06-09 12:00,1.5,0.7,0.8,21.041
2026-06-09 13:00,1.4,0.7,0.7,21.657
2026-06-09 14:00,1.3,0.7,0.6,22.022
2026-06-09 15:00,1.2,0.7,0.5,21.859
2026-06-09 16:00,1.2,0.7,0.5,21.287
2026-06-09 17:00,1.4,0.8,0.6,20.266
2026-06-09 18:00,1.5,0.9,0.6,18.308
2026-06-09 19:00,1.8,1.2,0.6,16.623
2026-06-09 20:00,2.3,1.7,0.6,16.017
2026-06-09 21:00,2.1,1.6,0.5,15.231
2026-06-09 22:00,1.5,1.1,0.4,14.665
2026-06-09 23:00,1.5,1.2,0.3,14.392
2026-06-10 00:00,1.5,1.3,0.2,14.097
2026-06-10 01:00,1.6,1.5,0.1,13.85
2026-06-10 02:00,1.6,1.5,0.1,13.308
2026-06-10 03:00,1.6,1.6,0.0,13.448
2026-06-10 04:00,2.1,2.0,0.1,13.82
2026-06-10 05:00,2.1,2.0,0.1,14.561
2026-06-10 06:00,2.2,2.1,0.1,15.666
2026-06-10 07:00,2.0,1.8,0.2,17.709
2026-06-10 08:00,1.9,1.4,0.5,20.054
2026-06-10 09:00,1.8,0.9,0.9,21.195
2026-06-10 10:00,1.7,0.8,0.9,21.558
2026-06-10 11:00,1.7,0.8,0.9,21.56
2026-06-10 12:00,1.7,0.8,0.8,21.939
2026-06-10 13:00,1.3,0.7,0.6,21.938
2026-06-10 14:00,1.5,0.9,0.6,21.263
2026-06-10 15:00,1.2,0.7,0.5,21.414
2026-06-10 16:00,1.3,0.8,0.5,20.97
2026-06-10 17:00,1.4,0.8,0.5,18.965
2026-06-10 18:00,2.0,1.4,0.6,17.301
2026-06-10 19:00,2.4,1.8,0.6,16.207
2026-06-10 20:00,2.4,1.8,0.6,15.424
2026-06-10 21:00,2.3,1.8,0.5,14.749
2026-06-10 22:00,1.5,1.1,0.4,13.888
2026-06-10 23:00,1.3,1.0,0.3,13.586
2026-06-11 00:00,1.1,0.9,0.2,13.326
2026-06-11 01:00,1.1,1.0,0.1,12.64
2026-06-11 02:00,1.1,1.1,0.0,12.134
2026-06-11 03:00,1.1,1.1,0.0,11.765
2026-06-11 04:00,1.3,1.2,0.1,11.899
2026-06-11 05:00,1.5,1.2,0.3,12.463
2026-06-11 06:00,2.1,1.3,0.8,13.433
2026-06-11 07:00,1.8,1.0,0.8,14.837
2026-06-11 08:00,1.6,0.9,0.7,16.799
2026-06-11 09:00,1.2,0.6,0.6,18.407
2026-06-11 10:00,0.9,0.4,0.5,19.546
2026-06-11 11:00,1.0,0.6,0.4,20.078
2026-06-11 12:00,0.7,0.3,0.4,19.872
2026-06-11 13:00,0.7,0.4,0.4,19.771
2026-06-11 14:00,0.7,0.4,0.4,19.377
2026-06-11 15:00,0.7,0.4,0.4,19.151
2026-06-11 16:00,0.7,0.4,0.4,18.904
2026-06-11 17:00,0.9,0.4,0.5,18.174
2026-06-11 18:00,1.0,0.4,0.6,17.204
2026-06-11 19:00,1.3,0.5,0.8,16.16
2026-06-11 20:00,1.3,0.5,0.8,15.552
2026-06-11 21:00,1.5,0.7,0.8,15.111
2026-06-11 22:00,0.7,0.4,0.4,14.825
2026-06-11 23:00,0.8,0.5,0.3,14.621
2026-06-12 00:00,0.8,0.6,0.2,14.468
2026-06-12 01:00,0.8,0.7,0.1,14.366
2026-06-12 02:00,0.9,0.9,0.0,14.247
2026-06-12 03:00,0.9,1.0,0.0,14.11
2026-06-12 04:00,1.1,1.0,0.1,14.603
2026-06-12 05:00,1.2,0.9,0.3,15.816
2026-06-12 06:00,2.0,1.2,0.8,17.706
2026-06-12 07:00,1.8,1.0,0.8,18.728
2026-06-12 08:00,1.4,0.8,0.6,18.439
2026-06-12 09:00,1.2,0.6,0.6,18.284
2026-06-12 10:00,0.9,0.4,0.5,18.253
2026-06-12 11:00,0.8,0.4,0.4,18.59
2026-06-12 12:00,0.9,0.4,0.5,19.187
2026-06-12 13:00,0.8,0.4,0.4,19.48
2026-06-12 14:00,0.7,0.3,0.4,19.502
2026-06-12 15:00,0.8,0.4,0.4,19.454
2026-06-12 16:00,0.8,0.4,0.4,19.3
2026-06-12 17:00,0.9,0.4,0.5,18.784
2026-06-12 18:00,1.1,0.5,0.6,17.257
2026-06-12 19:00,1.3,0.5,0.8,14.616
2026-06-12 20:00,1.5,0.7,0.8,13.491
2026-06-12 21:00,1.6,0.8,0.7,13.002
2026-06-12 22:00,1.1,0.7,0.4,12.625
2026-06-12 23:00,1.3,1.1,0.2,12.395
2026-06-13 00:00,1.3,1.1,0.2,12.205
2026-06-13 01:00,1.2,1.1,0.1,11.667
2026-06-13 02:00,1.2,1.2,0.0,11.052
2026-06-13 03:00,1.3,1.3,0.0,10.669
2026-06-13 04:00,1.0,0.9,0.1,11.466
2026-06-13 05:00,1.2,0.9,0.3,13.139
2026-06-13 06:00,1.1,0.4,0.7,15.304
2026-06-13 07:00,1.2,0.4,0.8,16.841
2026-06-13 08:00,1.0,0.3,0.7,18.012
2026-06-13 09:00,0.9,0.3,0.6,18.846
2026-06-13 10:00,0.8,0.3,0.5,19.528
2026-06-13 11:00,0.8,0.3,0.5,19.855
2026-06-13 12:00,0.6,0.2,0.4,20.128
2026-06-13 13:00,0.6,0.2,0.4,20.536
2026-06-13 14:00,0.5,0.2,0.4,20.729
2026-06-13 15:00,0.5,0.2,0.4,20.623
2026-06-13 16:00,0.7,0.3,0.4,20.202
2026-06-13 17:00,0.8,0.3,0.5,19.254
2026-06-13 18:00,0.9,0.4,0.6,17.72
2026-06-13 19:00,1.0,0.3,0.7,15.607
2026-06-13 20:00,1.1,0.4,0.8,14.428
2026-06-13 21:00,1.2,0.4,0.8,14.06
2026-06-13 22:00,0.5,0.1,0.4,13.639
2026-06-13 23:00,0.4,0.1,0.3,13.303
2026-06-14 00:00,0.2,0.0,0.2,12.347
2026-06-14 01:00,0.1,0.0,0.1,11.766
2026-06-14 02:00,0.0,0.0,0.0,11.155
2026-06-14 03:00,0.0,0.0,0.0,10.631
2026-06-14 04:00,0.1,0.0,0.1,11.855
2026-06-14 05:00,0.3,0.0,0.3,13.512
2026-06-14 06:00,0.8,0.0,0.8,16.077
2026-06-14 07:00,0.8,0.0,0.8,18.802
2026-06-14 08:00,0.7,0.0,0.7,21.038
2026-06-14 09:00,0.6,0.0,0.6,23.077
2026-06-14 10:00,0.5,0.0,0.5,24.087
2026-06-14 11:00,0.4,0.0,0.4,24.755
2026-06-14 12:00,0.5,0.0,0.5,25.072
2026-06-14 13:00,0.4,0.0,0.4,24.911
2026-06-14 14:00,0.4,0.0,0.4,24.466
2026-06-14 15:00,0.3,0.0,0.4,24.023
2026-06-14 16:00,0.4,0.0,0.4,23.444
2026-06-14 17:00,0.5,0.0,0.5,22.416
2026-06-14 18:00,0.6,0.0,0.6,20.745
2026-06-14 19:00,0.8,0.0,0.8,19.195
2026-06-14 20:00,0.8,0.0,0.8,18.102
2026-06-14 21:00,0.7,0.0,0.7,17.5
2026-06-14 22:00,0.4,0.0,0.4,17.153
2026-06-14 23:00,0.3,0.0,0.3,16.825
2026-06-15 00:00,0.2,0.0,0.2,16.487
2026-06-15 01:00,0.1,0.0,0.1,16.061
2026-06-15 02:00,0.0,0.0,0.0,15.406
2026-06-15 03:00,0.2,0.2,0.0,15.175
2026-06-15 04:00,0.1,0.0,0.1,15.588
2026-06-15 05:00,0.2,0.0,0.2,15.874
2026-06-15 06:00,0.8,0.0,0.8,16.67
2026-06-15 07:00,0.8,0.0,0.8,17.774
2026-06-15 08:00,0.7,0.0,0.7,19.228
2026-06-15 09:00,0.6,0.0,0.6,20.644
2026-06-15 10:00,0.5,0.0,0.5,21.655
2026-06-15 11:00,0.5,0.0,0.5,21.996
2026-06-15 12:00,0.5,0.0,0.5,21.867
2026-06-15 13:00,0.4,0.0,0.4,21.905
2026-06-15 14:00,0.4,0.0,0.4,22.119
2026-06-15 15:00,0.4,0.0,0.4,21.901
2026-06-15 16:00,0.4,0.0,0.4,21.438
2026-06-15 17:00,0.5,0.0,0.5,20.677
2026-06-15 18:00,0.6,0.0,0.6,19.276
2026-06-15 19:00,0.8,0.0,0.8,17.075
2026-06-15 20:00,0.8,0.0,0.8,16.601
2026-06-15 21:00,0.8,0.0,0.8,16.468
2026-06-15 22:00,0.4,0.0,0.4,15.639
2026-06-15 23:00,0.3,0.0,0.3,14.407
2026-06-16 00:00,0.2,0.0,0.2,13.596
2026-06-16 01:00,0.1,0.0,0.1,13.013
2026-06-16 02:00,0.3,0.2,0.1,12.417
2026-06-16 03:00,0.2,0.2,0.0,12.014
2026-06-16 04:00,0.3,0.2,0.1,13.381
2026-06-16 05:00,0.3,0.2,0.0,14.996
2026-06-16 06:00,0.2,0.1,0.1,17.608
2026-06-16 07:00,0.3,0.1,0.2,19.132
2026-06-16 08:00,0.5,0.0,0.4,20.137
2026-06-16 09:00,0.9,0.0,0.9,20.962
2026-06-16 10:00,0.9,0.0,0.9,21.691
2026-06-16 11:00,0.9,0.0,0.9,22.243
2026-06-16 12:00,0.8,0.0,0.8,22.547
2026-06-16 13:00,0.7,0.0,0.7,22.677
2026-06-16 14:00,0.6,0.0,0.6,22.408
2026-06-16 15:00,0.5,0.0,0.5,21.829
2026-06-16 16:00,0.5,0.0,0.5,21.341
2026-06-16 17:00,0.6,0.0,0.6,20.543
2026-06-16 18:00,0.6,0.0,0.6,19.437
2026-06-16 19:00,0.7,0.0,0.6,17.655
2026-06-16 20:00,0.7,0.0,0.6,17.305
2026-06-16 21:00,0.6,0.0,0.5,17.441
2026-06-16 22:00,0.4,0.0,0.4,17.118
2026-06-16 23:00,0.3,0.0,0.3,16.428
2026-06-17 00:00,0.2,0.0,0.2,15.286
2026-06-17 01:00,0.3,0.2,0.1,14.484
2026-06-17 02:00,0.3,0.2,0.1,13.675
2026-06-17 03:00,0.2,0.2,0.0,13.002
2026-06-17 04:00,0.4,0.3,0.1,14.114
2026-06-17 05:00,0.4,0.3,0.1,16.393
2026-06-17 06:00,0.3,0.2,0.1,18.87
2026-06-17 07:00,0.4,0.2,0.2,21.229
2026-06-17 08:00,0.6,0.2,0.4,22.543
2026-06-17 09:00,1.0,0.2,0.8,23.69
2026-06-17 10:00,0.9,0.1,0.8,24.673
2026-06-17 11:00,1.0,0.1,0.9,25.436
2026-06-17 12:00,0.9,0.1,0.8,25.992
2026-06-17 13:00,0.8,0.1,0.7,26.302
2026-06-17 14:00,0.9,0.3,0.6,26.38
2026-06-17 15:00,0.9,0.4,0.5,26.202
2026-06-17 16:00,0.6,0.1,0.5,25.841
2026-06-17 17:00,0.7,0.2,0.5,25.074
2026-06-17 18:00,0.8,0.2,0.6,23.308
2026-06-17 19:00,0.9,0.2,0.7,20.966
2026-06-17 20:00,1.1,0.4,0.7,19.9
2026-06-17 21:00,0.9,0.4,0.5,19.241
2026-06-17 22:00,0.8,0.4,0.4,18.635
2026-06-17 23:00,0.7,0.4,0.3,17.988
2026-06-18 00:00,0.8,0.6,0.2,17.451
2026-06-18 01:00,1.0,0.9,0.1,16.992
2026-06-18 02:00,0.8,0.8,0.0,16.497
2026-06-18 03:00,1.2,1.2,0.0,15.91
2026-06-18 04:00,1.2,1.1,0.1,16.939
2026-06-18 05:00,1.2,0.9,0.3,18.905
2026-06-18 06:00,1.6,0.9,0.7,21.143
2026-06-18 07:00,1.4,0.6,0.8,24.166
2026-06-18 08:00,1.0,0.4,0.6,25.661
2026-06-18 09:00,0.9,0.3,0.6,26.67
2026-06-18 10:00,0.8,0.3,0.5,27.243
2026-06-18 11:00,0.7,0.3,0.4,27.802
2026-06-18 12:00,0.8,0.3,0.5,28.356
2026-06-18 13:00,0.7,0.3,0.4,28.465
2026-06-18 14:00,0.7,0.3,0.4,28.07
2026-06-18 15:00,0.7,0.3,0.4,27.487
2026-06-18 16:00,0.7,0.3,0.4,26.81
2026-06-18 17:00,0.8,0.3,0.5,26.027
2026-06-18 18:00,1.0,0.4,0.6,25.347
2026-06-18 19:00,1.4,0.6,0.8,24.442
2026-06-18 20:00,1.4,0.6,0.8,23.439
2026-06-18 21:00,1.4,0.6,0.8,22.128
2026-06-18 22:00,0.7,0.3,0.4,20.871
2026-06-18 23:00,0.6,0.3,0.3,19.781
2026-06-19 00:00,0.4,0.2,0.2,18.831
2026-06-19 01:00,0.3,0.2,0.1,17.764
2026-06-19 02:00,0.4,0.4,0.0,16.659
2026-06-19 03:00,0.5,0.5,0.0,16.087
2026-06-19 04:00,0.5,0.4,0.1,17.85
2026-06-19 05:00,0.9,0.6,0.3,19.864
2026-06-19 06:00,1.3,0.5,0.8,21.997
2026-06-19 07:00,1.0,0.2,0.8,24.877
2026-06-19 08:00,0.9,0.2,0.7,26.989
2026-06-19 09:00,0.8,0.2,0.6,28.423
2026-06-19 10:00,0.7,0.2,0.5,28.849
2026-06-19 11:00,0.7,0.2,0.5,27.702
2026-06-19 12:00,0.5,0.1,0.4,26.489
2026-06-19 13:00,0.5,0.1,0.4,26.396
2026-06-19 14:00,0.5,0.1,0.4,26.842
2026-06-19 15:00,0.4,0.1,0.4,26.628
2026-06-19 16:00,0.6,0.2,0.4,25.85
2026-06-19 17:00,0.7,0.2,0.5,24.462
2026-06-19 18:00,0.8,0.2,0.6,22.294
2026-06-19 19:00,0.9,0.2,0.7,20.599
2026-06-19 20:00,1.2,0.4,0.8,19.501
2026-06-19 21:00,1.0,0.2,0.8,18.604
2026-06-19 22:00,0.8,0.3,0.5,17.859
2026-06-19 23:00,0.9,0.6,0.3,17.121
2026-06-20 00:00,0.9,0.7,0.2,16.379
2026-06-20 01:00,0.9,0.8,0.1,15.769
2026-06-20 02:00,0.9,0.9,0.0,15.315
2026-06-20 03:00,1.2,1.2,0.0,15.126
2026-06-20 04:00,1.1,1.0,0.1,15.92
2026-06-20 05:00,0.8,0.5,0.3,16.798
2026-06-20 06:00,1.2,0.5,0.7,17.83
2026-06-20 07:00,1.2,0.4,0.8,18.985
2026-06-20 08:00,1.0,0.4,0.7,20.347
2026-06-20 09:00,0.9,0.3,0.6,21.57
2026-06-20 10:00,0.8,0.3,0.5,22.172
2026-06-20 11:00,0.7,0.3,0.4,22.041
2026-06-20 12:00,0.6,0.2,0.4,21.983
2026-06-20 13:00,0.6,0.2,0.4,21.561
2026-06-20 14:00,0.6,0.2,0.4,20.77
2026-06-20 15:00,0.7,0.3,0.4,20.059
2026-06-20 16:00,0.7,0.3,0.4,19.31
2026-06-20 17:00,0.8,0.3,0.5,18.543
2026-06-20 18:00,0.9,0.3,0.6,17.676
2026-06-20 19:00,1.2,0.4,0.8,16.466
2026-06-20 20:00,1.2,0.4,0.8,15.613
2026-06-20 21:00,1.4,0.7,0.7,14.866
2026-06-20 22:00,0.9,0.5,0.4,14.083
2026-06-20 23:00,1.0,0.7,0.3,13.485
2026-06-21 00:00,1.1,1.0,0.2,12.883
2026-06-21 01:00,1.0,0.9,0.1,12.444
2026-06-21 02:00,0.9,0.9,0.0,11.902
2026-06-21 03:00,1.3,1.3,0.0,11.297
2026-06-21 04:00,1.1,1.0,0.1,11.725
2026-06-21 05:00,1.3,1.0,0.3,13.045
2026-06-21 06:00,1.6,0.8,0.8,15.176
2026-06-21 07:00,1.4,0.7,0.7,16.973
2026-06-21 08:00,1.1,0.4,0.7,18.426
2026-06-21 09:00,1.0,0.4,0.6,19.639
2026-06-21 10:00,0.9,0.4,0.5,20.629
2026-06-21 11:00,0.8,0.4,0.4,21.388
2026-06-21 12:00,0.7,0.4,0.4,21.897
2026-06-21 13:00,0.7,0.4,0.4,22.079
2026-06-21 14:00,0.7,0.3,0.4,22.096
2026-06-21 15:00,0.6,0.3,0.3,21.924
2026-06-21 16:00,0.7,0.4,0.4,21.368
2026-06-21 17:00,0.9,0.4,0.5,20.443
2026-06-21 18:00,1.0,0.4,0.6,19.04
2026-06-21 19:00,1.2,0.5,0.7,17.308
2026-06-21 20:00,1.5,0.7,0.8,16.222
2026-06-21 21:00,1.9,1.1,0.8,15.095
2026-06-21 22:00,1.2,0.8,0.4,14.057
2026-06-21 23:00,1.4,1.1,0.3,13.173
2026-06-22 00:00,1.3,1.1,0.2,12.425
2026-06-22 01:00,1.1,1.0,0.1,11.926
2026-06-22 02:00,1.3,1.3,0.0,11.543
2026-06-22 03:00,1.5,1.5,0.0,11.418
2026-06-22 04:00,1.7,1.6,0.1,13.091
2026-06-22 05:00,1.2,0.9,0.3,15.016
2026-06-22 06:00,1.4,0.6,0.8,17.529
2026-06-22 07:00,1.1,0.4,0.7,19.699
2026-06-22 08:00,1.1,0.4,0.7,21.382
2026-06-22 09:00,0.8,0.3,0.5,22.647
2026-06-22 10:00,0.7,0.3,0.4,23.645
2026-06-22 11:00,0.8,0.3,0.5,24.504
2026-06-22 12:00,0.7,0.3,0.4,25.132
2026-06-22 13:00,0.7,0.3,0.4,25.38
2026-06-22 14:00,0.7,0.3,0.4,25.395
2026-06-22 15:00,0.6,0.3,0.4,25.324
2026-06-22 16:00,0.7,0.3,0.4,24.848
2026-06-22 17:00,0.8,0.3,0.5,23.822
2026-06-22 18:00,1.0,0.4,0.6,22.304
2026-06-22 19:00,1.2,0.4,0.8,20.086
2026-06-22 20:00,1.2,0.4,0.8,18.832
2026-06-22 21:00,1.2,0.4,0.8,18.057
2026-06-22 22:00,0.5,0.1,0.4,17.24
2026-06-22 23:00,0.3,0.1,0.2,16.508
2026-06-23 00:00,0.2,0.0,0.2,15.952
2026-06-23 01:00,0.2,0.0,0.1,15.465
2026-06-23 02:00,0.5,0.4,0.1,15.031
2026-06-23 03:00,0.7,0.7,0.0,14.704
2026-06-23 04:00,1.0,0.9,0.0,16.377
2026-06-23 05:00,0.9,0.8,0.0,18.041
2026-06-23 06:00,1.1,1.0,0.1,20.811
2026-06-23 07:00,1.0,0.8,0.2,23.555
2026-06-23 08:00,0.9,0.5,0.4,25.201
2026-06-23 09:00,1.1,0.3,0.8,26.499
2026-06-23 10:00,1.2,0.3,0.9,27.51
2026-06-23 11:00,1.3,0.3,1.0,28.231
2026-06-23 12:00,1.0,0.2,0.8,28.69
2026-06-23 13:00,0.8,0.2,0.6,28.863
2026-06-23 14:00,0.8,0.2,0.6,28.77
2026-06-23 15:00,0.7,0.2,0.5,28.524
2026-06-23 16:00,0.8,0.3,0.5,27.983
2026-06-23 17:00,0.8,0.3,0.5,26.988
2026-06-23 18:00,0.9,0.3,0.6,25.15
2026-06-23 19:00,0.9,0.3,0.6,22.663
2026-06-23 20:00,0.9,0.3,0.6,21.555
2026-06-23 21:00,1.2,0.7,0.5,20.938
2026-06-23 22:00,1.2,0.8,0.4,20.36
2026-06-23 23:00,1.2,0.9,0.3,19.975
2026-06-24 00:00,1.1,0.9,0.2,19.797
2026-06-24 01:00,1.2,1.1,0.1,19.681
2026-06-24 02:00,1.4,1.3,0.1,19.291
2026-06-24 03:00,1.3,1.3,0.0,18.925
2026-06-24 04:00,1.4,1.3,0.1,19.484
2026-06-24 05:00,1.0,0.9,0.1,20.952
2026-06-24 06:00,0.6,0.5,0.1,23.388
2026-06-24 07:00,0.7,0.5,0.2,25.349
2026-06-24 08:00,0.8,0.4,0.4,26.876
2026-06-24 09:00,1.3,0.4,0.9,28.213
2026-06-24 10:00,1.2,0.3,0.9,29.377
2026-06-24 11:00,1.2,0.3,0.9,30.338
2026-06-24 12:00,1.1,0.3,0.8,31.054
2026-06-24 13:00,1.0,0.3,0.7,31.465
2026-06-24 14:00,0.9,0.3,0.6,31.542
2026-06-24 15:00,0.8,0.3,0.5,31.137
2026-06-24 16:00,0.7,0.3,0.4,30.376
2026-06-24 17:00,0.8,0.4,0.5,29.261
2026-06-24 18:00,0.8,0.4,0.5,27.333
2026-06-24 19:00,1.0,0.4,0.6,25.158
2026-06-24 20:00,1.0,0.4,0.6,23.942
2026-06-24 21:00,0.9,0.4,0.5,23.012
2026-06-24 22:00,0.5,0.1,0.4,22.072
2026-06-24 23:00,0.4,0.1,0.3,21.444
2026-06-25 00:00,0.2,0.0,0.2,21.436
2026-06-25 01:00,0.1,0.0,0.1,21.618
2026-06-25 02:00,0.8,0.8,0.0,20.963
2026-06-25 03:00,0.4,0.4,0.0,20.015
2026-06-25 04:00,0.8,0.7,0.1,20.708
2026-06-25 05:00,0.4,0.1,0.3,22.002
2026-06-25 06:00,1.0,0.2,0.8,24.097
2026-06-25 07:00,0.9,0.1,0.8,26.352
2026-06-25 08:00,0.8,0.1,0.7,28.628
2026-06-25 09:00,0.6,0.1,0.5,30.724
2026-06-25 10:00,0.6,0.1,0.5,32.429
2026-06-25 11:00,0.5,0.1,0.4,33.61
2026-06-25 12:00,0.5,0.1,0.4,34.338
2026-06-25 13:00,0.5,0.1,0.4,34.667
2026-06-25 14:00,0.4,0.1,0.4,34.611
2026-06-25 15:00,0.5,0.1,0.4,34.193
2026-06-25 16:00,0.5,0.1,0.4,33.386
2026-06-25 17:00,0.6,0.1,0.5,31.74
2026-06-25 18:00,0.6,0.1,0.5,28.953
2026-06-25 19:00,0.9,0.1,0.8,27.03
2026-06-25 20:00,1.0,0.1,0.8,26.064
2026-06-25 21:00,0.8,0.1,0.7,25.135
2026-06-25 22:00,0.4,0.0,0.4,23.969
2026-06-25 23:00,0.3,0.0,0.3,22.906
2026-06-26 00:00,0.2,0.0,0.2,21.997
2026-06-26 01:00,0.1,0.0,0.1,21.142
2026-06-26 02:00,0.0,0.0,0.0,20.397
2026-06-26 03:00,0.0,0.0,0.0,19.882
2026-06-26 04:00,0.1,0.0,0.1,20.862
2026-06-26 05:00,0.3,0.0,0.3,22.179
2026-06-26 06:00,0.8,0.0,0.8,23.842
2026-06-26 07:00,0.7,0.0,0.7,26.14
2026-06-26 08:00,0.7,0.0,0.7,28.034
2026-06-26 09:00,0.5,0.0,0.5,29.5
2026-06-26 10:00,0.5,0.0,0.5,30.674
2026-06-26 11:00,0.4,0.0,0.4,31.556
2026-06-26 12:00,0.4,0.0,0.4,32.03
2026-06-26 13:00,0.4,0.0,0.4,32.132
2026-06-26 14:00,0.3,0.0,0.3,31.864
2026-06-26 15:00,0.4,0.0,0.4,31.329
2026-06-26 16:00,0.4,0.0,0.4,30.379
2026-06-26 17:00,0.5,0.0,0.5,28.964
2026-06-26 18:00,0.6,0.0,0.6,27.038
2026-06-26 19:00,0.8,0.0,0.8,24.784
2026-06-26 20:00,0.8,0.0,0.8,22.874
2026-06-26 21:00,0.8,0.0,0.8,21.398
2026-06-26 22:00,0.4,0.0,0.4,20.224
2026-06-26 23:00,0.2,0.0,0.2,19.206
2026-06-27 00:00,0.2,0.0,0.2,18.263
2026-06-27 01:00,0.1,0.0,0.1,17.353
2026-06-27 02:00,0.0,0.0,0.0,16.495
2026-06-27 03:00,0.0,0.0,0.0,15.595
2026-06-27 04:00,0.1,0.0,0.1,15.497
2026-06-27 05:00,0.3,0.0,0.3,16.388
2026-06-27 06:00,0.8,0.0,0.8,17.76
2026-06-27 07:00,0.8,0.0,0.8,19.472
2026-06-27 08:00,0.7,0.0,0.7,21.261
2026-06-27 09:00,0.6,0.0,0.6,22.969
2026-06-27 10:00,0.5,0.0,0.5,24.466
2026-06-27 11:00,0.4,0.0,0.4,25.695
2026-06-27 12:00,0.5,0.0,0.5,26.529
2026-06-27 13:00,0.4,0.0,0.4,26.902
2026-06-27 14:00,0.4,0.0,0.4,26.869
2026-06-27 15:00,0.4,0.0,0.4,26.504
2026-06-27 16:00,0.4,0.0,0.4,25.742
2026-06-27 17:00,0.5,0.0,0.5,24.522
2026-06-27 18:00,0.6,0.0,0.6,22.616
2026-06-27 19:00,0.8,0.0,0.8,19.757
2026-06-27 20:00,0.8,0.0,0.8,18.106
2026-06-27 21:00,0.7,0.0,0.7,16.835
2026-06-27 22:00,0.4,0.0,0.4,15.6
2026-06-27 23:00,0.3,0.0,0.3,14.535
2026-06-28 00:00,0.2,0.0,0.2,13.632
2026-06-28 01:00,0.1,0.0,0.1,12.857
2026-06-28 02:00,0.0,0.0,0.0,12.185
2026-06-28 03:00,0.0,0.0,0.0,11.81
2026-06-28 04:00,0.1,0.0,0.1,13.084
2026-06-28 05:00,0.3,0.0,0.3,14.95
2026-06-28 06:00,0.8,0.0,0.8,16.855
2026-06-28 07:00,0.7,0.0,0.7,18.723
2026-06-28 08:00,0.7,0.0,0.7,20.617
2026-06-28 09:00,0.6,0.0,0.6,22.525
2026-06-28 10:00,0.5,0.0,0.5,24.258
2026-06-28 11:00,0.4,0.0,0.4,25.742
2026-06-28 12:00,0.4,0.0,0.4,26.847
2026-06-28 13:00,0.4,0.0,0.4,27.528
2026-06-28 14:00,0.3,0.0,0.3,27.76
2026-06-28 15:00,0.4,0.0,0.4,27.675
2026-06-28 16:00,0.4,0.0,0.4,27.152
2026-06-28 17:00,0.5,0.0,0.5,26.022
2026-06-28 18:00,0.6,0.0,0.6,23.566
2026-06-28 19:00,0.8,0.0,0.8,20.061
2026-06-28 20:00,0.8,0.0,0.8,18.525
2026-06-28 21:00,0.7,0.0,0.7,17.645
2026-06-28 22:00,0.4,0.0,0.4,16.84
2026-06-28 23:00,0.3,0.0,0.3,16.14
2026-06-29 00:00,0.2,0.0,0.2,15.541
2026-06-29 01:00,0.1,0.0,0.1,15.014
2026-06-29 02:00,0.0,0.0,0.0,14.503
2026-06-29 03:00,0.0,0.0,0.0,14.169
2026-06-29 04:00,0.1,0.0,0.1,15.769
2026-06-29 05:00,0.3,0.0,0.3,17.621
2026-06-29 06:00,0.8,0.0,0.7,20.495
2026-06-29 07:00,0.8,0.0,0.8,24.271
2026-06-29 08:00,0.6,0.0,0.6,26.555
2026-06-29 09:00,0.6,0.0,0.6,28.413
2026-06-29 10:00,0.5,0.0,0.5,30.126
2026-06-29 11:00,0.4,0.0,0.4,31.537
2026-06-29 12:00,0.4,0.0,0.4,32.533
2026-06-29 13:00,0.4,0.0,0.4,33.156
2026-06-29 14:00,0.4,0.0,0.4,33.391
2026-06-29 15:00,0.4,0.0,0.4,33.231
2026-06-29 16:00,0.4,0.0,0.4,32.838
2026-06-29 17:00,0.5,0.0,0.5,31.574
2026-06-29 18:00,0.6,0.0,0.6,27.814
2026-06-29 19:00,0.7,0.0,0.7,24.122
2026-06-29 20:00,0.8,0.0,0.8,22.612
2026-06-29 21:00,0.8,0.0,0.8,21.86
2026-06-29 22:00,0.6,0.2,0.4,21.11
2026-06-29 23:00,0.6,0.4,0.2,20.356
2026-06-30 00:00,0.4,0.2,0.2,19.721
2026-06-30 01:00,0.3,0.2,0.1,19.272
2026-06-30 02:00,0.6,0.5,0.1,18.906
2026-06-30 03:00,0.6,0.6,0.0,18.567
2026-06-30 04:00,0.8,0.7,0.0,19.465
2026-06-30 05:00,0.7,0.6,0.0,21.304
2026-06-30 06:00,1.1,1.0,0.1,24.218
2026-06-30 07:00,1.4,1.2,0.2,27.833
2026-06-30 08:00,1.1,0.7,0.4,29.82
2026-06-30 09:00,1.1,0.3,0.8,30.817
2026-06-30 10:00,1.0,0.2,0.8,31.35
2026-06-30 11:00,1.2,0.2,1.0,31.686
2026-06-30 12:00,1.1,0.2,0.8,31.806
2026-06-30 13:00,0.8,0.2,0.6,31.391
2026-06-30 14:00,0.8,0.2,0.6,30.539
2026-06-30 15:00,0.7,0.2,0.5,28.913
2026-06-30 16:00,0.7,0.2,0.5,27.615
2026-06-30 17:00,0.8,0.3,0.5,26.82
2026-06-30 18:00,0.9,0.3,0.6,25.147
2026-06-30 19:00,0.9,0.3,0.6,22.583
2026-06-30 20:00,1.1,0.5,0.6,20.882
2026-06-30 21:00,1.1,0.6,0.5,19.679
2026-06-30 22:00,0.7,0.3,0.4,18.918
2026-06-30 23:00,0.6,0.3,0.3,18.427
2026-07-01 00:00,0.5,0.3,0.2,18.286
2026-07-01 01:00,0.4,0.3,0.1,18.085
2026-07-01 02:00,0.5,0.4,0.1,16.94
2026-07-01 03:00,0.4,0.4,0.0,16.697
2026-07-01 04:00,0.6,0.5,0.1,17.197
2026-07-01 05:00,0.8,0.7,0.1,17.968
2026-07-01 06:00,1.1,1.0,0.1,19.405
2026-07-01 07:00,0.9,0.7,0.2,21.052
2026-07-01 08:00,1.2,0.8,0.4,22.508
2026-07-01 09:00,1.7,0.8,0.9,23.762
2026-07-01 10:00,1.7,0.8,0.9,24.811
2026-07-01 11:00,1.8,0.8,1.0,25.629
2026-07-01 12:00,1.5,0.7,0.8,26.099
2026-07-01 13:00,1.2,0.5,0.7,26.231
2026-07-01 14:00,1.0,0.5,0.5,26.037
2026-07-01 15:00,1.0,0.5,0.5,25.463
2026-07-01 16:00,0.8,0.3,0.5,24.52
2026-07-01 17:00,1.1,0.6,0.5,23.079
2026-07-01 18:00,1.2,0.6,0.6,21.209
2026-07-01 19:00,1.2,0.6,0.6,18.733
2026-07-01 20:00,1.2,0.6,0.6,16.846
2026-07-01 21:00,1.1,0.6,0.5,15.636
2026-07-01 22:00,0.7,0.3,0.4,14.591
2026-07-01 23:00,0.6,0.3,0.3,13.666
2026-07-02 00:00,0.7,0.5,0.2,12.977
2026-07-02 01:00,0.8,0.7,0.1,12.551
2026-07-02 02:00,0.9,1.0,0.0,12.103
2026-07-02 03:00,0.9,0.9,0.0,11.85
2026-07-02 04:00,1.0,0.9,0.1,13.631
2026-07-02 05:00,1.2,0.9,0.3,15.656
2026-07-02 06:00,1.7,0.9,0.8,17.6
2026-07-02 07:00,1.5,0.7,0.8,18.913
2026-07-02 08:00,0.9,0.4,0.6,20.095
2026-07-02 09:00,0.9,0.4,0.6,21.125
2026-07-02 10:00,0.8,0.3,0.5,22.128
2026-07-02 11:00,0.7,0.3,0.4,23.224
2026-07-02 12:00,0.7,0.3,0.4,23.678
2026-07-02 13:00,0.7,0.3,0.4,23.668
2026-07-02 14:00,0.7,0.3,0.4,23.627
2026-07-02 15:00,0.7,0.3,0.4,23.378
2026-07-02 16:00,0.7,0.3,0.4,22.788
2026-07-02 17:00,0.8,0.3,0.5,21.818
2026-07-02 18:00,1.0,0.4,0.6,20.459
2026-07-02 19:00,1.1,0.4,0.7,17.99
2026-07-02 20:00,1.2,0.4,0.8,16.385
2026-07-02 21:00,1.6,0.8,0.8,15.282
2026-07-02 22:00,1.1,0.7,0.4,14.265
2026-07-02 23:00,1.2,0.9,0.3,13.352
2026-07-03 00:00,1.2,1.0,0.2,12.539
2026-07-03 01:00,1.5,1.4,0.1,11.798
2026-07-03 02:00,1.5,1.5,0.0,11.194
2026-07-03 03:00,1.6,1.6,0.0,10.802
2026-07-03 04:00,1.6,1.5,0.1,12.632
2026-07-03 05:00,1.5,1.3,0.2,14.858
2026-07-03 06:00,2.2,1.4,0.8,17.199
2026-07-03 07:00,1.7,0.8,0.8,18.724
2026-07-03 08:00,1.2,0.5,0.7,19.996
2026-07-03 09:00,1.1,0.5,0.6,21.038
2026-07-03 10:00,0.9,0.4,0.5,21.938
2026-07-03 11:00,0.8,0.4,0.4,22.671
2026-07-03 12:00,0.8,0.4,0.4,23.152
2026-07-03 13:00,0.7,0.4,0.4,23.357
2026-07-03 14:00,0.7,0.3,0.4,23.228
2026-07-03 15:00,0.8,0.4,0.4,22.807
2026-07-03 16:00,0.8,0.4,0.4,22.07
2026-07-03 17:00,0.9,0.4,0.5,20.985
2026-07-03 18:00,1.0,0.4,0.6,19.495
2026-07-03 19:00,1.3,0.5,0.8,17.048
2026-07-03 20:00,1.3,0.5,0.8,15.645
2026-07-03 21:00,1.2,0.5,0.7,14.619
2026-07-03 22:00,0.5,0.1,0.4,13.561
2026-07-03 23:00,0.3,0.1,0.2,12.511
2026-07-04 00:00,0.2,0.0,0.2,11.609
2026-07-04 01:00,0.5,0.4,0.1,10.875
2026-07-04 02:00,0.6,0.6,0.0,10.253
2026-07-04 03:00,0.8,0.8,0.0,9.828
2026-07-04 04:00,0.8,0.7,0.1,11.269
2026-07-04 05:00,0.7,0.5,0.2,13.362
2026-07-04 06:00,1.1,0.3,0.8,16.34
2026-07-04 07:00,1.0,0.2,0.8,17.949
2026-07-04 08:00,0.9,0.2,0.7,19.475
2026-07-04 09:00,0.7,0.2,0.5,20.974
2026-07-04 10:00,0.7,0.2,0.5,22.336
2026-07-04 11:00,0.6,0.2,0.4,23.514
2026-07-04 12:00,0.6,0.2,0.4,24.398
2026-07-04 13:00,0.6,0.2,0.4,24.978
2026-07-04 14:00,0.5,0.1,0.4,25.11
2026-07-04 15:00,0.6,0.2,0.4,24.924
2026-07-04 16:00,0.6,0.2,0.4,24.435
2026-07-04 17:00,0.7,0.2,0.5,23.434
2026-07-04 18:00,0.8,0.2,0.6,21.39
2026-07-04 19:00,1.0,0.2,0.8,18.543
2026-07-04 20:00,1.0,0.2,0.8,17.594
2026-07-04 21:00,1.2,0.4,0.8,17.098
2026-07-04 22:00,0.5,0.1,0.4,16.701
2026-07-04 23:00,0.7,0.4,0.3,16.229
2026-07-05 00:00,0.8,0.6,0.2,15.366
2026-07-05 01:00,0.3,0.2,0.1,14.911
2026-07-05 02:00,0.4,0.4,0.0,14.687
2026-07-05 03:00,0.9,0.9,0.0,14.416
2026-07-05 04:00,0.9,0.8,0.1,15.234
2026-07-05 05:00,0.9,0.6,0.3,16.716
2026-07-05 06:00,0.9,0.2,0.7,19.245
2026-07-05 07:00,1.0,0.2,0.8,21.383
2026-07-05 08:00,0.8,0.2,0.6,23.034
2026-07-05 09:00,0.8,0.2,0.6,24.389
2026-07-05 10:00,0.7,0.2,0.5,25.559
2026-07-05 11:00,0.7,0.2,0.5,26.495
2026-07-05 12:00,0.6,0.2,0.4,27.157
2026-07-05 13:00,0.5,0.1,0.4,27.491
2026-07-05 14:00,0.5,0.1,0.4,27.471
2026-07-05 15:00,0.5,0.1,0.4,27.062
2026-07-05 16:00,0.6,0.2,0.4,26.376
2026-07-05 17:00,0.7,0.2,0.5,25.286
2026-07-05 18:00,0.8,0.2,0.6,23.454
2026-07-05 19:00,0.9,0.2,0.7,20.471
2026-07-05 20:00,1.0,0.2,0.8,18.729
2026-07-05 21:00,1.0,0.2,0.8,17.72
2026-07-05 22:00,0.5,0.0,0.4,16.792
2026-07-05 23:00,0.2,0.0,0.2,16.073
2026-07-06 00:00,0.4,0.2,0.2,15.924
2026-07-06 01:00,0.3,0.2,0.1,15.594
2026-07-06 02:00,0.6,0.6,0.0,14.795
2026-07-06 03:00,0.4,0.4,0.0,14.21
2026-07-06 04:00,0.6,0.5,0.1,15.732
2026-07-06 05:00,0.6,0.3,0.3,17.605
2026-07-06 06:00,1.0,0.2,0.8,20.203
2026-07-06 07:00,0.9,0.1,0.8,22.401
2026-07-06 08:00,0.8,0.1,0.7,24.263
2026-07-06 09:00,0.6,0.1,0.5,25.852
2026-07-06 10:00,0.5,0.1,0.4,26.887
2026-07-06 11:00,0.5,0.1,0.4,27.211
2026-07-06 12:00,0.5,0.1,0.4,27.239
2026-07-06 13:00,0.5,0.1,0.4,27.165
2026-07-06 14:00,0.5,0.1,0.4,26.914
2026-07-06 15:00,0.5,0.1,0.4,26.189
2026-07-06 16:00,0.5,0.1,0.4,24.781
2026-07-06 17:00,0.6,0.1,0.5,22.683
2026-07-06 18:00,0.7,0.1,0.6,20.265
2026-07-06 19:00,0.9,0.1,0.8,18.255
2026-07-06 20:00,0.9,0.1,0.8,16.961
2026-07-06 21:00,0.9,0.1,0.8,16.18
2026-07-06 22:00,0.5,0.0,0.5,15.605
2026-07-06 23:00,0.2,0.0,0.2,15.042
2026-07-07 00:00,0.2,0.0,0.2,14.453
2026-07-07 01:00,0.1,0.0,0.1,13.837
2026-07-07 02:00,0.1,0.0,0.1,13.071
2026-07-07 03:00,0.0,0.0,0.0,12.365
2026-07-07 04:00,0.1,0.0,0.1,12.397
2026-07-07 05:00,0.1,0.0,0.1,13.367
2026-07-07 06:00,0.1,0.0,0.1,14.822
2026-07-07 07:00,0.2,0.0,0.2,16.538
2026-07-07 08:00,0.5,0.0,0.5,18.134
2026-07-07 09:00,0.8,0.0,0.8,19.37
2026-07-07 10:00,0.9,0.0,0.9,20.371
2026-07-07 11:00,0.9,0.0,0.9,21.206
2026-07-07 12:00,0.8,0.0,0.8,21.691
2026-07-07 13:00,0.6,0.0,0.6,21.906
2026-07-07 14:00,0.6,0.0,0.6,21.695
2026-07-07 15:00,0.5,0.0,0.5,21.059
2026-07-07 16:00,0.5,0.0,0.5,20.199
2026-07-07 17:00,0.5,0.0,0.5,19.136
2026-07-07 18:00,0.6,0.0,0.6,17.936
2026-07-07 19:00,0.6,0.0,0.6,16.63
2026-07-07 20:00,0.6,0.0,0.6,15.508
2026-07-07 21:00,0.5,0.0,0.5,14.185
2026-07-07 22:00,0.4,0.0,0.4,12.848
2026-07-07 23:00,0.3,0.0,0.3,11.923
2026-07-08 00:00,0.2,0.0,0.2,11.195
2026-07-08 01:00,0.3,0.2,0.1,10.204
2026-07-08 02:00,0.5,0.4,0.1,9.405
2026-07-08 03:00,0.2,0.2,0.0,8.88
2026-07-08 04:00,0.5,0.4,0.1,10.428
2026-07-08 05:00,0.4,0.3,0.1,12.635
2026-07-08 06:00,0.2,0.1,0.1,14.578
2026-07-08 07:00,0.3,0.1,0.2,15.832
2026-07-08 08:00,0.5,0.1,0.4,17.154
2026-07-08 09:00,0.9,0.1,0.8,18.372
2026-07-08 10:00,0.9,0.1,0.8,19.292
2026-07-08 11:00,1.0,0.1,0.9,19.103
2026-07-08 12:00,0.9,0.1,0.8,18.49
2026-07-08 13:00,0.7,0.1,0.6,18.486
2026-07-08 14:00,0.7,0.1,0.6,18.475
2026-07-08 15:00,0.6,0.1,0.5,17.488
2026-07-08 16:00,0.6,0.1,0.5,16.711
2026-07-08 17:00,0.7,0.1,0.6,16.469
2026-07-08 18:00,0.7,0.1,0.6,15.754
2026-07-08 19:00,0.7,0.1,0.6,13.914
2026-07-08 20:00,0.7,0.1,0.6,12.797
2026-07-08 21:00,0.6,0.1,0.5,12.156
2026-07-08 22:00,0.4,0.0,0.4,11.892
2026-07-08 23:00,0.3,0.0,0.3,11.704
2026-07-09 00:00,0.2,0.0,0.2,11.438
2026-07-09 01:00,0.1,0.0,0.1,11.038
2026-07-09 02:00,0.0,0.0,0.0,10.315
2026-07-09 03:00,0.2,0.2,0.0,9.327
2026-07-09 04:00,0.3,0.2,0.1,10.319
2026-07-09 05:00,0.3,0.0,0.3,12.112
2026-07-09 06:00,0.8,0.0,0.8,13.939
2026-07-09 07:00,0.8,0.0,0.8,15.291
2026-07-09 08:00,0.7,0.0,0.7,16.647
2026-07-09 09:00,0.6,0.0,0.6,18.011
2026-07-09 10:00,0.5,0.0,0.5,19.298
2026-07-09 11:00,0.4,0.0,0.4,20.302
2026-07-09 12:00,0.4,0.0,0.4,21.109
2026-07-09 13:00,0.4,0.0,0.4,21.619
2026-07-09 14:00,0.4,0.0,0.4,21.694
2026-07-09 15:00,0.4,0.0,0.4,21.456
2026-07-09 16:00,0.4,0.0,0.4,20.875
2026-07-09 17:00,0.5,0.0,0.5,19.944
2026-07-09 18:00,0.6,0.0,0.6,18.459
2026-07-09 19:00,0.8,0.0,0.8,15.688
2026-07-09 20:00,0.8,0.0,0.8,14.589
2026-07-09 21:00,0.7,0.0,0.7,13.958
2026-07-09 22:00,0.4,0.0,0.4,13.192
2026-07-09 23:00,0.2,0.0,0.2,12.088
2026-07-10 00:00,0.2,0.0,0.2,10.965
2026-07-10 01:00,0.1,0.0,0.1,10.209
2026-07-10 02:00,0.0,0.0,0.0,9.716
2026-07-10 03:00,0.0,0.0,0.0,9.509
2026-07-10 04:00,0.1,0.0,0.1,11.042
2026-07-10 05:00,0.2,0.0,0.2,13.047
2026-07-10 06:00,0.7,0.0,0.7,16.168
2026-07-10 07:00,0.8,0.0,0.8,18.159
2026-07-10 08:00,0.7,0.0,0.7,19.797
2026-07-10 09:00,0.5,0.0,0.5,21.314
2026-07-10 10:00,0.5,0.0,0.5,22.615
2026-07-10 11:00,0.4,0.0,0.4,23.662
2026-07-10 12:00,0.4,0.0,0.4,24.445
2026-07-10 13:00,0.4,0.0,0.4,24.791
2026-07-10 14:00,0.4,0.0,0.4,24.601
2026-07-10 15:00,0.3,0.0,0.3,24.054
2026-07-10 16:00,0.4,0.0,0.4,22.871
2026-07-10 17:00,0.5,0.0,0.5,20.953
2026-07-10 18:00,0.6,0.0,0.6,18.58
2026-07-10 19:00,0.7,0.0,0.7,16.5
2026-07-10 20:00,0.8,0.0,0.8,15.346
2026-07-10 21:00,0.8,0.0,0.8,14.909
2026-07-10 22:00,0.5,0.0,0.5,14.565
2026-07-10 23:00,0.2,0.0,0.2,14.403
2026-07-11 00:00,0.2,0.0,0.2,14.502
2026-07-11 01:00,0.1,0.0,0.1,14.555
2026-07-11 02:00,0.0,0.0,0.0,14.497
2026-07-11 03:00,0.2,0.2,0.0,14.454
2026-07-11 04:00,0.3,0.2,0.1,14.751
2026-07-11 05:00,0.2,0.0,0.2,15.203
2026-07-11 06:00,0.8,0.0,0.8,15.682
2026-07-11 07:00,0.7,0.0,0.7,16.187
2026-07-11 08:00,0.6,0.0,0.6,16.893
2026-07-11 09:00,0.6,0.0,0.6,17.771
2026-07-11 10:00,0.5,0.0,0.5,18.954
2026-07-11 11:00,0.4,0.0,0.4,20.391
2026-07-11 12:00,0.4,0.0,0.4,21.664
2026-07-11 13:00,0.4,0.0,0.4,22.917
2026-07-11 14:00,0.4,0.0,0.4,23.948
2026-07-11 15:00,0.4,0.0,0.4,24.037
2026-07-11 16:00,0.4,0.0,0.4,23.528
2026-07-11 17:00,0.5,0.0,0.5,22.751
2026-07-11 18:00,0.6,0.0,0.6,21.003
2026-07-11 19:00,0.8,0.0,0.8,18.806
2026-07-11 20:00,0.8,0.0,0.8,17.412
2026-07-11 21:00,0.8,0.0,0.8,16.542
2026-07-11 22:00,0.4,0.0,0.4,15.812
2026-07-11 23:00,0.3,0.0,0.3,15.311
2026-07-12 00:00,0.3,0.1,0.2,15.283
2026-07-12 01:00,0.2,0.1,0.1,15.491
2026-07-12 02:00,0.1,0.1,0.0,15.126
2026-07-12 03:00,0.1,0.1,0.0,14.538
2026-07-12 04:00,0.4,0.3,0.1,15.189
2026-07-12 05:00,0.7,0.5,0.2,17.258
2026-07-12 06:00,1.6,0.8,0.8,19.792
2026-07-12 07:00,1.3,0.5,0.8,22.108
2026-07-12 08:00,1.0,0.4,0.6,23.645
2026-07-12 09:00,1.0,0.5,0.5,24.948
2026-07-12 10:00,0.8,0.3,0.5,25.921
2026-07-12 11:00,0.7,0.3,0.4,26.301
2026-07-12 12:00,0.7,0.3,0.4,26.055
2026-07-12 13:00,1.1,0.7,0.4,25.256
2026-07-12 14:00,0.7,0.3,0.4,23.133
2026-07-12 15:00,0.9,0.5,0.4,20.823
2026-07-12 16:00,0.7,0.4,0.4,19.159
2026-07-12 17:00,1.1,0.6,0.5,18.181
2026-07-12 18:00,1.3,0.7,0.6,17.397
2026-07-12 19:00,1.6,0.8,0.8,16.55
2026-07-12 20:00,1.9,1.1,0.8,15.908
2026-07-12 21:00,2.0,1.3,0.7,15.396
2026-07-12 22:00,1.7,1.3,0.4,14.824
2026-07-12 23:00,1.6,1.4,0.2,14.142
2026-07-13 00:00,1.7,1.5,0.2,13.553
2026-07-13 01:00,1.8,1.7,0.1,13.134
2026-07-13 02:00,2.0,2.0,0.0,12.954
2026-07-13 03:00,2.0,2.0,0.0,12.926
2026-07-13 04:00,2.4,2.3,0.1,13.346
2026-07-13 05:00,2.6,2.3,0.3,14.351
2026-07-13 06:00,3.0,2.2,0.8,16.053
2026-07-13 07:00,2.3,1.5,0.8,17.688
2026-07-13 08:00,1.6,1.0,0.6,19.24
2026-07-13 09:00,1.6,1.0,0.6,20.393
2026-07-13 10:00,1.2,0.7,0.5,21.093
2026-07-13 11:00,1.1,0.7,0.4,21.603
2026-07-13 12:00,1.0,0.6,0.4,22.01
2026-07-13 13:00,1.1,0.7,0.4,21.722
2026-07-13 14:00,1.0,0.6,0.4,21.668
2026-07-13 15:00,1.0,0.6,0.4,21.334
2026-07-13 16:00,1.1,0.7,0.4,21.002
2026-07-13 17:00,1.3,0.8,0.5,20.152
2026-07-13 18:00,1.4,0.8,0.6,18.975
2026-07-13 19:00,1.6,0.9,0.7,17.34
2026-07-13 20:00,1.9,1.1,0.8,16.474
2026-07-13 21:00,2.4,1.6,0.8,15.708
2026-07-13 22:00,1.6,1.2,0.4,14.841
2026-07-13 23:00,1.4,1.2,0.2,13.919
2026-07-14 00:00,1.3,1.1,0.2,13.099
2026-07-14 01:00,1.1,1.0,0.1,12.591
2026-07-14 02:00,1.0,0.9,0.1,12.444
2026-07-14 03:00,0.9,0.9,0.0,12.437
2026-07-14 04:00,1.1,1.0,0.1,12.764
2026-07-14 05:00,1.2,1.1,0.1,13.431
2026-07-14 06:00,1.3,1.2,0.1,14.198
2026-07-14 07:00,1.1,0.9,0.2,15.448
2026-07-14 08:00,1.0,0.6,0.4,16.921
2026-07-14 09:00,1.3,0.5,0.8,18.101
2026-07-14 10:00,1.4,0.5,0.9,19.12
2026-07-14 11:00,1.3,0.4,0.9,19.956
2026-07-14 12:00,1.2,0.4,0.8,20.541
2026-07-14 13:00,1.1,0.4,0.7,20.832
2026-07-14 14:00,1.0,0.4,0.6,20.932
2026-07-14 15:00,1.3,0.8,0.5,20.647
2026-07-14 16:00,0.9,0.4,0.5,19.895
2026-07-14 17:00,1.2,0.7,0.5,18.929
2026-07-14 18:00,1.4,0.8,0.6,17.877
2026-07-14 19:00,1.6,1.0,0.6,16.608
2026-07-14 20:00,1.6,1.0,0.6,15.892
2026-07-14 21:00,1.5,1.0,0.5,15.496
2026-07-14 22:00,1.1,0.7,0.4,15.029
2026-07-14 23:00,1.4,1.1,0.3,14.379
2026-07-15 00:00,1.3,1.1,0.2,13.62
2026-07-15 01:00,1.1,1.0,0.1,13.336
2026-07-15 02:00,1.2,1.1,0.1,13.165
2026-07-15 03:00,1.3,1.3,0.0,12.965
2026-07-15 04:00,1.5,1.4,0.1,13.133
2026-07-15 05:00,1.4,1.3,0.1,14.197
2026-07-15 06:00,1.6,1.5,0.1,15.231
2026-07-15 07:00,1.4,1.2,0.2,16.051
2026-07-15 08:00,1.1,0.7,0.4,16.971
2026-07-15 09:00,1.4,0.5,0.9,18.058
2026-07-15 10:00,1.3,0.4,0.9,19.086
2026-07-15 11:00,1.3,0.4,0.9,20.173
2026-07-15 12:00,1.2,0.4,0.8,21.023
2026-07-15 13:00,1.0,0.4,0.6,21.431
2026-07-15 14:00,1.0,0.4,0.6,21.452
2026-07-15 15:00,0.9,0.4,0.5,21.149
2026-07-15 16:00,0.8,0.4,0.4,20.501
2026-07-15 17:00,0.9,0.4,0.5,19.481
2026-07-15 18:00,1.1,0.5,0.6,18.091
2026-07-15 19:00,1.1,0.5,0.6,15.944
2026-07-15 20:00,1.2,0.6,0.6,14.979
2026-07-15 21:00,1.0,0.5,0.5,14.437
2026-07-15 22:00,0.6,0.2,0.4,13.903
2026-07-15 23:00,0.4,0.1,0.3,12.901
2026-07-16 00:00,0.2,0.0,0.2,11.772
2026-07-16 01:00,0.1,0.0,0.1,10.969
2026-07-16 02:00,0.0,0.0,0.0,10.353
2026-07-16 03:00,0.2,0.2,0.0,9.863
2026-07-16 04:00,0.1,0.0,0.1,11.241
2026-07-16 05:00,0.4,0.0,0.3,13.334
2026-07-16 06:00,0.9,0.1,0.8,14.906
2026-07-16 07:00,1.1,0.3,0.8,16.355
2026-07-16 08:00,1.0,0.3,0.7,17.963
2026-07-16 09:00,0.7,0.0,0.6,19.437
2026-07-16 10:00,0.6,0.0,0.5,20.604
2026-07-16 11:00,0.6,0.0,0.5,21.626
2026-07-16 12:00,0.5,0.0,0.4,22.383
2026-07-16 13:00,0.4,0.0,0.4,22.882
2026-07-16 14:00,0.5,0.0,0.4,22.983
2026-07-16 15:00,0.5,0.0,0.4,22.74
2026-07-16 16:00,0.5,0.0,0.4,22.116
2026-07-16 17:00,0.6,0.0,0.5,21.102
2026-07-16 18:00,0.7,0.1,0.6,19.614
2026-07-16 19:00,0.8,0.1,0.7,17.013
2026-07-16 20:00,0.9,0.1,0.8,15.556
2026-07-16 21:00,0.8,0.1,0.7,14.629
2026-07-16 22:00,0.6,0.2,0.4,13.881
2026-07-16 23:00,0.5,0.2,0.3,13.297
2026-07-17 00:00,0.2,0.0,0.2,12.945
2026-07-17 01:00,0.1,0.0,0.1,12.846
2026-07-17 02:00,0.0,0.0,0.0,12.755
2026-07-17 03:00,0.0,0.0,0.0,12.443
2026-07-17 04:00,0.1,0.0,0.1,13.1
2026-07-17 05:00,0.3,0.0,0.3,14.922
2026-07-17 06:00,0.8,0.0,0.8,16.673
2026-07-17 07:00,0.7,0.0,0.7,18.095
2026-07-17 08:00,0.7,0.0,0.7,19.708
2026-07-17 09:00,0.6,0.0,0.6,21.105
2026-07-17 10:00,0.5,0.0,0.5,22.352
2026-07-17 11:00,0.4,0.0,0.4,23.368
2026-07-17 12:00,0.4,0.0,0.4,23.952
2026-07-17 13:00,0.4,0.0,0.4,24.23
2026-07-17 14:00,0.4,0.0,0.4,24.114
2026-07-17 15:00,0.3,0.0,0.3,23.686
2026-07-17 16:00,0.4,0.0,0.4,22.972
2026-07-17 17:00,0.5,0.0,0.5,21.943
2026-07-17 18:00,0.6,0.0,0.6,20.268
2026-07-17 19:00,0.7,0.0,0.7,17.596
2026-07-17 20:00,0.8,0.0,0.8,16.457
2026-07-17 21:00,0.8,0.0,0.8,15.842
2026-07-17 22:00,0.4,0.0,0.4,15.344
2026-07-17 23:00,0.4,0.2,0.2,14.826
2026-07-18 00:00,0.8,0.6,0.2,14.405
2026-07-18 01:00,0.5,0.4,0.1,14.284
2026-07-18 02:00,0.9,0.9,0.0,14.133
2026-07-18 03:00,1.1,1.1,0.0,13.89
2026-07-18 04:00,1.3,1.2,0.1,14.695
2026-07-18 05:00,1.1,0.8,0.3,16.162
2026-07-18 06:00,1.2,0.4,0.8,19.025
2026-07-18 07:00,1.1,0.3,0.8,21.807
2026-07-18 08:00,1.0,0.3,0.7,23.821
2026-07-18 09:00,0.7,0.2,0.5,25.343
2026-07-18 10:00,0.7,0.2,0.5,26.528
2026-07-18 11:00,0.6,0.2,0.4,27.187
2026-07-18 12:00,0.6,0.2,0.4,27.251
2026-07-18 13:00,0.6,0.2,0.4,26.989
2026-07-18 14:00,0.5,0.2,0.4,25.778
2026-07-18 15:00,0.5,0.2,0.4,24.306
2026-07-18 16:00,0.6,0.2,0.4,23.313
2026-07-18 17:00,0.7,0.2,0.5,22.669
2026-07-18 18:00,0.7,0.2,0.5,21.393
2026-07-18 19:00,1.0,0.3,0.7,19.566
2026-07-18 20:00,1.1,0.3,0.8,18.823
2026-07-18 21:00,1.1,0.3,0.8,18.257
2026-07-18 22:00,0.5,0.1,0.4,17.74
2026-07-18 23:00,0.4,0.0,0.3,17.285
2026-07-19 00:00,0.2,0.0,0.2,16.647
2026-07-19 01:00,0.1,0.0,0.1,16.24
2026-07-19 02:00,0.0,0.0,0.0,15.772
2026-07-19 03:00,0.0,0.0,0.0,15.328
2026-07-19 04:00,0.1,0.0,0.1,15.702
2026-07-19 05:00,0.3,0.0,0.3,16.242
2026-07-19 06:00,0.8,0.0,0.8,17.32
2026-07-19 07:00,0.7,0.0,0.7,19.02
2026-07-19 08:00,0.7,0.0,0.7,20.999
2026-07-19 09:00,0.6,0.0,0.6,22.709
2026-07-19 10:00,0.5,0.0,0.5,24.181
2026-07-19 11:00,0.4,0.0,0.4,25.264
2026-07-19 12:00,0.4,0.0,0.4,25.989
2026-07-19 13:00,0.4,0.0,0.4,26.266
2026-07-19 14:00,0.3,0.0,0.4,26.193
2026-07-19 15:00,0.4,0.0,0.4,25.86
2026-07-19 16:00,0.4,0.0,0.4,25.314
2026-07-19 17:00,0.5,0.0,0.5,24.369
2026-07-19 18:00,0.6,0.0,0.6,21.907
2026-07-19 19:00,0.7,0.0,0.7,20.199
2026-07-19 20:00,0.8,0.0,0.8,20.06
2026-07-19 21:00,0.8,0.0,0.8,19.603
2026-07-19 22:00,0.4,0.0,0.4,18.548
2026-07-19 23:00,0.3,0.0,0.3,17.645
2026-07-20 00:00,0.2,0.0,0.2,17.431
2026-07-20 01:00,0.1,0.0,0.1,17.559
2026-07-20 02:00,0.0,0.0,0.0,17.679
2026-07-20 03:00,0.0,0.0,0.0,17.471
2026-07-20 04:00,0.1,0.0,0.1,17.687
2026-07-20 05:00,0.3,0.0,0.3,19.129
2026-07-20 06:00,0.7,0.0,0.7,22.179
2026-07-20 07:00,0.8,0.0,0.8,25.073
2026-07-20 08:00,0.7,0.0,0.7,27.34
2026-07-20 09:00,0.6,0.0,0.6,28.836
2026-07-20 10:00,0.5,0.0,0.5,28.937
2026-07-20 11:00,0.5,0.0,0.5,28.648
2026-07-20 12:00,0.4,0.0,0.4,29.796
2026-07-20 13:00,0.4,0.0,0.4,30.159
2026-07-20 14:00,0.4,0.0,0.4,29.357
2026-07-20 15:00,0.4,0.0,0.4,27.757
2026-07-20 16:00,0.4,0.0,0.4,26.058
2026-07-20 17:00,0.5,0.0,0.5,24.207
2026-07-20 18:00,0.6,0.0,0.6,22.354
2026-07-20 19:00,0.8,0.0,0.8,20.641
2026-07-20 20:00,0.8,0.0,0.8,19.35
2026-07-20 21:00,0.8,0.0,0.8,18.554
2026-07-20 22:00,0.4,0.0,0.4,18.058
2026-07-20 23:00,0.3,0.0,0.3,17.437
2026-07-21 00:00,0.4,0.2,0.2,16.538
2026-07-21 01:00,0.6,0.5,0.1,15.653
2026-07-21 02:00,0.7,0.6,0.1,15.162
2026-07-21 03:00,0.8,0.8,0.0,14.807
2026-07-21 04:00,1.2,1.1,0.0,15.242
2026-07-21 05:00,1.0,0.9,0.0,16.469
2026-07-21 06:00,0.4,0.3,0.1,18.412
2026-07-21 07:00,0.5,0.3,0.2,20.49
2026-07-21 08:00,0.6,0.2,0.4,22.275
2026-07-21 09:00,1.0,0.2,0.8,23.656
2026-07-21 10:00,1.1,0.2,0.9,24.685
2026-07-21 11:00,1.2,0.2,1.0,25.24
2026-07-21 12:00,1.0,0.2,0.8,25.281
2026-07-21 13:00,0.8,0.2,0.6,25.744
2026-07-21 14:00,0.8,0.2,0.6,25.893
2026-07-21 15:00,0.7,0.2,0.5,25.754
2026-07-21 16:00,0.7,0.2,0.5,25.271
2026-07-21 17:00,0.7,0.2,0.5,24.395
2026-07-21 18:00,0.8,0.2,0.6,22.402
2026-07-21 19:00,0.9,0.2,0.7,19.7
2026-07-21 20:00,0.8,0.2,0.6,18.925
2026-07-21 21:00,0.7,0.2,0.5,18.872
2026-07-21 22:00,0.5,0.1,0.4,18.917
2026-07-21 23:00,0.3,0.0,0.3,18.304
2026-07-22 00:00,0.2,0.0,0.2,17.498
2026-07-22 01:00,0.1,0.0,0.1,16.721
2026-07-22 02:00,0.1,0.0,0.1,16.228
2026-07-22 03:00,0.0,0.0,0.0,15.575
2026-07-22 04:00,0.1,0.0,0.1,16.179
2026-07-22 05:00,0.1,0.0,0.1,17.931
2026-07-22 06:00,0.1,0.0,0.1,20.082
2026-07-22 07:00,0.2,0.0,0.2,22.694
2026-07-22 08:00,0.4,0.0,0.4,24.109
2026-07-22 09:00,0.8,0.0,0.8,25.199
2026-07-22 10:00,0.9,0.0,0.9,26.248
2026-07-22 11:00,0.9,0.0,0.9,27.128
2026-07-22 12:00,0.8,0.0,0.8,27.882
2026-07-22 13:00,0.6,0.0,0.6,28.516
2026-07-22 14:00,0.6,0.0,0.6,28.922
2026-07-22 15:00,0.5,0.0,0.5,28.978
2026-07-22 16:00,0.4,0.0,0.4,28.622
2026-07-22 17:00,0.6,0.0,0.6,27.793
2026-07-22 18:00,0.6,0.0,0.6,25.437
2026-07-22 19:00,0.6,0.0,0.6,23.311
2026-07-22 20:00,0.6,0.0,0.6,22.712
2026-07-22 21:00,0.5,0.0,0.5,22.304
2026-07-22 22:00,0.4,0.0,0.4,22.048
2026-07-22 23:00,0.3,0.0,0.3,21.664
2026-07-23 00:00,0.2,0.0,0.2,21.062
2026-07-23 01:00,0.1,0.0,0.1,20.073
2026-07-23 02:00,0.0,0.0,0.0,19.105
2026-07-23 03:00,0.4,0.4,0.0,18.188
2026-07-23 04:00,0.7,0.6,0.1,18.795
2026-07-23 05:00,0.6,0.3,0.3,21.44
2026-07-23 06:00,1.2,0.4,0.8,23.798
2026-07-23 07:00,0.9,0.1,0.8,27.125
2026-07-23 08:00,0.7,0.1,0.6,29.099
2026-07-23 09:00,0.7,0.1,0.6,30.724
2026-07-23 10:00,0.6,0.1,0.5,32.077
2026-07-23 11:00,0.6,0.1,0.5,33.18
2026-07-23 12:00,0.5,0.1,0.4,34.007
2026-07-23 13:00,0.5,0.1,0.4,34.525
2026-07-23 14:00,0.5,0.1,0.4,34.691
2026-07-23 15:00,0.5,0.1,0.4,34.491
2026-07-23 16:00,0.5,0.1,0.4,33.922
2026-07-23 17:00,0.7,0.1,0.6,32.695
2026-07-23 18:00,0.7,0.1,0.6,29.053
2026-07-23 19:00,0.9,0.1,0.8,26.126
2026-07-23 20:00,1.1,0.3,0.8,25.159
2026-07-23 21:00,0.9,0.1,0.8,24.588
2026-07-23 22:00,0.4,0.0,0.4,24.048
2026-07-23 23:00,0.4,0.2,0.2,23.342
2026-07-24 00:00,0.5,0.3,0.2,22.494
2026-07-24 01:00,0.6,0.5,0.1,21.749
2026-07-24 02:00,0.7,0.7,0.0,21.122
2026-07-24 03:00,0.7,0.7,0.0,20.482
2026-07-24 04:00,0.9,0.8,0.1,21.324
2026-07-24 05:00,1.3,1.0,0.3,23.391
2026-07-24 06:00,1.9,1.2,0.7,25.655
2026-07-24 07:00,2.0,1.2,0.8,29.249
2026-07-24 08:00,1.6,0.9,0.7,32.953
2026-07-24 09:00,1.5,0.9,0.6,34.864
2026-07-24 10:00,1.1,0.6,0.5,36.183
2026-07-24 11:00,1.4,0.9,0.5,37.223
2026-07-24 12:00,0.8,0.4,0.4,37.998
2026-07-24 13:00,0.8,0.4,0.4,38.461
2026-07-24 14:00,0.8,0.4,0.4,38.61
2026-07-24 15:00,0.8,0.4,0.4,38.432
2026-07-24 16:00,0.8,0.4,0.4,37.896
2026-07-24 17:00,1.2,0.7,0.5,36.392
2026-07-24 18:00,1.6,1.0,0.6,32.932
2026-07-24 19:00,1.6,0.9,0.7,30.035
2026-07-24 20:00,1.8,1.0,0.8,28.459
2026-07-24 21:00,2.0,1.2,0.8,27.237
2026-07-24 22:00,1.1,0.7,0.4,26.135
2026-07-24 23:00,1.0,0.7,0.3,25.195
2026-07-25 00:00,0.6,0.4,0.2,24.34
2026-07-25 01:00,0.6,0.5,0.1,23.557
2026-07-25 02:00,0.7,0.7,0.0,22.816
2026-07-25 03:00,0.7,0.7,0.0,22.165
2026-07-25 04:00,0.9,0.8,0.1,22.697
2026-07-25 05:00,1.2,1.0,0.2,24.945
2026-07-25 06:00,2.0,1.3,0.7,26.979
2026-07-25 07:00,2.1,1.3,0.8,30.478
2026-07-25 08:00,1.6,0.9,0.7,34.35
2026-07-25 09:00,1.7,1.1,0.6,36.757
2026-07-25 10:00,1.3,0.8,0.5,38.257
2026-07-25 11:00,0.8,0.4,0.4,39.179
2026-07-25 12:00,0.8,0.4,0.4,39.688
2026-07-25 13:00,0.8,0.4,0.4,39.836
2026-07-25 14:00,1.0,0.6,0.4,39.617
2026-07-25 15:00,0.9,0.6,0.4,39.083
2026-07-25 16:00,1.0,0.6,0.4,38.257
2026-07-25 17:00,1.2,0.7,0.5,36.314
2026-07-25 18:00,1.5,0.9,0.6,32.62
2026-07-25 19:00,1.8,1.0,0.8,30.036
2026-07-25 20:00,1.8,1.0,0.8,29.009
2026-07-25 21:00,1.6,0.9,0.7,28.203
2026-07-25 22:00,1.1,0.6,0.5,27.405
2026-07-25 23:00,0.8,0.5,0.3,26.576
2026-07-26 00:00,0.6,0.4,0.2,25.59
2026-07-26 01:00,0.5,0.4,0.1,24.686
2026-07-26 02:00,0.4,0.4,0.0,23.861
2026-07-26 03:00,0.5,0.5,0.0,23.002
2026-07-26 04:00,0.6,0.5,0.1,23.368
2026-07-26 05:00,0.9,0.6,0.3,25.077
2026-07-26 06:00,1.4,0.6,0.8,27.401
2026-07-26 07:00,1.2,0.4,0.8,31.192
2026-07-26 08:00,0.9,0.2,0.7,34.394
2026-07-26 09:00,0.8,0.2,0.6,36.458
2026-07-26 10:00,0.6,0.1,0.5,37.797
2026-07-26 11:00,0.7,0.2,0.5,38.602
2026-07-26 12:00,0.6,0.1,0.5,39.014
2026-07-26 13:00,0.5,0.1,0.4,39.105
2026-07-26 14:00,0.5,0.1,0.4,38.828
2026-07-26 15:00,0.5,0.1,0.4,37.905
2026-07-26 16:00,0.4,0.1,0.4,36.384
2026-07-26 17:00,0.7,0.2,0.5,34.165
2026-07-26 18:00,0.8,0.2,0.6,31.427
2026-07-26 19:00,1.0,0.2,0.8,29.471
2026-07-26 20:00,1.0,0.2,0.8,27.917
2026-07-26 21:00,1.0,0.2,0.8,26.547
2026-07-26 22:00,0.5,0.0,0.4,25.584
2026-07-26 23:00,0.3,0.0,0.3,24.81
2026-07-27 00:00,0.2,0.0,0.2,24.317
2026-07-27 01:00,0.1,0.0,0.1,23.838
2026-07-27 02:00,0.0,0.0,0.0,23.269
2026-07-27 03:00,0.0,0.0,0.0,22.403
2026-07-27 04:00,0.1,0.0,0.1,21.833
2026-07-27 05:00,0.3,0.0,0.3,21.525
2026-07-27 06:00,0.8,0.0,0.8,21.546
2026-07-27 07:00,0.8,0.0,0.8,21.874
2026-07-27 08:00,0.7,0.0,0.7,22.348
2026-07-27 09:00,0.6,0.0,0.6,22.932
2026-07-27 10:00,0.5,0.0,0.5,23.583
2026-07-27 11:00,0.5,0.0,0.5,24.313
2026-07-27 12:00,0.4,0.0,0.4,24.851
2026-07-27 13:00,0.4,0.0,0.4,25.024
2026-07-27 14:00,0.4,0.0,0.4,24.547
2026-07-27 15:00,0.3,0.0,0.3,23.615
2026-07-27 16:00,0.4,0.0,0.4,22.622
2026-07-27 17:00,0.5,0.0,0.5,21.871
2026-07-27 18:00,0.6,0.0,0.6,21.193
2026-07-27 19:00,0.7,0.0,0.7,20.59
2026-07-27 20:00,0.8,0.0,0.8,20.188
2026-07-27 21:00,1.0,0.2,0.8,19.876
2026-07-27 22:00,0.6,0.2,0.4,19.578
2026-07-27 23:00,0.3,0.0,0.3,19.29
2026-07-28 00:00,0.4,0.2,0.2,18.905
2026-07-28 01:00,0.7,0.6,0.1,18.458
2026-07-28 02:00,0.9,0.8,0.1,18.1
2026-07-28 03:00,1.1,1.1,0.0,17.736
2026-07-28 04:00,1.2,1.1,0.1,17.784
2026-07-28 05:00,1.2,1.1,0.1,18.253
2026-07-28 06:00,0.6,0.5,0.1,19.051
2026-07-28 07:00,0.5,0.3,0.2,20.118
2026-07-28 08:00,0.7,0.3,0.4,21.445
2026-07-28 09:00,1.1,0.2,0.9,22.554
2026-07-28 10:00,1.1,0.2,0.9,23.498
2026-07-28 11:00,1.1,0.2,0.9,23.935
2026-07-28 12:00,1.0,0.2,0.8,23.862
2026-07-28 13:00,0.9,0.2,0.7,23.377
2026-07-28 14:00,0.8,0.2,0.6,22.682
2026-07-28 15:00,0.7,0.2,0.5,21.806
2026-07-28 16:00,0.6,0.2,0.4,20.848
2026-07-28 17:00,0.8,0.2,0.6,19.746
2026-07-28 18:00,0.9,0.3,0.6,18.683
2026-07-28 19:00,0.9,0.3,0.6,17.798
2026-07-28 20:00,0.9,0.3,0.6,17.176
2026-07-28 21:00,0.8,0.3,0.5,16.756
2026-07-28 22:00,0.5,0.1,0.4,16.501
2026-07-28 23:00,0.4,0.0,0.3,16.211
2026-07-29 00:00,0.2,0.0,0.2,15.92
2026-07-29 01:00,0.1,0.0,0.1,15.589
2026-07-29 02:00,0.1,0.0,0.1,15.137
2026-07-29 03:00,0.0,0.0,0.0,14.622
2026-07-29 04:00,0.1,0.0,0.1,14.8
2026-07-29 05:00,0.1,0.0,0.1,15.714
2026-07-29 06:00,0.1,0.0,0.1,17.924
2026-07-29 07:00,0.2,0.0,0.2,19.991
2026-07-29 08:00,0.4,0.0,0.4,21.716
2026-07-29 09:00,0.9,0.0,0.9,23.113
2026-07-29 10:00,0.9,0.0,0.9,24.274
2026-07-29 11:00,0.9,0.0,0.9,25.211
2026-07-29 12:00,0.8,0.0,0.8,25.901
2026-07-29 13:00,0.6,0.0,0.6,26.279
2026-07-29 14:00,0.6,0.0,0.6,26.358
2026-07-29 15:00,0.5,0.0,0.5,26.174
2026-07-29 16:00,0.5,0.0,0.5,25.705
2026-07-29 17:00,0.6,0.0,0.6,24.85
2026-07-29 18:00,0.6,0.0,0.6,22.569
2026-07-29 19:00,0.6,0.0,0.6,20.251
2026-07-29 20:00,0.6,0.0,0.6,19.329
2026-07-29 21:00,0.5,0.0,0.5,18.603
2026-07-29 22:00,0.4,0.0,0.4,17.975
2026-07-29 23:00,0.2,0.0,0.2,17.462
2026-07-30 00:00,0.2,0.0,0.2,17.033
2026-07-30 01:00,0.1,0.0,0.1,16.523
2026-07-30 02:00,0.0,0.0,0.0,15.893
2026-07-30 03:00,0.0,0.0,0.0,15.271
2026-07-30 04:00,0.1,0.0,0.1,15.947
2026-07-30 05:00,0.3,0.0,0.3,18.679
2026-07-30 06:00,0.7,0.0,0.7,20.953
2026-07-30 07:00,0.8,0.0,0.8,24.234
2026-07-30 08:00,0.7,0.0,0.7,26.352
2026-07-30 09:00,0.6,0.0,0.6,27.889
2026-07-30 10:00,0.5,0.0,0.5,29.016
2026-07-30 11:00,0.4,0.0,0.4,29.801
2026-07-30 12:00,0.4,0.0,0.4,30.301
2026-07-30 13:00,0.4,0.0,0.4,30.443
2026-07-30 14:00,0.4,0.0,0.4,29.9
2026-07-30 15:00,0.3,0.0,0.3,28.138
2026-07-30 16:00,0.4,0.0,0.4,26.07
2026-07-30 17:00,0.6,0.0,0.6,24.572
2026-07-30 18:00,0.6,0.0,0.6,22.915
2026-07-30 19:00,0.8,0.0,0.8,20.935
2026-07-30 20:00,0.8,0.0,0.8,20.412
2026-07-30 21:00,0.8,0.0,0.8,19.844
2026-07-30 22:00,0.4,0.0,0.4,18.808
2026-07-30 23:00,0.3,0.0,0.3,17.9
2026-07-31 00:00,0.2,0.0,0.2,17.395
2026-07-31 01:00,0.5,0.4,0.1,16.764
2026-07-31 02:00,0.4,0.4,0.0,16.153
2026-07-31 03:00,0.2,0.2,0.0,15.629
2026-07-31 04:00,0.5,0.4,0.1,16.134
2026-07-31 05:00,0.4,0.1,0.3,17.891
2026-07-31 06:00,0.9,0.1,0.8,19.332
2026-07-31 07:00,0.8,0.1,0.7,20.571
2026-07-31 08:00,0.8,0.1,0.7,21.545
2026-07-31 09:00,0.7,0.1,0.6,22.172
2026-07-31 10:00,0.6,0.1,0.5,22.579
2026-07-31 11:00,0.5,0.1,0.4,23.215
2026-07-31 12:00,0.5,0.1,0.4,23.654
2026-07-31 13:00,0.5,0.1,0.4,23.898
2026-07-31 14:00,0.5,0.1,0.4,23.774
2026-07-31 15:00,0.5,0.1,0.4,23.247
2026-07-31 16:00,0.5,0.1,0.4,22.556
2026-07-31 17:00,0.6,0.1,0.5,21.738
2026-07-31 18:00,0.7,0.1,0.6,20.171
2026-07-31 19:00,0.9,0.1,0.8,18.081
2026-07-31 20:00,0.9,0.1,0.8,17.104
2026-07-31 21:00,0.9,0.1,0.8,16.369
2026-07-31 22:00,0.4,0.0,0.4,15.67
2026-07-31 23:00,0.3,0.0,0.2,15.089
2026-08-01 00:00,0.5,0.3,0.2,14.481
2026-08-01 01:00,0.4,0.4,0.1,13.891
2026-08-01 02:00,0.4,0.4,0.0,13.395
2026-08-01 03:00,0.4,0.4,0.0,12.99
2026-08-01 04:00,0.4,0.3,0.1,13.731
2026-08-01 05:00,0.6,0.3,0.3,15.984
2026-08-01 06:00,1.4,0.6,0.8,18.637
2026-08-01 07:00,1.2,0.4,0.8,20.474
2026-08-01 08:00,1.0,0.3,0.7,22.038
2026-08-01 09:00,0.7,0.2,0.5,23.45
2026-08-01 10:00,0.8,0.3,0.5,24.586
2026-08-01 11:00,0.7,0.2,0.5,25.363
2026-08-01 12:00,0.6,0.2,0.4,25.826
2026-08-01 13:00,0.6,0.2,0.4,25.972
2026-08-01 14:00,0.6,0.2,0.4,25.727
2026-08-01 15:00,0.6,0.2,0.4,25.253
2026-08-01 16:00,0.6,0.2,0.4,24.496
2026-08-01 17:00,0.8,0.3,0.5,23.355
2026-08-01 18:00,0.9,0.3,0.6,21.466
2026-08-01 19:00,1.5,0.7,0.8,19.329
2026-08-01 20:00,1.8,1.0,0.8,18.42
2026-08-01 21:00,1.9,1.1,0.8,17.604
2026-08-01 22:00,1.1,0.7,0.4,17.1
2026-08-01 23:00,1.4,1.1,0.3,17.014
2026-08-02 00:00,1.2,1.0,0.2,17.008
2026-08-02 01:00,1.4,1.3,0.1,16.764
2026-08-02 02:00,1.4,1.4,0.0,16.308
2026-08-02 03:00,1.4,1.4,0.0,15.542
2026-08-02 04:00,1.5,1.4,0.1,15.364
2026-08-02 05:00,1.7,1.4,0.3,17.205
2026-08-02 06:00,2.1,1.3,0.8,19.44
2026-08-02 07:00,1.5,0.8,0.7,20.985
2026-08-02 08:00,1.0,0.4,0.6,22.189
2026-08-02 09:00,1.0,0.4,0.6,23.341
2026-08-02 10:00,0.9,0.4,0.5,24.33
2026-08-02 11:00,0.9,0.4,0.5,25.001
2026-08-02 12:00,0.8,0.4,0.4,25.339
2026-08-02 13:00,0.8,0.4,0.4,25.121
2026-08-02 14:00,0.8,0.4,0.4,24.504
2026-08-02 15:00,0.8,0.4,0.4,23.355
2026-08-02 16:00,0.8,0.4,0.4,22.104
2026-08-02 17:00,0.9,0.4,0.5,20.886
2026-08-02 18:00,0.9,0.4,0.5,19.451
2026-08-02 19:00,1.2,0.5,0.7,18.225
2026-08-02 20:00,1.3,0.5,0.8,17.433
2026-08-02 21:00,1.5,0.7,0.8,16.784
2026-08-02 22:00,1.1,0.6,0.5,16.274
2026-08-02 23:00,0.5,0.3,0.2,15.874
2026-08-03 00:00,0.6,0.4,0.2,15.645
2026-08-03 01:00,0.5,0.4,0.1,15.357
2026-08-03 02:00,0.5,0.5,0.0,15.118
2026-08-03 03:00,0.4,0.4,0.0,14.877
2026-08-03 04:00,0.8,0.7,0.1,14.886
2026-08-03 05:00,1.1,0.8,0.3,15.602
2026-08-03 06:00,1.6,0.8,0.8,16.895
2026-08-03 07:00,1.6,0.8,0.8,18.419
2026-08-03 08:00,1.4,0.7,0.7,19.995
2026-08-03 09:00,1.3,0.7,0.6,21.415
2026-08-03 10:00,0.9,0.4,0.5,22.637
2026-08-03 11:00,0.6,0.2,0.4,23.684
2026-08-03 12:00,0.6,0.2,0.4,24.361
2026-08-03 13:00,0.6,0.2,0.4,24.39
2026-08-03 14:00,0.6,0.2,0.4,24.182
2026-08-03 15:00,0.5,0.2,0.4,23.67
2026-08-03 16:00,0.6,0.2,0.4,22.845
2026-08-03 17:00,0.7,0.2,0.5,21.706
2026-08-03 18:00,0.8,0.2,0.6,20.159
2026-08-03 19:00,1.1,0.3,0.8,18.288
2026-08-03 20:00,1.1,0.3,0.8,17.383
2026-08-03 21:00,1.1,0.3,0.8,16.551
2026-08-03 22:00,0.5,0.1,0.4,15.77
2026-08-03 23:00,0.4,0.0,0.3,15.153
2026-08-04 00:00,0.2,0.0,0.2,14.661
2026-08-04 01:00,0.1,0.0,0.1,14.311
2026-08-04 02:00,0.1,0.0,0.1,14.093
2026-08-04 03:00,0.0,0.0,0.0,13.875
2026-08-04 04:00,0.1,0.0,0.1,14.307
2026-08-04 05:00,0.1,0.0,0.1,16.187
2026-08-04 06:00,0.1,0.0,0.1,18.828
2026-08-04 07:00,0.2,0.0,0.2,20.834
2026-08-04 08:00,0.5,0.0,0.5,22.599
2026-08-04 09:00,0.8,0.0,0.8,24.166
2026-08-04 10:00,0.9,0.0,0.9,25.491
2026-08-04 11:00,1.0,0.0,1.0,26.722
2026-08-04 12:00,0.8,0.0,0.8,27.69
2026-08-04 13:00,0.6,0.0,0.6,28.282
2026-08-04 14:00,0.6,0.0,0.6,28.442
2026-08-04 15:00,0.5,0.0,0.5,28.328
2026-08-04 16:00,0.5,0.0,0.5,27.476
2026-08-04 17:00,0.6,0.0,0.6,26.252
2026-08-04 18:00,0.6,0.0,0.6,24.743
2026-08-04 19:00,0.6,0.0,0.6,23.391
2026-08-04 20:00,0.6,0.0,0.6,22.247
2026-08-04 21:00,0.5,0.0,0.5,21.357
2026-08-04 22:00,0.4,0.0,0.4,20.771
2026-08-04 23:00,0.3,0.0,0.3,20.339
2026-08-05 00:00,0.2,0.0,0.2,20.03
2026-08-05 01:00,0.1,0.0,0.1,19.805
2026-08-05 02:00,0.1,0.0,0.1,19.374
2026-08-05 03:00,0.0,0.0,0.0,18.55
2026-08-05 04:00,0.1,0.0,0.1,18.407
2026-08-05 05:00,0.2,0.1,0.1,19.096
2026-08-05 06:00,0.3,0.2,0.1,19.683
2026-08-05 07:00,0.3,0.1,0.2,20.929
2026-08-05 08:00,0.5,0.1,0.4,22.87
2026-08-05 09:00,0.9,0.1,0.8,24.354
2026-08-05 10:00,1.0,0.1,0.9,25.382
2026-08-05 11:00,1.0,0.1,0.9,26.3
2026-08-05 12:00,0.9,0.1,0.8,26.956
2026-08-05 13:00,0.7,0.1,0.6,27.189
2026-08-05 14:00,0.7,0.1,0.6,27.157
2026-08-05 15:00,0.6,0.1,0.5,26.8
2026-08-05 16:00,0.6,0.1,0.5,26.145
2026-08-05 17:00,0.6,0.1,0.5,25.05
2026-08-05 18:00,0.7,0.1,0.6,22.738
2026-08-05 19:00,0.9,0.3,0.6,21.073
2026-08-05 20:00,1.2,0.6,0.6,20.483
2026-08-05 21:00,1.0,0.5,0.5,20.059
2026-08-05 22:00,0.9,0.5,0.4,19.662
2026-08-05 23:00,0.6,0.4,0.2,19.185
2026-08-06 00:00,0.8,0.6,0.2,18.745
2026-08-06 01:00,0.9,0.8,0.1,18.426
2026-08-06 02:00,0.8,0.8,0.0,18.246
2026-08-06 03:00,0.9,0.9,0.0,17.965
2026-08-06 04:00,1.3,1.2,0.1,17.779
2026-08-06 05:00,1.5,1.2,0.3,18.356
2026-08-06 06:00,2.1,1.3,0.8,18.633
2026-08-06 07:00,1.8,1.0,0.8,19.062
2026-08-06 08:00,1.3,0.6,0.7,19.72
2026-08-06 09:00,1.0,0.4,0.6,20.635
2026-08-06 10:00,0.9,0.4,0.5,21.72
2026-08-06 11:00,0.7,0.4,0.4,23.025
2026-08-06 12:00,0.9,0.4,0.5,24.113
2026-08-06 13:00,0.7,0.3,0.4,24.444
2026-08-06 14:00,0.7,0.3,0.4,23.97
2026-08-06 15:00,0.7,0.3,0.4,24.099
2026-08-06 16:00,0.7,0.3,0.4,23.461
2026-08-06 17:00,0.9,0.4,0.5,22.383
2026-08-06 18:00,1.0,0.4,0.6,20.445
2026-08-06 19:00,1.3,0.5,0.8,18.71
2026-08-06 20:00,1.7,0.8,0.8,18.302
2026-08-06 21:00,1.7,0.9,0.8,18.002
2026-08-06 22:00,0.9,0.5,0.4,17.641
2026-08-06 23:00,0.8,0.5,0.3,17.094
2026-08-07 00:00,0.9,0.7,0.2,16.773
2026-08-07 01:00,1.2,1.1,0.1,16.579
2026-08-07 02:00,0.9,0.9,0.0,16.423
2026-08-07 03:00,1.1,1.1,0.0,16.299
2026-08-07 04:00,1.0,0.9,0.1,16.271
2026-08-07 05:00,1.6,1.3,0.3,16.586
2026-08-07 06:00,1.8,1.0,0.8,17.223
2026-08-07 07:00,1.6,0.8,0.8,18.296
2026-08-07 08:00,1.1,0.4,0.7,19.558
2026-08-07 09:00,1.0,0.4,0.6,20.866
2026-08-07 10:00,0.9,0.4,0.5,22.468
2026-08-07 11:00,0.7,0.3,0.4,23.511
2026-08-07 12:00,0.9,0.4,0.5,23.992
2026-08-07 13:00,0.7,0.3,0.4,24.181
2026-08-07 14:00,0.7,0.4,0.4,24.297
2026-08-07 15:00,0.7,0.3,0.4,24.367
2026-08-07 16:00,0.7,0.3,0.4,23.76
2026-08-07 17:00,0.9,0.4,0.5,22.591
2026-08-07 18:00,1.0,0.4,0.6,20.528
2026-08-07 19:00,1.3,0.5,0.8,18.938
2026-08-07 20:00,1.5,0.7,0.8,17.942
2026-08-07 21:00,1.5,0.8,0.7,16.866
2026-08-07 22:00,1.1,0.7,0.4,16.058
2026-08-07 23:00,1.1,0.9,0.2,15.379
2026-08-08 00:00,1.1,0.9,0.2,14.809
2026-08-08 01:00,0.9,0.8,0.1,14.25
2026-08-08 02:00,0.9,0.9,0.0,13.784
2026-08-08 03:00,1.2,1.2,0.0,13.247
2026-08-08 04:00,1.7,1.6,0.1,13.441
2026-08-08 05:00,1.7,1.4,0.3,15.256
2026-08-08 06:00,1.7,0.9,0.8,17.478
2026-08-08 07:00,1.3,0.5,0.8,19.321
2026-08-08 08:00,1.1,0.4,0.7,20.946
2026-08-08 09:00,0.9,0.3,0.6,22.791
2026-08-08 10:00,0.8,0.3,0.5,24.142
2026-08-08 11:00,0.7,0.3,0.4,25.025
2026-08-08 12:00,0.7,0.3,0.4,25.475
2026-08-08 13:00,0.7,0.3,0.4,25.584
2026-08-08 14:00,0.7,0.3,0.4,25.062
2026-08-08 15:00,0.7,0.3,0.4,23.703
2026-08-08 16:00,0.7,0.3,0.4,23.742
2026-08-08 17:00,0.8,0.3,0.5,22.999
2026-08-08 18:00,0.9,0.4,0.6,20.993
2026-08-08 19:00,1.1,0.4,0.7,19.92
2026-08-08 20:00,1.3,0.4,0.9,19.407
2026-08-08 21:00,1.2,0.4,0.8,18.475
2026-08-08 22:00,0.5,0.1,0.4,17.44
2026-08-08 23:00,0.4,0.1,0.3,16.715
2026-08-09 00:00,0.2,0.0,0.2,16.288
2026-08-09 01:00,0.1,0.0,0.1,16.137
2026-08-09 02:00,0.0,0.0,0.0,16.257
2026-08-09 03:00,0.0,0.0,0.0,16.64
2026-08-09 04:00,0.1,0.0,0.1,17.022
2026-08-09 05:00,0.4,0.1,0.3,17.769
2026-08-09 06:00,1.0,0.2,0.8,19.159
2026-08-09 07:00,0.9,0.1,0.8,20.937
2026-08-09 08:00,0.8,0.1,0.7,23.343
2026-08-09 09:00,0.7,0.1,0.6,26.603
2026-08-09 10:00,0.6,0.1,0.5,28.837
2026-08-09 11:00,0.5,0.1,0.4,30.092
2026-08-09 12:00,0.5,0.1,0.4,30.818
2026-08-09 13:00,0.5,0.1,0.4,30.542
2026-08-09 14:00,0.5,0.1,0.4,29.026
2026-08-09 15:00,0.5,0.1,0.4,28.012
2026-08-09 16:00,0.5,0.1,0.4,26.598
2026-08-09 17:00,0.6,0.1,0.5,24.436
2026-08-09 18:00,0.7,0.1,0.6,22.807
2026-08-09 19:00,0.8,0.1,0.7,21.961
2026-08-09 20:00,1.1,0.3,0.8,21.328
2026-08-09 21:00,1.4,0.6,0.8,20.873
2026-08-09 22:00,1.0,0.6,0.4,20.497
2026-08-09 23:00,0.8,0.6,0.2,19.867
2026-08-10 00:00,1.1,0.9,0.2,19.102
2026-08-10 01:00,1.0,0.9,0.1,18.272
2026-08-10 02:00,0.7,0.7,0.0,17.621
2026-08-10 03:00,0.9,0.9,0.0,17.071
2026-08-10 04:00,1.6,1.5,0.1,16.702
2026-08-10 05:00,1.9,1.6,0.3,17.27
2026-08-10 06:00,2.1,1.4,0.7,18.453
2026-08-10 07:00,2.4,1.6,0.8,20.209
2026-08-10 08:00,1.6,0.9,0.7,22.123
2026-08-10 09:00,1.1,0.6,0.5,23.248
2026-08-10 10:00,1.1,0.6,0.5,24.198
2026-08-10 11:00,1.0,0.6,0.4,25.068
2026-08-10 12:00,0.9,0.5,0.4,25.78
2026-08-10 13:00,1.0,0.6,0.4,26.156
2026-08-10 14:00,0.9,0.5,0.4,26.082
2026-08-10 15:00,1.0,0.6,0.4,25.685
2026-08-10 16:00,1.0,0.6,0.4,24.954
2026-08-10 17:00,1.3,0.8,0.5,23.925
2026-08-10 18:00,1.7,1.1,0.6,22.229
2026-08-10 19:00,2.3,1.5,0.8,20.324
2026-08-10 20:00,2.4,1.6,0.8,19.001
2026-08-10 21:00,2.8,2.0,0.8,17.915
2026-08-10 22:00,1.8,1.4,0.4,17.247
2026-08-10 23:00,2.1,1.8,0.3,16.904
2026-08-11 00:00,1.7,1.6,0.2,16.088
2026-08-11 01:00,1.7,1.6,0.1,15.065
2026-08-11 02:00,1.5,1.4,0.1,14.348
2026-08-11 03:00,1.3,1.3,0.0,14.285
2026-08-11 04:00,1.7,1.6,0.1,14.805
2026-08-11 05:00,2.3,2.2,0.1,16.357
2026-08-11 06:00,3.0,2.9,0.1,17.925
2026-08-11 07:00,3.2,3.0,0.2,19.784
2026-08-11 08:00,2.7,2.3,0.4,21.05
2026-08-11 09:00,2.7,1.9,0.8,22.099
2026-08-11 10:00,2.4,1.5,0.9,22.987
2026-08-11 11:00,2.5,1.6,0.9,24.222
2026-08-11 12:00,1.8,1.0,0.8,25.048
2026-08-11 13:00,1.5,0.9,0.6,23.906
2026-08-11 14:00,1.6,1.0,0.6,22.444
2026-08-11 15:00,1.5,1.0,0.5,21.805
2026-08-11 16:00,2.1,1.6,0.5,21.374
2026-08-11 17:00,2.1,1.6,0.5,20.541
2026-08-11 18:00,2.8,2.2,0.6,17.954
2026-08-11 19:00,3.4,2.7,0.7,16.01
2026-08-11 20:00,3.8,3.2,0.6,15.153
2026-08-11 21:00,3.6,3.1,0.5,14.489
2026-08-11 22:00,2.5,2.1,0.4,13.971
2026-08-11 23:00,2.1,1.8,0.3,13.599
2026-08-12 00:00,1.8,1.6,0.2,13.272
2026-08-12 01:00,2.1,2.0,0.1,12.93
2026-08-12 02:00,2.3,2.2,0.1,12.577
2026-08-12 03:00,2.4,2.4,0.0,12.215
2026-08-12 04:00,2.5,2.4,0.1,12.245
2026-08-12 05:00,3.2,3.1,0.1,13.735
2026-08-12 06:00,3.7,3.6,0.1,16.289
2026-08-12 07:00,3.2,3.0,0.2,19.237
2026-08-12 08:00,2.6,2.1,0.5,20.866
2026-08-12 09:00,2.3,1.5,0.8,21.949
2026-08-12 10:00,2.3,1.4,0.9,22.795
2026-08-12 11:00,2.0,1.2,0.9,23.304
2026-08-12 12:00,2.1,1.2,0.9,23.285
2026-08-12 13:00,1.8,1.1,0.7,22.886
2026-08-12 14:00,1.8,1.2,0.6,21.835
2026-08-12 15:00,2.2,1.7,0.5,20.568
2026-08-12 16:00,2.2,1.7,0.5,19.272
2026-08-12 17:00,2.6,2.1,0.5,17.976
2026-08-12 18:00,2.7,2.1,0.6,16.629
2026-08-12 19:00,2.9,2.3,0.6,15.24
2026-08-12 20:00,2.9,2.3,0.6,14.256
2026-08-12 21:00,2.7,2.2,0.5,13.594
2026-08-12 22:00,1.5,1.1,0.4,13.18
2026-08-12 23:00,1.4,1.1,0.3,12.864
2026-08-13 00:00,0.8,0.6,0.2,12.606
2026-08-13 01:00,0.7,0.6,0.1,12.381
2026-08-13 02:00,0.5,0.5,0.0,12.18
2026-08-13 03:00,0.4,0.4,0.0,11.998
2026-08-13 04:00,0.6,0.5,0.1,12.059
2026-08-13 05:00,0.6,0.4,0.3,12.637
2026-08-13 06:00,1.3,0.5,0.8,13.633
2026-08-13 07:00,1.3,0.4,0.8,15.202
2026-08-13 08:00,0.9,0.2,0.7,17.071
2026-08-13 09:00,0.7,0.2,0.5,18.652
2026-08-13 10:00,0.7,0.2,0.5,19.902
2026-08-13 11:00,0.7,0.2,0.5,20.81
2026-08-13 12:00,0.5,0.1,0.4,21.191
2026-08-13 13:00,0.5,0.1,0.4,20.676
2026-08-13 14:00,0.5,0.1,0.4,19.593
2026-08-13 15:00,0.5,0.1,0.4,18.977
2026-08-13 16:00,0.6,0.2,0.4,18.24
2026-08-13 17:00,0.7,0.2,0.5,17.085
2026-08-13 18:00,0.8,0.2,0.6,15.468
2026-08-13 19:00,1.0,0.2,0.8,13.965
2026-08-13 20:00,1.0,0.2,0.8,12.98
2026-08-13 21:00,1.0,0.2,0.8,12.093
2026-08-13 22:00,0.5,0.0,0.4,11.374
2026-08-13 23:00,0.2,0.0,0.2,10.743
2026-08-14 00:00,0.4,0.2,0.2,10.189
2026-08-14 01:00,0.3,0.2,0.1,9.669
2026-08-14 02:00,0.2,0.2,0.0,9.165
2026-08-14 03:00,0.5,0.5,0.0,8.721
2026-08-14 04:00,0.6,0.5,0.1,8.828
2026-08-14 05:00,0.8,0.5,0.3,10.761
2026-08-14 06:00,1.0,0.2,0.8,13.109
2026-08-14 07:00,1.0,0.2,0.8,16.062
2026-08-14 08:00,0.9,0.2,0.7,18.217
2026-08-14 09:00,0.7,0.1,0.6,19.973
2026-08-14 10:00,0.6,0.1,0.5,21.38
2026-08-14 11:00,0.5,0.1,0.4,22.506
2026-08-14 12:00,0.5,0.1,0.4,23.355
2026-08-14 13:00,0.5,0.1,0.4,23.722
2026-08-14 14:00,0.5,0.1,0.4,23.219
2026-08-14 15:00,0.5,0.1,0.4,22.324
2026-08-14 16:00,0.5,0.1,0.4,21.585
2026-08-14 17:00,0.7,0.2,0.5,20.513
2026-08-14 18:00,0.8,0.2,0.6,18.137
2026-08-14 19:00,1.0,0.2,0.8,17.114
2026-08-14 20:00,1.0,0.2,0.8,16.69
2026-08-14 21:00,1.4,0.6,0.8,16.353
2026-08-14 22:00,0.6,0.2,0.4,15.96
2026-08-14 23:00,0.7,0.4,0.3,15.556
2026-08-15 00:00,1.1,0.9,0.2,15.286
2026-08-15 01:00,0.6,0.5,0.1,15.109
2026-08-15 02:00,0.7,0.7,0.0,14.973
2026-08-15 03:00,0.9,0.9,0.0,14.881
2026-08-15 04:00,1.0,0.9,0.1,14.747
2026-08-15 05:00,1.4,1.1,0.3,14.868
2026-08-15 06:00,1.3,0.5,0.8,15.509
2026-08-15 07:00,1.2,0.4,0.8,16.618
2026-08-15 08:00,1.1,0.4,0.7,18.312
2026-08-15 09:00,0.9,0.3,0.6,20.347
2026-08-15 10:00,0.8,0.3,0.5,21.746
2026-08-15 11:00,0.7,0.3,0.4,22.518
2026-08-15 12:00,0.7,0.3,0.4,22.558
2026-08-15 13:00,0.7,0.3,0.4,21.872
2026-08-15 14:00,0.7,0.3,0.4,20.704
2026-08-15 15:00,0.7,0.3,0.4,20.046
2026-08-15 16:00,0.7,0.3,0.4,19.735
2026-08-15 17:00,0.8,0.3,0.5,19.143
2026-08-15 18:00,0.9,0.4,0.6,17.462
2026-08-15 19:00,1.1,0.4,0.7,16.213
2026-08-15 20:00,1.3,0.4,0.9,15.433
2026-08-15 21:00,1.8,1.0,0.8,14.821
2026-08-15 22:00,1.1,0.7,0.4,14.304
2026-08-15 23:00,1.2,0.9,0.3,13.707
2026-08-16 00:00,1.1,0.8,0.2,13.282
2026-08-16 01:00,1.2,1.1,0.1,12.945
2026-08-16 02:00,1.1,1.2,0.0,12.362
2026-08-16 03:00,1.1,1.1,0.0,11.748
2026-08-16 04:00,1.4,1.3,0.1,11.674
2026-08-16 05:00,1.5,1.3,0.2,13.248
2026-08-16 06:00,1.9,1.1,0.8,14.863
2026-08-16 07:00,1.4,0.6,0.8,16.951
2026-08-16 08:00,1.1,0.5,0.6,19.283
2026-08-16 09:00,1.1,0.5,0.6,20.635
2026-08-16 10:00,1.0,0.5,0.5,20.819
2026-08-16 11:00,1.0,0.5,0.5,21.53
2026-08-16 12:00,0.9,0.4,0.5,22.952
2026-08-16 13:00,0.8,0.4,0.4,23.597
2026-08-16 14:00,0.8,0.4,0.4,23.497
2026-08-16 15:00,0.8,0.4,0.4,23.077
2026-08-16 16:00,0.8,0.4,0.4,22.217
2026-08-16 17:00,1.0,0.5,0.5,20.278
2026-08-16 18:00,1.1,0.5,0.6,18.611
2026-08-16 19:00,1.4,0.6,0.8,17.917
2026-08-16 20:00,1.8,1.0,0.8,17.653
2026-08-16 21:00,2.0,1.2,0.8,17.853
2026-08-16 22:00,1.4,1.0,0.4,17.926
2026-08-16 23:00,1.4,1.1,0.3,17.77
2026-08-17 00:00,1.5,1.3,0.2,17.59
2026-08-17 01:00,1.6,1.5,0.1,17.298
2026-08-17 02:00,1.3,1.3,0.0,16.728
2026-08-17 03:00,1.3,1.3,0.0,16.226
2026-08-17 04:00,1.7,1.6,0.1,16.025
2026-08-17 05:00,1.9,1.7,0.2,16.339
2026-08-17 06:00,2.1,1.3,0.8,17.314
2026-08-17 07:00,1.6,0.8,0.8,19.054
2026-08-17 08:00,1.2,0.5,0.7,20.249
2026-08-17 09:00,1.1,0.5,0.6,20.346
2026-08-17 10:00,0.9,0.4,0.5,20.49
2026-08-17 11:00,0.8,0.4,0.4,20.982
2026-08-17 12:00,0.8,0.4,0.4,21.387
2026-08-17 13:00,0.8,0.4,0.4,22.187
2026-08-17 14:00,0.8,0.4,0.4,21.769
2026-08-17 15:00,0.8,0.4,0.4,21.199
2026-08-17 16:00,0.8,0.4,0.4,20.358
2026-08-17 17:00,1.0,0.5,0.5,19.06
2026-08-17 18:00,1.1,0.5,0.6,17.847
2026-08-17 19:00,1.3,0.6,0.7,17.08
2026-08-17 20:00,1.4,0.6,0.8,16.606
2026-08-17 21:00,1.4,0.6,0.8,16.372
2026-08-17 22:00,0.7,0.2,0.5,16.285
2026-08-17 23:00,1.0,0.7,0.3,16.314
2026-08-18 00:00,1.1,0.9,0.2,16.299
2026-08-18 01:00,1.2,1.1,0.1,16.262
2026-08-18 02:00,1.4,1.3,0.1,16.175
2026-08-18 03:00,1.4,1.4,0.0,16.123
2026-08-18 04:00,1.5,1.4,0.1,16.083
2026-08-18 05:00,2.0,1.9,0.1,16.341
2026-08-18 06:00,1.0,0.9,0.1,17.075
2026-08-18 07:00,0.8,0.6,0.2,18.397
2026-08-18 08:00,0.9,0.5,0.4,20.027
2026-08-18 09:00,1.3,0.4,0.9,21.23
2026-08-18 10:00,1.3,0.4,0.9,22.304
2026-08-18 11:00,1.4,0.4,1.0,23.306
2026-08-18 12:00,1.1,0.4,0.8,23.797
2026-08-18 13:00,1.1,0.4,0.7,23.657
2026-08-18 14:00,1.0,0.4,0.6,22.776
2026-08-18 15:00,0.9,0.4,0.5,21.506
2026-08-18 16:00,0.9,0.4,0.5,20.078
2026-08-18 17:00,1.0,0.4,0.6,18.915
2026-08-18 18:00,1.0,0.4,0.6,17.243
2026-08-18 19:00,1.2,0.5,0.7,16.188
2026-08-18 20:00,1.1,0.5,0.6,15.792
2026-08-18 21:00,1.1,0.5,0.6,15.23
2026-08-18 22:00,0.5,0.1,0.4,14.756
2026-08-18 23:00,1.2,0.9,0.3,13.96
2026-08-19 00:00,0.8,0.6,0.2,12.835
2026-08-19 01:00,1.1,1.0,0.1,12.029
2026-08-19 02:00,1.0,0.9,0.1,11.549
2026-08-19 03:00,0.7,0.7,0.0,11.615
2026-08-19 04:00,1.0,0.8,0.1,11.763
2026-08-19 05:00,1.4,1.3,0.1,13.076
2026-08-19 06:00,0.8,0.7,0.1,15.246
2026-08-19 07:00,0.6,0.4,0.2,17.545
2026-08-19 08:00,0.7,0.3,0.4,19.317
2026-08-19 09:00,1.1,0.3,0.8,20.683
2026-08-19 10:00,1.2,0.3,1.0,21.722
2026-08-19 11:00,1.2,0.3,0.9,22.534
2026-08-19 12:00,1.1,0.3,0.8,23.047
2026-08-19 13:00,0.8,0.2,0.6,23.247
2026-08-19 14:00,0.8,0.2,0.6,23.127
2026-08-19 15:00,0.8,0.3,0.5,22.714
2026-08-19 16:00,0.8,0.3,0.5,21.882
2026-08-19 17:00,0.9,0.3,0.6,20.423
2026-08-19 18:00,0.9,0.3,0.6,17.621
2026-08-19 19:00,1.0,0.4,0.6,16.496
2026-08-19 20:00,1.0,0.4,0.6,15.852
2026-08-19 21:00,0.9,0.4,0.5,14.815
2026-08-19 22:00,0.5,0.1,0.4,13.865
2026-08-19 23:00,0.8,0.5,0.3,13.317
2026-08-20 00:00,1.0,0.8,0.2,12.927
2026-08-20 01:00,1.0,0.9,0.1,12.073
2026-08-20 02:00,0.9,0.9,0.0,11.35
2026-08-20 03:00,0.8,0.8,0.0,10.785
2026-08-20 04:00,1.3,1.2,0.1,10.483
2026-08-20 05:00,1.3,1.0,0.3,12.49
2026-08-20 06:00,1.3,0.6,0.7,14.474
2026-08-20 07:00,1.2,0.4,0.8,16.79
2026-08-20 08:00,0.9,0.3,0.6,18.567
2026-08-20 09:00,0.9,0.3,0.6,19.795
2026-08-20 10:00,0.7,0.2,0.5,20.582
2026-08-20 11:00,0.8,0.3,0.5,20.965
2026-08-20 12:00,0.7,0.2,0.5,21.196
2026-08-20 13:00,0.6,0.2,0.4,21.3
2026-08-20 14:00,0.6,0.2,0.4,21.037
2026-08-20 15:00,0.6,0.2,0.4,20.612
2026-08-20 16:00,0.6,0.2,0.4,19.937
2026-08-20 17:00,0.8,0.3,0.5,18.691
2026-08-20 18:00,0.9,0.3,0.6,16.268
2026-08-20 19:00,1.0,0.3,0.7,15.03
2026-08-20 20:00,1.1,0.3,0.8,14.254
2026-08-20 21:00,1.1,0.3,0.8,13.482
2026-08-20 22:00,0.5,0.1,0.4,12.862
2026-08-20 23:00,0.3,0.0,0.2,12.166
2026-08-21 00:00,0.2,0.0,0.2,11.916
2026-08-21 01:00,0.3,0.2,0.1,12.081
2026-08-21 02:00,0.0,0.0,0.0,12.316
2026-08-21 03:00,0.2,0.2,0.0,12.255
2026-08-21 04:00,0.1,0.0,0.1,11.732
2026-08-21 05:00,0.3,0.0,0.3,12.499
2026-08-21 06:00,0.8,0.0,0.7,14.564
2026-08-21 07:00,0.8,0.0,0.8,17.87
2026-08-21 08:00,0.7,0.0,0.7,19.568
2026-08-21 09:00,0.5,0.0,0.5,20.793
2026-08-21 10:00,0.5,0.0,0.5,21.86
2026-08-21 11:00,0.5,0.0,0.5,22.749
2026-08-21 12:00,0.4,0.0,0.4,23.411
2026-08-21 13:00,0.4,0.0,0.4,23.809
2026-08-21 14:00,0.4,0.0,0.4,23.616
2026-08-21 15:00,0.4,0.0,0.4,22.969
2026-08-21 16:00,0.4,0.0,0.4,22.09
2026-08-21 17:00,0.6,0.0,0.6,20.294
2026-08-21 18:00,0.6,0.0,0.6,17.26
2026-08-21 19:00,0.7,0.0,0.7,15.668
2026-08-21 20:00,0.8,0.0,0.8,14.866
2026-08-21 21:00,0.8,0.0,0.8,14.26
2026-08-21 22:00,0.4,0.0,0.4,13.753
2026-08-21 23:00,0.5,0.2,0.3,13.355
2026-08-22 00:00,0.6,0.4,0.2,13.043
2026-08-22 01:00,0.8,0.7,0.1,12.714
2026-08-22 02:00,0.2,0.2,0.0,12.323
2026-08-22 03:00,0.2,0.2,0.0,11.896
2026-08-22 04:00,0.6,0.5,0.1,11.594
2026-08-22 05:00,0.9,0.6,0.3,13.801
2026-08-22 06:00,1.2,0.5,0.7,16.643
2026-08-22 07:00,1.3,0.5,0.8,19.798
2026-08-22 08:00,0.8,0.2,0.6,22.75
2026-08-22 09:00,1.0,0.4,0.6,24.07
2026-08-22 10:00,1.1,0.6,0.5,25.071
2026-08-22 11:00,0.7,0.2,0.5,25.896
2026-08-22 12:00,0.6,0.2,0.4,26.448
2026-08-22 13:00,0.6,0.2,0.4,26.732
2026-08-22 14:00,0.6,0.2,0.4,26.807
2026-08-22 15:00,0.5,0.2,0.4,26.539
2026-08-22 16:00,0.6,0.2,0.4,25.774
2026-08-22 17:00,0.7,0.2,0.5,23.845
2026-08-22 18:00,0.8,0.2,0.6,20.884
2026-08-22 19:00,0.9,0.2,0.7,19.079
2026-08-22 20:00,1.0,0.2,0.8,17.816
2026-08-22 21:00,1.0,0.2,0.8,16.784
2026-08-22 22:00,0.7,0.3,0.4,16.017
2026-08-22 23:00,0.5,0.2,0.3,15.486
2026-08-23 00:00,0.4,0.2,0.2,15.099
2026-08-23 01:00,0.6,0.5,0.1,14.633
2026-08-23 02:00,0.7,0.7,0.0,14.013
2026-08-23 03:00,0.9,0.9,0.0,13.478
2026-08-23 04:00,1.0,0.9,0.1,13.086
2026-08-23 05:00,1.2,0.8,0.3,14.281
2026-08-23 06:00,1.6,0.8,0.8,16.811
2026-08-23 07:00,1.6,0.8,0.8,20.024
2026-08-23 08:00,1.5,0.8,0.7,24.013
2026-08-23 09:00,1.3,0.7,0.6,25.837
2026-08-23 10:00,0.8,0.3,0.5,26.999
2026-08-23 11:00,0.8,0.3,0.5,27.919
2026-08-23 12:00,0.6,0.2,0.4,28.579
2026-08-23 13:00,0.6,0.2,0.4,28.943
2026-08-23 14:00,0.6,0.2,0.4,29.017
2026-08-23 15:00,0.6,0.2,0.4,28.685
2026-08-23 16:00,0.7,0.3,0.4,27.83
2026-08-23 17:00,0.8,0.3,0.5,25.04
2026-08-23 18:00,0.9,0.3,0.6,21.639
2026-08-23 19:00,1.1,0.3,0.8,20.123
2026-08-23 20:00,1.2,0.4,0.8,19.12
2026-08-23 21:00,1.1,0.3,0.8,18.241
2026-08-23 22:00,0.5,0.1,0.4,17.515
2026-08-23 23:00,0.8,0.5,0.3,16.921
2026-08-24 00:00,0.9,0.7,0.2,16.397
2026-08-24 01:00,0.8,0.7,0.1,15.817
2026-08-24 02:00,0.9,0.9,0.0,15.258
2026-08-24 03:00,1.0,1.0,0.0,14.712
2026-08-24 04:00,1.0,0.9,0.1,14.251
2026-08-24 05:00,0.9,0.6,0.3,16.044
2026-08-24 06:00,1.1,0.3,0.8,19.012
2026-08-24 07:00,1.1,0.3,0.8,21.649
2026-08-24 08:00,0.9,0.2,0.7,25.725
2026-08-24 09:00,0.8,0.2,0.6,27.686
2026-08-24 10:00,0.7,0.2,0.5,28.828
2026-08-24 11:00,0.6,0.2,0.4,29.705
2026-08-24 12:00,0.6,0.2,0.4,30.381
2026-08-24 13:00,0.6,0.2,0.4,30.727
2026-08-24 14:00,0.6,0.2,0.4,30.706
2026-08-24 15:00,0.6,0.2,0.4,30.278
2026-08-24 16:00,0.6,0.2,0.4,29.409
2026-08-24 17:00,0.7,0.2,0.5,26.675
2026-08-24 18:00,0.8,0.2,0.6,24.091
2026-08-24 19:00,1.1,0.3,0.8,22.798
2026-08-24 20:00,1.1,0.3,0.8,21.857
2026-08-24 21:00,1.1,0.3,0.8,20.961
2026-08-24 22:00,0.6,0.1,0.5,20.106
2026-08-24 23:00,0.2,0.0,0.2,19.458
2026-08-25 00:00,0.2,0.0,0.2,18.821
2026-08-25 01:00,0.1,0.0,0.1,18.241
2026-08-25 02:00,0.1,0.0,0.1,17.66
2026-08-25 03:00,0.6,0.6,0.0,17.1
2026-08-25 04:00,0.1,0.0,0.0,16.624
2026-08-25 05:00,0.1,0.0,0.1,18.165
2026-08-25 06:00,0.1,0.0,0.1,20.761
2026-08-25 07:00,0.2,0.0,0.2,24.0
2026-08-25 08:00,0.5,0.0,0.5,27.425
2026-08-25 09:00,0.8,0.0,0.8,28.985
2026-08-25 10:00,0.9,0.0,1.0,29.95
2026-08-25 11:00,1.0,0.0,1.0,30.657
2026-08-25 12:00,0.8,0.0,0.8,31.121
2026-08-25 13:00,0.7,0.0,0.7,31.191
2026-08-25 14:00,0.6,0.0,0.6,30.976
2026-08-25 15:00,0.5,0.0,0.5,30.575
2026-08-25 16:00,0.5,0.0,0.5,29.727
2026-08-25 17:00,0.6,0.0,0.6,27.77
2026-08-25 18:00,0.6,0.0,0.6,24.921
2026-08-25 19:00,0.7,0.0,0.7,23.777
2026-08-25 20:00,0.6,0.0,0.6,23.022
2026-08-25 21:00,0.5,0.0,0.5,22.213
2026-08-25 22:00,0.4,0.0,0.4,21.482
2026-08-25 23:00,0.3,0.0,0.3,20.983
2026-08-26 00:00,0.2,0.0,0.2,20.834
2026-08-26 01:00,0.1,0.0,0.1,20.665
2026-08-26 02:00,0.1,0.0,0.1,20.149
2026-08-26 03:00,0.2,0.2,0.0,19.498
2026-08-26 04:00,0.1,0.0,0.1,18.994
2026-08-26 05:00,0.1,0.0,0.1,19.908
2026-08-26 06:00,0.1,0.0,0.1,21.767
2026-08-26 07:00,0.2,0.0,0.2,24.269
2026-08-26 08:00,0.4,0.0,0.4,28.009
2026-08-26 09:00,0.9,0.0,0.9,30.376
2026-08-26 10:00,0.9,0.0,0.9,31.645
2026-08-26 11:00,0.9,0.0,0.9,32.526
2026-08-26 12:00,0.8,0.0,0.8,32.999
2026-08-26 13:00,0.7,0.0,0.7,33.195
2026-08-26 14:00,0.6,0.0,0.6,33.095
2026-08-26 15:00,0.5,0.0,0.5,32.637
2026-08-26 16:00,0.5,0.0,0.5,31.83
2026-08-26 17:00,0.5,0.0,0.5,29.916
2026-08-26 18:00,0.6,0.0,0.6,28.091
2026-08-26 19:00,0.7,0.0,0.7,27.079
2026-08-26 20:00,0.6,0.0,0.6,26.207
2026-08-26 21:00,0.5,0.0,0.5,25.276
2026-08-26 22:00,0.4,0.0,0.4,24.568
2026-08-26 23:00,0.3,0.0,0.3,23.511
2026-08-27 00:00,0.2,0.0,0.2,22.635
2026-08-27 01:00,0.1,0.0,0.1,21.911
2026-08-27 02:00,0.0,0.0,0.0,21.308
2026-08-27 03:00,0.0,0.0,0.0,20.648
2026-08-27 04:00,0.1,0.0,0.1,19.884
2026-08-27 05:00,0.3,0.0,0.3,20.687
2026-08-27 06:00,0.7,0.0,0.7,22.728
2026-08-27 07:00,0.8,0.0,0.8,25.284
2026-08-27 08:00,0.7,0.0,0.7,29.349
2026-08-27 09:00,0.6,0.0,0.6,31.389
2026-08-27 10:00,0.5,0.0,0.5,32.42
2026-08-27 11:00,0.4,0.0,0.4,33.107
2026-08-27 12:00,0.4,0.0,0.4,33.495
2026-08-27 13:00,0.4,0.0,0.4,33.617
2026-08-27 14:00,0.4,0.0,0.4,33.197
2026-08-27 15:00,0.4,0.0,0.4,32.309
2026-08-27 16:00,0.4,0.0,0.4,31.371
2026-08-27 17:00,0.5,0.0,0.5,29.438
2026-08-27 18:00,0.6,0.0,0.6,27.493
2026-08-27 19:00,0.8,0.0,0.8,26.113
2026-08-27 20:00,0.8,0.0,0.8,24.697
2026-08-27 21:00,0.8,0.0,0.8,23.831
2026-08-27 22:00,0.4,0.0,0.4,23.229
2026-08-27 23:00,0.3,0.0,0.3,22.831
2026-08-28 00:00,0.2,0.0,0.2,22.418
2026-08-28 01:00,0.1,0.0,0.1,21.987
2026-08-28 02:00,0.0,0.0,0.0,21.538
2026-08-28 03:00,0.0,0.0,0.0,21.057
2026-08-28 04:00,0.1,0.0,0.1,20.388
2026-08-28 05:00,0.3,0.0,0.3,20.686
2026-08-28 06:00,0.8,0.0,0.8,22.064
2026-08-28 07:00,0.8,0.0,0.8,24.643
2026-08-28 08:00,0.7,0.0,0.7,27.501
2026-08-28 09:00,0.6,0.0,0.6,29.591
2026-08-28 10:00,0.5,0.0,0.5,30.989
2026-08-28 11:00,0.5,0.0,0.5,31.555
2026-08-28 12:00,0.4,0.0,0.4,31.264
2026-08-28 13:00,0.4,0.0,0.4,29.713
2026-08-28 14:00,0.4,0.0,0.4,27.701
2026-08-28 15:00,0.4,0.0,0.4,26.04
2026-08-28 16:00,0.4,0.0,0.4,25.377
2026-08-28 17:00,0.5,0.0,0.5,24.533
2026-08-28 18:00,0.6,0.0,0.6,23.536
2026-08-28 19:00,0.7,0.0,0.7,23.32
2026-08-28 20:00,0.8,0.0,0.8,23.603
2026-08-28 21:00,0.8,0.0,0.8,23.833
2026-08-28 22:00,0.5,0.0,0.5,22.942
2026-08-28 23:00,0.3,0.0,0.3,21.831
2026-08-29 00:00,0.2,0.0,0.2,20.94
2026-08-29 01:00,0.1,0.0,0.1,20.147
2026-08-29 02:00,0.0,0.0,0.0,19.308
2026-08-29 03:00,0.0,0.0,0.0,18.612
2026-08-29 04:00,0.1,0.0,0.1,17.928
2026-08-29 05:00,0.3,0.0,0.3,18.125
2026-08-29 06:00,0.8,0.0,0.8,18.697
2026-08-29 07:00,0.8,0.0,0.8,19.671
2026-08-29 08:00,0.7,0.0,0.7,21.049
2026-08-29 09:00,0.5,0.0,0.5,22.528
2026-08-29 10:00,0.5,0.0,0.5,23.525
2026-08-29 11:00,0.5,0.0,0.5,24.596
2026-08-29 12:00,0.5,0.0,0.5,25.264
2026-08-29 13:00,0.4,0.0,0.4,25.587
2026-08-29 14:00,0.4,0.0,0.4,25.484
2026-08-29 15:00,0.3,0.0,0.3,25.074
2026-08-29 16:00,0.4,0.0,0.4,24.372
2026-08-29 17:00,0.5,0.0,0.5,22.971
2026-08-29 18:00,0.6,0.0,0.6,20.18
2026-08-29 19:00,0.8,0.0,0.8,18.923
2026-08-29 20:00,0.8,0.0,0.8,18.058
2026-08-29 21:00,0.8,0.0,0.8,17.404
2026-08-29 22:00,0.4,0.0,0.4,16.96
2026-08-29 23:00,0.3,0.0,0.3,16.316
2026-08-30 00:00,0.2,0.0,0.2,15.529
2026-08-30 01:00,0.3,0.2,0.1,15.093
2026-08-30 02:00,0.2,0.2,0.0,15.005
2026-08-30 03:00,0.4,0.4,0.0,14.708
2026-08-30 04:00,0.3,0.2,0.1,14.282
2026-08-30 05:00,0.6,0.3,0.3,14.882
2026-08-30 06:00,0.9,0.2,0.7,17.059
2026-08-30 07:00,1.0,0.2,0.8,20.023
2026-08-30 08:00,0.9,0.2,0.7,21.951
2026-08-30 09:00,0.7,0.1,0.6,23.396
2026-08-30 10:00,0.6,0.1,0.5,24.696
2026-08-30 11:00,0.6,0.1,0.5,25.907
2026-08-30 12:00,0.5,0.1,0.4,26.905
2026-08-30 13:00,0.5,0.1,0.4,27.543
2026-08-30 14:00,0.5,0.1,0.4,27.708
2026-08-30 15:00,0.5,0.1,0.4,27.449
2026-08-30 16:00,0.5,0.1,0.4,26.48
2026-08-30 17:00,0.6,0.1,0.5,23.61
2026-08-30 18:00,0.8,0.2,0.6,20.107
2026-08-30 19:00,1.0,0.2,0.8,18.816
2026-08-30 20:00,1.2,0.4,0.8,17.888
2026-08-30 21:00,1.2,0.4,0.8,17.136
2026-08-30 22:00,0.9,0.5,0.4,16.576
2026-08-30 23:00,1.1,0.8,0.3,16.076
2026-08-31 00:00,1.1,0.9,0.2,15.646
2026-08-31 01:00,1.0,0.9,0.1,15.358
2026-08-31 02:00,1.1,1.1,0.0,15.203
2026-08-31 03:00,1.0,1.0,0.0,15.046
2026-08-31 04:00,1.6,1.5,0.1,14.81
2026-08-31 05:00,2.0,1.7,0.3,16.445
2026-08-31 06:00,2.2,1.5,0.7,19.368
2026-08-31 07:00,2.1,1.3,0.8,22.241
2026-08-31 08:00,1.4,0.7,0.7,26.468
2026-08-31 09:00,1.0,0.4,0.6,29.006
2026-08-31 10:00,0.9,0.4,0.5,30.587
2026-08-31 11:00,0.9,0.4,0.5,31.639
2026-08-31 12:00,0.9,0.4,0.5,32.278
2026-08-31 13:00,0.8,0.4,0.4,32.531
2026-08-31 14:00,0.8,0.4,0.4,32.379
2026-08-31 15:00,0.8,0.4,0.4,31.915
2026-08-31 16:00,0.8,0.4,0.4,30.867
2026-08-31 17:00,0.9,0.4,0.5,28.112
2026-08-31 18:00,1.1,0.5,0.6,25.887
2026-08-31 19:00,1.4,0.6,0.8,25.169
2026-08-31 20:00,1.6,0.8,0.8,24.112
2026-08-31 21:00,1.2,0.5,0.7,22.141
2026-08-31 22:00,0.7,0.2,0.5,19.906
2026-08-31 23:00,0.3,0.1,0.2,18.425
2026-09-01 00:00,0.2,0.0,0.2,17.596
2026-09-01 01:00,0.1,0.0,0.1,16.743
2026-09-01 02:00,0.1,0.0,0.1,15.891
2026-09-01 03:00,0.0,0.0,0.0,15.384
2026-09-01 04:00,0.2,0.1,0.1,15.2
2026-09-01 05:00,0.3,0.2,0.0,15.445
2026-09-01 06:00,0.4,0.3,0.1,16.057
2026-09-01 07:00,0.5,0.3,0.2,16.714
2026-09-01 08:00,0.7,0.2,0.5,17.46
2026-09-01 09:00,1.3,0.4,0.9,18.934
2026-09-01 10:00,1.1,0.2,0.9,20.041
2026-09-01 11:00,1.2,0.2,1.0,19.891
2026-09-01 12:00,1.1,0.2,0.8,19.383
2026-09-01 13:00,0.9,0.2,0.7,19.295
2026-09-01 14:00,0.8,0.2,0.6,19.79
2026-09-01 15:00,0.7,0.2,0.5,20.379
2026-09-01 16:00,0.7,0.2,0.5,19.988
2026-09-01 17:00,0.7,0.2,0.5,18.226
2026-09-01 18:00,0.8,0.2,0.6,15.933
2026-09-01 19:00,1.6,0.9,0.7,15.511
2026-09-01 20:00,1.4,0.8,0.6,14.718
2026-09-01 21:00,1.5,1.0,0.5,13.634
2026-09-01 22:00,1.3,0.8,0.4,12.582
2026-09-01 23:00,1.2,0.8,0.3,11.573
2026-09-02 00:00,1.3,1.1,0.2,10.813
2026-09-02 01:00,1.7,1.6,0.1,10.243
2026-09-02 02:00,1.6,1.5,0.1,9.796
2026-09-02 03:00,1.7,1.7,0.0,9.323
2026-09-02 04:00,2.4,2.3,0.1,8.892
2026-09-02 05:00,2.8,2.7,0.1,10.31
2026-09-02 06:00,2.9,2.8,0.1,12.773
2026-09-02 07:00,2.1,1.9,0.2,15.815
2026-09-02 08:00,1.5,1.2,0.4,17.69
2026-09-02 09:00,1.8,0.9,0.9,19.032
2026-09-02 10:00,1.9,0.9,1.0,20.167
2026-09-02 11:00,1.9,0.9,1.0,21.104
2026-09-02 12:00,1.7,0.8,0.9,21.66
2026-09-02 13:00,1.5,0.8,0.7,21.882
2026-09-02 14:00,1.4,0.8,0.6,21.759
2026-09-02 15:00,1.2,0.7,0.5,21.321
2026-09-02 16:00,1.3,0.8,0.5,20.462
2026-09-02 17:00,1.4,0.9,0.5,18.175
2026-09-02 18:00,1.6,1.0,0.6,15.214
2026-09-02 19:00,2.4,1.7,0.7,14.728
2026-09-02 20:00,2.7,2.0,0.7,14.776
2026-09-02 21:00,2.3,1.8,0.5,14.573
2026-09-02 22:00,1.8,1.4,0.4,13.318
2026-09-02 23:00,1.6,1.3,0.3,12.436
2026-09-03 00:00,1.9,1.7,0.2,12.225
2026-09-03 01:00,1.9,1.8,0.1,12.006
2026-09-03 02:00,1.8,1.8,0.0,11.404
2026-09-03 03:00,1.9,1.9,0.0,10.781
2026-09-03 04:00,1.7,1.6,0.1,10.327
2026-09-03 05:00,2.3,2.0,0.3,11.314
2026-09-03 06:00,2.7,1.8,0.8,13.666
2026-09-03 07:00,2.0,1.2,0.8,16.802
2026-09-03 08:00,1.4,0.7,0.7,18.918
2026-09-03 09:00,1.2,0.6,0.6,20.421
2026-09-03 10:00,1.0,0.5,0.5,21.495
2026-09-03 11:00,1.1,0.6,0.5,22.286
2026-09-03 12:00,1.1,0.6,0.5,22.536
2026-09-03 13:00,0.9,0.5,0.4,22.397
2026-09-03 14:00,0.9,0.5,0.4,22.412
2026-09-03 15:00,1.0,0.6,0.4,22.077
2026-09-03 16:00,1.0,0.6,0.4,21.234
2026-09-03 17:00,1.1,0.6,0.5,19.518
2026-09-03 18:00,1.2,0.6,0.6,16.703
2026-09-03 19:00,1.5,0.7,0.8,15.741
2026-09-03 20:00,1.7,0.9,0.8,15.084
2026-09-03 21:00,1.7,0.9,0.8,14.548
2026-09-03 22:00,0.9,0.4,0.5,14.083
2026-09-03 23:00,0.8,0.5,0.3,13.661
2026-09-04 00:00,0.7,0.5,0.2,13.33
2026-09-04 01:00,0.5,0.4,0.1,13.261
2026-09-04 02:00,0.5,0.5,0.0,13.215
2026-09-04 03:00,0.5,0.5,0.0,12.933
2026-09-04 04:00,0.8,0.7,0.1,12.624
2026-09-04 05:00,1.2,0.8,0.3,13.151
2026-09-04 06:00,1.7,0.9,0.8,14.579
2026-09-04 07:00,1.6,0.7,0.9,17.093
2026-09-04 08:00,1.0,0.3,0.7,19.206
2026-09-04 09:00,0.9,0.3,0.6,21.127
2026-09-04 10:00,0.8,0.3,0.5,22.919
2026-09-04 11:00,0.8,0.3,0.5,24.363
2026-09-04 12:00,0.8,0.3,0.5,25.351
2026-09-04 13:00,0.8,0.3,0.5,25.77
2026-09-04 14:00,0.6,0.2,0.4,25.535
2026-09-04 15:00,0.7,0.3,0.4,24.196
2026-09-04 16:00,0.7,0.3,0.4,21.769
2026-09-04 17:00,0.8,0.3,0.5,18.854
2026-09-04 18:00,1.1,0.5,0.6,16.795
2026-09-04 19:00,1.4,0.6,0.8,15.896
2026-09-04 20:00,1.4,0.6,0.8,15.234
2026-09-04 21:00,1.6,0.8,0.8,14.425
2026-09-04 22:00,1.1,0.7,0.4,13.209
2026-09-04 23:00,1.2,0.9,0.3,12.14
2026-09-05 00:00,1.1,0.9,0.2,11.427
2026-09-05 01:00,1.3,1.2,0.1,11.0
2026-09-05 02:00,1.1,1.1,0.0,10.71
2026-09-05 03:00,1.4,1.4,0.0,10.782
2026-09-05 04:00,1.8,1.7,0.1,11.063
2026-09-05 05:00,2.3,2.0,0.3,11.416
2026-09-05 06:00,2.9,2.1,0.8,12.745
2026-09-05 07:00,2.6,1.8,0.8,14.541
2026-09-05 08:00,2.1,1.4,0.7,16.089
2026-09-05 09:00,1.7,1.1,0.6,17.33
2026-09-05 10:00,1.3,0.8,0.5,18.349
2026-09-05 11:00,1.3,0.8,0.5,19.179
2026-09-05 12:00,1.1,0.7,0.4,19.422
2026-09-05 13:00,1.1,0.7,0.4,19.077
2026-09-05 14:00,1.3,0.9,0.4,18.227
2026-09-05 15:00,1.4,1.0,0.4,17.371
2026-09-05 16:00,1.3,1.0,0.4,16.372
2026-09-05 17:00,1.7,1.1,0.6,15.222
2026-09-05 18:00,2.0,1.4,0.6,13.586
2026-09-05 19:00,2.5,1.7,0.8,12.357
2026-09-05 20:00,2.8,2.0,0.8,11.083
2026-09-05 21:00,3.2,2.4,0.8,10.063
2026-09-05 22:00,2.3,1.9,0.4,9.377
2026-09-05 23:00,2.3,2.0,0.3,8.887
2026-09-06 00:00,2.2,2.0,0.2,8.46
2026-09-06 01:00,2.3,2.2,0.1,8.122
2026-09-06 02:00,2.5,2.4,0.0,7.658
2026-09-06 03:00,2.5,2.5,0.0,7.179
2026-09-06 04:00,2.8,2.7,0.1,6.75
2026-09-06 05:00,3.0,2.7,0.3,7.53
2026-09-06 06:00,4.0,3.2,0.8,10.125
2026-09-06 07:00,3.4,2.6,0.8,13.231
2026-09-06 08:00,2.5,1.8,0.7,15.316
2026-09-06 09:00,2.0,1.4,0.6,17.041
2026-09-06 10:00,1.5,1.0,0.5,18.549
2026-09-06 11:00,1.3,0.9,0.4,19.798
2026-09-06 12:00,1.4,0.9,0.5,20.705
2026-09-06 13:00,1.3,0.9,0.4,21.194
2026-09-06 14:00,1.3,0.9,0.4,21.127
2026-09-06 15:00,1.3,0.9,0.4,20.573
2026-09-06 16:00,1.3,0.9,0.4,19.49
2026-09-06 17:00,1.5,1.0,0.5,17.196
2026-09-06 18:00,1.9,1.3,0.6,15.499
2026-09-06 19:00,2.4,1.6,0.8,14.791
2026-09-06 20:00,2.6,1.8,0.8,14.008
2026-09-06 21:00,2.5,1.7,0.8,13.545
2026-09-06 22:00,1.3,0.9,0.4,13.372
2026-09-06 23:00,1.1,0.8,0.3,13.168
2026-09-07 00:00,1.2,1.0,0.2,12.814
2026-09-07 01:00,1.1,1.0,0.1,12.445
2026-09-07 02:00,1.0,1.0,0.0,12.15
2026-09-07 03:00,1.3,1.3,0.0,11.969
2026-09-07 04:00,1.5,1.4,0.1,11.931
2026-09-07 05:00,2.5,2.2,0.3,12.021
2026-09-07 06:00,3.3,2.6,0.8,12.416
2026-09-07 07:00,3.1,2.3,0.8,13.26
2026-09-07 08:00,2.7,2.0,0.7,14.634
2026-09-07 09:00,2.1,1.5,0.6,15.934
2026-09-07 10:00,1.6,1.1,0.5,17.013
2026-09-07 11:00,1.5,1.0,0.5,17.946
2026-09-07 12:00,1.4,0.9,0.5,18.731
2026-09-07 13:00,1.2,0.8,0.4,19.031
2026-09-07 14:00,2.0,1.6,0.4,18.764
2026-09-07 15:00,2.3,1.9,0.4,18.221
2026-09-07 16:00,2.0,1.6,0.4,17.287
2026-09-07 17:00,2.1,1.6,0.5,15.711
2026-09-07 18:00,2.4,1.8,0.6,14.292
2026-09-07 19:00,2.9,2.1,0.8,13.646
2026-09-07 20:00,3.2,2.4,0.8,13.027
2026-09-07 21:00,3.2,2.4,0.8,12.405
2026-09-07 22:00,2.1,1.7,0.4,11.952
2026-09-07 23:00,1.9,1.6,0.3,11.661
2026-09-08 00:00,1.7,1.5,0.2,11.408
2026-09-08 01:00,1.7,1.6,0.1,11.213
2026-09-08 02:00,1.7,1.6,0.1,11.114
2026-09-08 03:00,1.6,1.6,0.0,10.965
2026-09-08 04:00,1.7,1.6,0.1,10.894
2026-09-08 05:00,2.5,2.4,0.1,11.02
2026-09-08 06:00,2.8,2.6,0.1,11.481
2026-09-08 07:00,2.7,2.5,0.2,12.092
2026-09-08 08:00,2.7,2.2,0.5,12.877
2026-09-08 09:00,2.7,1.9,0.8,13.812
2026-09-08 10:00,2.5,1.6,0.9,14.609
2026-09-08 11:00,2.3,1.3,1.0,15.139
2026-09-08 12:00,1.8,1.0,0.8,15.211
2026-09-08 13:00,2.1,1.4,0.7,15.317
2026-09-08 14:00,2.6,2.0,0.6,15.383
2026-09-08 15:00,2.3,1.8,0.5,15.199
2026-09-08 16:00,2.3,1.8,0.5,14.747
2026-09-08 17:00,2.4,1.9,0.5,13.518
2026-09-08 18:00,3.0,2.4,0.6,11.968
2026-09-08 19:00,3.3,2.6,0.7,11.416
2026-09-08 20:00,3.3,2.7,0.6,10.907
2026-09-08 21:00,3.2,2.7,0.5,10.458
2026-09-08 22:00,2.0,1.6,0.4,10.141
2026-09-08 23:00,1.8,1.5,0.3,9.807
2026-09-09 00:00,1.7,1.5,0.2,9.348
2026-09-09 01:00,1.4,1.3,0.1,8.844
2026-09-09 02:00,1.5,1.4,0.1,8.378
2026-09-09 03:00,1.4,1.4,0.0,7.959
2026-09-09 04:00,1.7,1.6,0.1,7.667
2026-09-09 05:00,2.5,2.4,0.1,8.139
2026-09-09 06:00,3.0,2.9,0.1,9.637
2026-09-09 07:00,3.0,2.8,0.2,11.909
2026-09-09 08:00,3.0,2.4,0.5,14.251
2026-09-09 09:00,2.8,1.9,0.9,15.936
2026-09-09 10:00,2.6,1.6,1.0,17.124
2026-09-09 11:00,2.3,1.3,1.0,18.024
2026-09-09 12:00,2.1,1.2,0.9,18.634
2026-09-09 13:00,1.8,1.1,0.7,18.938
2026-09-09 14:00,1.8,1.2,0.6,18.96
2026-09-09 15:00,1.6,1.1,0.5,18.586
2026-09-09 16:00,1.8,1.3,0.5,17.702
2026-09-09 17:00,2.2,1.6,0.6,15.391
2026-09-09 18:00,2.6,2.0,0.6,13.868
2026-09-09 19:00,3.1,2.4,0.7,13.34
2026-09-09 20:00,3.1,2.6,0.6,12.97
2026-09-09 21:00,2.8,2.3,0.5,12.867
2026-09-09 22:00,2.0,1.6,0.4,12.466
2026-09-09 23:00,2.0,1.7,0.3,12.025
2026-09-10 00:00,1.8,1.6,0.2,11.585
2026-09-10 01:00,1.9,1.8,0.1,11.16
2026-09-10 02:00,2.0,2.0,0.0,10.68
2026-09-10 03:00,2.3,2.3,0.0,10.052
2026-09-10 04:00,2.5,2.4,0.1,9.23
2026-09-10 05:00,3.5,3.2,0.3,8.993
2026-09-10 06:00,4.5,3.7,0.8,10.6
2026-09-10 07:00,3.6,2.8,0.8,13.274
2026-09-10 08:00,2.9,2.2,0.7,16.624
2026-09-10 09:00,2.0,1.4,0.6,18.209
2026-09-10 10:00,1.6,1.1,0.5,19.395
2026-09-10 11:00,1.4,1.0,0.4,20.294
2026-09-10 12:00,1.4,1.0,0.4,20.883
2026-09-10 13:00,1.4,1.0,0.4,21.122
2026-09-10 14:00,1.4,1.0,0.4,20.967
2026-09-10 15:00,1.4,1.0,0.4,20.494
2026-09-10 16:00,1.5,1.1,0.4,19.445
2026-09-10 17:00,1.7,1.2,0.5,16.467
2026-09-10 18:00,2.5,1.9,0.6,15.002
2026-09-10 19:00,3.3,2.5,0.8,14.54
2026-09-10 20:00,3.7,2.8,0.9,14.91
2026-09-10 21:00,3.5,2.7,0.8,14.644
2026-09-10 22:00,2.6,2.1,0.5,12.959
2026-09-10 23:00,2.5,2.2,0.3,11.315
2026-09-11 00:00,2.4,2.2,0.2,10.13
2026-09-11 01:00,2.2,2.1,0.1,9.461
2026-09-11 02:00,2.0,2.0,0.0,8.968
2026-09-11 03:00,2.0,2.0,0.0,8.512
2026-09-11 04:00,2.0,1.9,0.1,8.115
2026-09-11 05:00,2.4,2.1,0.3,8.679
2026-09-11 06:00,3.6,2.8,0.8,11.957
2026-09-11 07:00,2.8,2.0,0.8,14.697
2026-09-11 08:00,2.3,1.6,0.7,18.061
2026-09-11 09:00,1.5,0.9,0.6,19.583
2026-09-11 10:00,1.3,0.8,0.5,20.703
2026-09-11 11:00,1.3,0.8,0.5,21.464
2026-09-11 12:00,1.1,0.7,0.4,21.031
2026-09-11 13:00,1.1,0.7,0.4,19.727
2026-09-11 14:00,1.1,0.7,0.4,17.902
2026-09-11 15:00,1.6,1.2,0.4,17.045
2026-09-11 16:00,1.4,1.0,0.4,16.642
2026-09-11 17:00,1.9,1.3,0.6,15.943
2026-09-11 18:00,1.8,1.2,0.6,15.442
2026-09-11 19:00,2.3,1.5,0.8,15.177
2026-09-11 20:00,2.5,1.6,0.9,14.903
2026-09-11 21:00,2.4,1.5,0.8,14.702
2026-09-11 22:00,1.2,0.7,0.5,14.543
2026-09-11 23:00,0.5,0.3,0.2,14.453
2026-09-12 00:00,0.4,0.2,0.2,14.538
2026-09-12 01:00,0.1,0.0,0.1,14.594
2026-09-12 02:00,0.2,0.2,0.0,14.455
2026-09-12 03:00,0.4,0.4,0.0,14.358
2026-09-12 04:00,0.3,0.2,0.1,14.203
2026-09-12 05:00,0.6,0.3,0.3,14.328
2026-09-12 06:00,1.1,0.3,0.8,15.321
2026-09-12 07:00,1.0,0.1,0.8,16.724
2026-09-12 08:00,0.8,0.1,0.7,18.484
2026-09-12 09:00,0.7,0.1,0.6,20.418
2026-09-12 10:00,0.6,0.1,0.5,21.852
2026-09-12 11:00,0.6,0.1,0.5,23.02
2026-09-12 12:00,0.5,0.1,0.4,23.924
2026-09-12 13:00,0.5,0.1,0.4,24.208
2026-09-12 14:00,0.5,0.1,0.4,24.134
2026-09-12 15:00,0.5,0.1,0.4,23.775
2026-09-12 16:00,0.5,0.1,0.4,22.861
2026-09-12 17:00,0.7,0.1,0.6,19.913
2026-09-12 18:00,0.7,0.1,0.6,17.567
2026-09-12 19:00,0.9,0.1,0.8,17.003
2026-09-12 20:00,0.9,0.1,0.8,16.817
2026-09-12 21:00,0.9,0.1,0.8,16.975
2026-09-12 22:00,0.5,0.0,0.5,16.894
2026-09-12 23:00,0.3,0.0,0.3,16.453
2026-09-13 00:00,0.2,0.0,0.2,15.816
2026-09-13 01:00,0.1,0.0,0.1,15.224
2026-09-13 02:00,0.0,0.0,0.0,14.82
2026-09-13 03:00,0.0,0.0,0.0,14.615
2026-09-13 04:00,0.1,0.0,0.1,14.497
2026-09-13 05:00,0.4,0.1,0.3,14.76
2026-09-13 06:00,0.9,0.1,0.8,15.775
2026-09-13 07:00,0.9,0.1,0.8,17.177
2026-09-13 08:00,0.8,0.1,0.7,19.141
2026-09-13 09:00,0.7,0.1,0.6,20.803
2026-09-13 10:00,0.7,0.1,0.6,21.629
2026-09-13 11:00,0.6,0.1,0.5,21.812
2026-09-13 12:00,0.6,0.1,0.5,21.72
2026-09-13 13:00,0.5,0.1,0.4,21.503
2026-09-13 14:00,0.5,0.1,0.4,21.164
2026-09-13 15:00,0.5,0.1,0.4,20.662
2026-09-13 16:00,0.5,0.1,0.4,19.989
2026-09-13 17:00,0.7,0.1,0.6,18.521
2026-09-13 18:00,0.7,0.1,0.6,17.061
2026-09-13 19:00,1.1,0.3,0.8,16.164
2026-09-13 20:00,1.1,0.3,0.8,15.339
2026-09-13 21:00,1.3,0.5,0.8,14.355
2026-09-13 22:00,0.8,0.4,0.4,13.031
2026-09-13 23:00,0.9,0.6,0.3,12.154
2026-09-14 00:00,1.4,1.2,0.2,11.481
2026-09-14 01:00,1.5,1.4,0.1,10.888
2026-09-14 02:00,1.4,1.4,0.0,10.303
2026-09-14 03:00,1.7,1.7,0.0,9.722
2026-09-14 04:00,2.3,2.2,0.1,9.129
2026-09-14 05:00,2.6,2.3,0.3,9.27
2026-09-14 06:00,3.5,2.7,0.8,11.531
2026-09-14 07:00,2.6,1.8,0.8,14.446
2026-09-14 08:00,1.8,1.1,0.7,17.873
2026-09-14 09:00,1.4,0.8,0.6,19.62
2026-09-14 10:00,1.3,0.8,0.5,20.964
2026-09-14 11:00,1.1,0.7,0.4,22.057
2026-09-14 12:00,1.1,0.7,0.4,22.772
2026-09-14 13:00,1.1,0.7,0.4,23.123
2026-09-14 14:00,1.0,0.6,0.4,23.057
2026-09-14 15:00,1.1,0.7,0.4,22.628
2026-09-14 16:00,1.1,0.7,0.4,21.269
2026-09-14 17:00,1.4,0.8,0.6,17.367
2026-09-14 18:00,1.7,1.1,0.6,14.917
2026-09-14 19:00,2.4,1.6,0.8,13.95
2026-09-14 20:00,3.0,2.1,0.9,13.453
2026-09-14 21:00,3.0,2.2,0.8,12.978
2026-09-14 22:00,1.8,1.3,0.5,12.418
2026-09-14 23:00,1.9,1.6,0.3,11.677
2026-09-15 00:00,2.0,1.8,0.2,10.987
2026-09-15 01:00,2.0,1.8,0.1,10.529
2026-09-15 02:00,2.1,2.0,0.1,10.196
2026-09-15 03:00,1.8,1.8,0.0,9.847
2026-09-15 04:00,2.5,2.4,0.1,9.424
2026-09-15 05:00,2.7,2.6,0.1,9.642
2026-09-15 06:00,3.1,3.0,0.1,13.018
2026-09-15 07:00,2.0,1.8,0.2,15.635
2026-09-15 08:00,1.4,0.9,0.5,19.23
2026-09-15 09:00,1.7,0.8,0.9,21.396
2026-09-15 10:00,1.6,0.7,0.9,22.836
2026-09-15 11:00,1.7,0.7,1.0,24.088
2026-09-15 12:00,1.6,0.7,0.8,24.967
2026-09-15 13:00,1.4,0.7,0.7,25.227
2026-09-15 14:00,1.2,0.6,0.6,25.0
2026-09-15 15:00,1.2,0.7,0.5,24.379
2026-09-15 16:00,1.2,0.7,0.5,22.626
2026-09-15 17:00,1.4,0.8,0.6,18.401
2026-09-15 18:00,1.5,0.9,0.6,16.252
2026-09-15 19:00,1.5,0.9,0.6,15.565
2026-09-15 20:00,1.9,1.2,0.7,15.188
2026-09-15 21:00,2.0,1.5,0.5,14.824
2026-09-15 22:00,1.5,1.1,0.4,14.369
2026-09-15 23:00,1.3,1.0,0.3,14.103
2026-09-16 00:00,1.1,0.9,0.2,14.033
2026-09-16 01:00,1.1,1.0,0.1,14.223
2026-09-16 02:00,1.3,1.2,0.1,14.503
2026-09-16 03:00,1.4,1.4,0.0,14.503
2026-09-16 04:00,1.6,1.5,0.1,14.186
2026-09-16 05:00,1.6,1.6,0.1,13.953
2026-09-16 06:00,1.9,1.8,0.1,14.809
2026-09-16 07:00,1.9,1.7,0.2,16.425
2026-09-16 08:00,1.7,1.2,0.5,18.306
2026-09-16 09:00,2.0,1.0,1.0,19.708
2026-09-16 10:00,1.7,0.7,1.0,20.633
2026-09-16 11:00,1.5,0.6,0.9,21.168
2026-09-16 12:00,1.6,0.7,0.9,21.208
2026-09-16 13:00,1.3,0.6,0.7,20.846
2026-09-16 14:00,1.2,0.6,0.6,19.967
2026-09-16 15:00,1.1,0.6,0.5,18.854
2026-09-16 16:00,1.7,1.2,0.5,17.695
2026-09-16 17:00,1.7,1.2,0.6,16.245
2026-09-16 18:00,1.8,1.2,0.6,14.949
2026-09-16 19:00,2.0,1.4,0.6,13.987
2026-09-16 20:00,2.5,1.8,0.7,13.106
2026-09-16 21:00,2.3,1.7,0.6,12.416
2026-09-16 22:00,1.5,1.1,0.4,11.851
2026-09-16 23:00,1.3,1.0,0.3,11.116
2026-09-17 00:00,1.1,0.9,0.2,10.251
2026-09-17 01:00,1.1,1.0,0.1,9.654
2026-09-17 02:00,1.1,1.1,0.0,9.097
2026-09-17 03:00,0.9,0.9,0.0,8.61
2026-09-17 04:00,1.4,1.3,0.1,8.22
2026-09-17 05:00,2.0,1.7,0.3,8.354
2026-09-17 06:00,3.3,2.4,0.8,10.582
2026-09-17 07:00,2.6,1.8,0.8,12.721
2026-09-17 08:00,2.2,1.5,0.7,14.854
2026-09-17 09:00,1.8,1.2,0.6,16.407
2026-09-17 10:00,1.7,1.2,0.5,17.55
2026-09-17 11:00,1.3,0.8,0.5,18.406
2026-09-17 12:00,1.3,0.8,0.5,18.937
2026-09-17 13:00,1.2,0.8,0.4,19.049
2026-09-17 14:00,1.2,0.8,0.4,18.73
2026-09-17 15:00,1.1,0.7,0.4,17.986
2026-09-17 16:00,1.2,0.8,0.4,16.586
2026-09-17 17:00,1.7,1.1,0.6,14.525
2026-09-17 18:00,2.4,1.8,0.6,12.522
2026-09-17 19:00,2.9,2.1,0.8,10.977
2026-09-17 20:00,3.2,2.4,0.8,9.649
2026-09-17 21:00,3.5,2.7,0.8,8.64
2026-09-17 22:00,2.5,2.1,0.4,7.889
2026-09-17 23:00,2.6,2.3,0.3,7.313
2026-09-18 00:00,2.6,2.4,0.2,6.838
2026-09-18 01:00,2.6,2.5,0.1,6.453
2026-09-18 02:00,2.5,2.5,0.0,6.159
2026-09-18 03:00,3.0,3.0,0.0,5.983
2026-09-18 04:00,3.4,3.3,0.1,5.78
2026-09-18 05:00,4.0,3.7,0.3,6.051
2026-09-18 06:00,5.3,4.5,0.8,8.006
2026-09-18 07:00,4.7,3.9,0.8,10.503
2026-09-18 08:00,3.6,2.9,0.7,13.681
2026-09-18 09:00,2.5,2.0,0.5,15.233
2026-09-18 10:00,2.6,2.1,0.5,16.464
2026-09-18 11:00,2.4,1.8,0.5,17.447
2026-09-18 12:00,2.2,1.7,0.5,18.055
2026-09-18 13:00,1.7,1.3,0.4,18.248
2026-09-18 14:00,1.7,1.3,0.4,17.97
2026-09-18 15:00,2.1,1.7,0.4,17.265
2026-09-18 16:00,2.1,1.7,0.4,16.067
2026-09-18 17:00,2.6,2.1,0.5,13.481
2026-09-18 18:00,3.2,2.6,0.6,11.99
2026-09-18 19:00,3.8,3.0,0.8,11.529
2026-09-18 20:00,4.6,3.7,0.9,10.832
2026-09-18 21:00,4.6,3.8,0.8,9.861
2026-09-18 22:00,3.2,2.7,0.5,8.82
2026-09-18 23:00,2.8,2.5,0.3,8.436
2026-09-19 00:00,2.5,2.3,0.2,8.164
2026-09-19 01:00,3.0,2.9,0.1,7.418
2026-09-19 02:00,3.1,3.1,0.0,6.49
2026-09-19 03:00,2.9,2.9,0.0,5.972
2026-09-19 04:00,3.6,3.5,0.1,5.497
2026-09-19 05:00,4.6,4.3,0.3,5.427
2026-09-19 06:00,6.5,5.6,0.8,7.724
2026-09-19 07:00,5.0,4.2,0.8,10.558
2026-09-19 08:00,3.7,3.0,0.7,13.347
2026-09-19 09:00,3.2,2.6,0.6,14.757
2026-09-19 10:00,2.6,2.1,0.5,15.932
2026-09-19 11:00,2.1,1.7,0.4,16.885
2026-09-19 12:00,1.8,1.4,0.4,17.558
2026-09-19 13:00,1.9,1.5,0.4,17.889
2026-09-19 14:00,1.8,1.4,0.4,17.756
2026-09-19 15:00,1.9,1.5,0.4,17.209
2026-09-19 16:00,2.3,1.8,0.4,15.974
2026-09-19 17:00,2.6,2.1,0.5,12.226
2026-09-19 18:00,3.3,2.7,0.6,10.418
2026-09-19 19:00,4.5,3.7,0.8,9.66
2026-09-19 20:00,4.7,3.9,0.8,8.98
2026-09-19 21:00,4.8,4.0,0.8,8.405
2026-09-19 22:00,3.2,2.8,0.4,7.916
2026-09-19 23:00,2.9,2.7,0.2,7.485
2026-09-20 00:00,2.9,2.7,0.2,7.137
2026-09-20 01:00,3.0,2.9,0.1,6.852
2026-09-20 02:00,2.8,2.8,0.0,6.598
2026-09-20 03:00,3.2,3.2,0.0,6.268
2026-09-20 04:00,3.6,3.5,0.1,5.81
2026-09-20 05:00,4.3,4.0,0.3,5.58
2026-09-20 06:00,5.9,5.1,0.8,8.345
2026-09-20 07:00,5.0,4.2,0.8,10.722
2026-09-20 08:00,3.4,2.7,0.7,14.438
2026-09-20 09:00,2.5,1.9,0.6,16.391
2026-09-20 10:00,2.2,1.7,0.5,17.806
2026-09-20 11:00,1.8,1.3,0.5,19.02
2026-09-20 12:00,1.9,1.4,0.5,19.955
2026-09-20 13:00,1.6,1.2,0.4,20.522
2026-09-20 14:00,1.6,1.2,0.4,20.611
2026-09-20 15:00,1.8,1.4,0.4,20.232
2026-09-20 16:00,1.8,1.4,0.4,18.643
2026-09-20 17:00,2.1,1.6,0.5,14.549
2026-09-20 18:00,2.9,2.2,0.7,12.814
2026-09-20 19:00,3.7,2.9,0.8,12.066
2026-09-20 20:00,3.8,2.9,0.8,11.44
2026-09-20 21:00,3.5,2.7,0.8,10.923
2026-09-20 22:00,2.3,1.8,0.5,10.485
2026-09-20 23:00,2.4,2.1,0.3,10.068
2026-09-21 00:00,2.7,2.4,0.2,9.651
2026-09-21 01:00,1.6,1.5,0.1,9.166
2026-09-21 02:00,1.8,1.8,0.0,8.763
2026-09-21 03:00,2.1,2.1,0.0,8.416
2026-09-21 04:00,2.4,2.3,0.1,8.067
2026-09-21 05:00,2.6,2.4,0.3,7.909
2026-09-21 06:00,3.4,2.5,0.8,9.488
2026-09-21 07:00,2.8,1.9,0.8,12.224
2026-09-21 08:00,1.9,1.2,0.7,16.188
2026-09-21 09:00,1.4,0.8,0.6,18.998
2026-09-21 10:00,1.3,0.8,0.5,21.036
2026-09-21 11:00,1.2,0.7,0.5,22.627
2026-09-21 12:00,1.2,0.7,0.5,23.815
2026-09-21 13:00,1.1,0.7,0.4,24.489
2026-09-21 14:00,1.0,0.6,0.4,24.562
2026-09-21 15:00,1.1,0.7,0.4,23.912
2026-09-21 16:00,1.2,0.8,0.4,21.505
2026-09-21 17:00,1.4,0.8,0.6,17.021
2026-09-21 18:00,1.5,0.8,0.6,15.44
2026-09-21 19:00,1.7,0.9,0.8,14.764
2026-09-21 20:00,1.9,1.0,0.8,14.177
2026-09-21 21:00,2.8,2.0,0.8,13.742
2026-09-21 22:00,1.5,1.1,0.4,13.471
2026-09-21 23:00,0.9,0.6,0.3,13.105
2026-09-22 00:00,1.2,1.0,0.2,12.56
2026-09-22 01:00,1.4,1.3,0.1,12.012
2026-09-22 02:00,0.9,0.8,0.1,11.525
2026-09-22 03:00,0.6,0.6,0.0,11.103
2026-09-22 04:00,0.8,0.7,0.1,10.771
2026-09-22 05:00,1.0,0.9,0.1,10.639
2026-09-22 06:00,1.2,1.1,0.1,12.179
2026-09-22 07:00,0.6,0.4,0.2,15.159
2026-09-22 08:00,0.8,0.3,0.5,19.057
2026-09-22 09:00,1.2,0.3,0.9,22.034
2026-09-22 10:00,1.2,0.3,0.9,23.721
2026-09-22 11:00,1.3,0.3,1.0,24.438
2026-09-22 12:00,1.1,0.2,0.9,24.688
2026-09-22 13:00,0.9,0.2,0.7,24.593
2026-09-22 14:00,0.8,0.2,0.6,23.974
2026-09-22 15:00,0.9,0.3,0.6,22.877
2026-09-22 16:00,0.8,0.3,0.5,21.457
2026-09-22 17:00,0.9,0.3,0.6,19.516
2026-09-22 18:00,0.9,0.3,0.6,18.628
2026-09-22 19:00,0.9,0.3,0.6,18.164
2026-09-22 20:00,1.1,0.4,0.7,17.779
2026-09-22 21:00,0.8,0.3,0.5,17.386
2026-09-22 22:00,0.5,0.1,0.4,16.685
2026-09-22 23:00,0.5,0.2,0.3,15.672
2026-09-23 00:00,0.4,0.2,0.2,14.661
2026-09-23 01:00,0.6,0.5,0.1,13.925
2026-09-23 02:00,0.6,0.5,0.1,13.514
2026-09-23 03:00,0.5,0.5,0.0,13.316
2026-09-23 04:00,0.7,0.6,0.1,13.233
2026-09-23 05:00,1.1,1.0,0.1,13.063
2026-09-23 06:00,1.4,1.3,0.1,13.466
2026-09-23 07:00,1.5,1.3,0.2,14.014
2026-09-23 08:00,1.5,1.0,0.5,14.758
2026-09-23 09:00,1.6,0.7,0.9,15.833
2026-09-23 10:00,1.5,0.5,1.0,17.169
2026-09-23 11:00,1.4,0.4,1.0,18.829
2026-09-23 12:00,1.3,0.4,0.9,20.083
2026-09-23 13:00,1.1,0.4,0.7,20.621
2026-09-23 14:00,1.0,0.4,0.6,20.533
2026-09-23 15:00,0.9,0.4,0.5,19.963
2026-09-23 16:00,0.9,0.4,0.5,18.589
2026-09-23 17:00,1.1,0.5,0.6,16.241
2026-09-23 18:00,1.7,1.2,0.6,15.296
2026-09-23 19:00,1.9,1.2,0.7,14.675
2026-09-23 20:00,1.8,1.2,0.6,13.963
2026-09-23 21:00,1.6,1.1,0.5,13.181
2026-09-23 22:00,1.3,0.8,0.5,12.661
2026-09-23 23:00,1.2,0.9,0.3,12.307
2026-09-24 00:00,1.1,0.9,0.2,12.115
2026-09-24 01:00,1.0,0.9,0.1,12.185
2026-09-24 02:00,1.0,1.0,0.0,11.916
2026-09-24 03:00,1.2,1.2,0.0,11.52
2026-09-24 04:00,1.5,1.4,0.1,11.13
2026-09-24 05:00,1.8,1.5,0.3,11.121
2026-09-24 06:00,2.5,1.7,0.8,11.855
2026-09-24 07:00,2.4,1.6,0.9,13.193
2026-09-24 08:00,1.6,0.9,0.7,15.464
2026-09-24 09:00,1.2,0.6,0.6,17.656
2026-09-24 10:00,1.1,0.6,0.5,18.923
2026-09-24 11:00,0.9,0.5,0.4,19.36
2026-09-24 12:00,0.9,0.5,0.4,19.251
2026-09-24 13:00,0.9,0.5,0.4,18.326
2026-09-24 14:00,0.9,0.5,0.4,17.16
2026-09-24 15:00,0.9,0.5,0.4,16.518
2026-09-24 16:00,1.1,0.7,0.4,15.693
2026-09-24 17:00,1.5,1.0,0.5,14.466
2026-09-24 18:00,1.8,1.2,0.7,13.777
2026-09-24 19:00,2.0,1.2,0.8,13.371
2026-09-24 20:00,2.3,1.4,0.9,13.172
2026-09-24 21:00,2.3,1.4,0.8,13.056
2026-09-24 22:00,1.6,1.1,0.5,12.991
2026-09-24 23:00,1.0,0.8,0.2,12.983
2026-09-25 00:00,1.1,0.8,0.2,13.086
2026-09-25 01:00,0.8,0.7,0.1,13.056
2026-09-25 02:00,0.7,0.7,0.0,12.813
2026-09-25 03:00,0.7,0.7,0.0,12.348
2026-09-25 04:00,1.1,1.0,0.1,11.757
2026-09-25 05:00,1.5,1.2,0.3,11.4
2026-09-25 06:00,2.2,1.4,0.8,12.268
2026-09-25 07:00,1.9,1.0,0.9,13.662
2026-09-25 08:00,1.4,0.7,0.7,15.409
2026-09-25 09:00,1.0,0.4,0.6,16.65
2026-09-25 10:00,0.9,0.4,0.5,17.46
2026-09-25 11:00,0.9,0.4,0.5,18.245
2026-09-25 12:00,0.9,0.4,0.5,18.866
2026-09-25 13:00,0.7,0.3,0.4,19.323
2026-09-25 14:00,0.7,0.3,0.4,19.348
2026-09-25 15:00,0.7,0.4,0.4,18.627
2026-09-25 16:00,0.8,0.4,0.4,17.251
2026-09-25 17:00,1.2,0.6,0.6,15.469
2026-09-25 18:00,1.3,0.7,0.6,14.629
2026-09-25 19:00,1.5,0.7,0.8,14.101
2026-09-25 20:00,1.8,1.0,0.9,13.811
2026-09-25 21:00,1.6,0.8,0.8,13.702
2026-09-25 22:00,0.9,0.5,0.4,13.412
2026-09-25 23:00,1.0,0.7,0.3,13.333
2026-09-26 00:00,0.8,0.6,0.2,13.151
2026-09-26 01:00,0.5,0.4,0.1,12.687
2026-09-26 02:00,0.4,0.4,0.0,12.399
2026-09-26 03:00,0.5,0.5,0.0,12.26
2026-09-26 04:00,0.8,0.7,0.1,12.22
2026-09-26 05:00,1.1,0.8,0.3,12.144
2026-09-26 06:00,1.7,0.8,0.8,12.551
2026-09-26 07:00,1.7,0.9,0.8,13.64
2026-09-26 08:00,1.3,0.6,0.7,15.395
2026-09-26 09:00,1.0,0.4,0.6,16.842
2026-09-26 10:00,0.7,0.2,0.5,17.942
2026-09-26 11:00,0.8,0.2,0.6,18.705
2026-09-26 12:00,0.6,0.2,0.4,18.695
2026-09-26 13:00,0.6,0.2,0.4,18.423
2026-09-26 14:00,0.6,0.2,0.4,18.603
2026-09-26 15:00,0.6,0.2,0.4,19.011
2026-09-26 16:00,0.6,0.2,0.4,18.568
2026-09-26 17:00,0.8,0.2,0.6,17.169
2026-09-26 18:00,0.8,0.2,0.6,16.634
2026-09-26 19:00,1.1,0.3,0.8,15.993
2026-09-26 20:00,1.2,0.3,0.9,15.6
2026-09-26 21:00,1.1,0.3,0.8,15.242
2026-09-26 22:00,0.6,0.1,0.5,14.978
2026-09-26 23:00,0.2,0.0,0.2,14.738
2026-09-27 00:00,0.7,0.5,0.2,14.493
2026-09-27 01:00,0.8,0.7,0.1,14.266
2026-09-27 02:00,0.8,0.8,0.0,14.081
2026-09-27 03:00,0.7,0.7,0.0,13.772
2026-09-27 04:00,1.1,1.0,0.1,13.385
2026-09-27 05:00,1.5,1.2,0.3,12.937
2026-09-27 06:00,2.2,1.4,0.8,13.429
2026-09-27 07:00,2.2,1.3,0.9,14.483
2026-09-27 08:00,1.7,0.9,0.8,15.781
2026-09-27 09:00,1.3,0.7,0.6,17.619
2026-09-27 10:00,0.9,0.4,0.5,18.952
2026-09-27 11:00,0.9,0.4,0.5,19.67
2026-09-27 12:00,0.9,0.4,0.5,20.037
2026-09-27 13:00,0.9,0.4,0.5,20.108
2026-09-27 14:00,0.8,0.4,0.4,19.907
2026-09-27 15:00,0.8,0.4,0.4,19.369
2026-09-27 16:00,0.8,0.4,0.4,18.114
2026-09-27 17:00,1.0,0.4,0.6,15.704
2026-09-27 18:00,1.5,0.9,0.6,14.942
2026-09-27 19:00,1.6,0.8,0.8,14.539
2026-09-27 20:00,1.7,0.9,0.8,14.083
2026-09-27 21:00,1.7,0.9,0.8,13.746
2026-09-27 22:00,1.3,1.0,0.4,13.355
2026-09-27 23:00,1.0,0.7,0.3,13.152
2026-09-28 00:00,0.9,0.7,0.2,12.941
2026-09-28 01:00,1.0,0.9,0.1,12.651
2026-09-28 02:00,1.1,1.1,0.0,12.528
2026-09-28 03:00,0.7,0.7,0.0,12.476
2026-09-28 04:00,0.8,0.7,0.1,12.522
2026-09-28 05:00,1.5,1.2,0.3,12.406
2026-09-28 06:00,2.3,1.4,0.9,12.946
2026-09-28 07:00,2.0,1.1,0.9,13.987
2026-09-28 08:00,1.5,0.7,0.8,15.142
2026-09-28 09:00,1.3,0.7,0.6,16.557
2026-09-28 10:00,1.0,0.4,0.6,17.646
2026-09-28 11:00,0.8,0.4,0.4,18.32
2026-09-28 12:00,0.9,0.4,0.5,18.458
2026-09-28 13:00,0.8,0.4,0.4,18.019
2026-09-28 14:00,0.8,0.4,0.4,17.533
2026-09-28 15:00,0.8,0.4,0.4,16.97
2026-09-28 16:00,0.8,0.4,0.4,16.132
2026-09-28 17:00,1.1,0.6,0.5,14.846
2026-09-28 18:00,1.6,1.0,0.6,14.134
2026-09-28 19:00,1.6,0.9,0.7,13.546
2026-09-28 20:00,1.7,0.9,0.8,12.88
2026-09-28 21:00,1.7,0.9,0.8,12.538
2026-09-28 22:00,1.1,0.6,0.5,12.59
2026-09-28 23:00,0.8,0.5,0.3,12.626
2026-09-29 00:00,0.9,0.7,0.2,12.577
2026-09-29 01:00,0.7,0.6,0.1,12.397
2026-09-29 02:00,0.6,0.5,0.1,12.066
2026-09-29 03:00,0.5,0.5,0.0,11.643
2026-09-29 04:00,0.8,0.7,0.1,11.412
2026-09-29 05:00,1.0,0.9,0.1,11.726
2026-09-29 06:00,0.9,0.8,0.1,12.436
2026-09-29 07:00,0.8,0.6,0.2,13.293
2026-09-29 08:00,0.9,0.5,0.4,14.632
2026-09-29 09:00,1.4,0.5,0.9,16.557
2026-09-29 10:00,1.6,0.7,1.0,17.429
2026-09-29 11:00,1.3,0.4,0.9,17.506
2026-09-29 12:00,1.0,0.2,0.8,17.757
2026-09-29 13:00,0.9,0.2,0.7,18.371
2026-09-29 14:00,0.8,0.2,0.6,18.766
2026-09-29 15:00,0.7,0.2,0.5,18.295
2026-09-29 16:00,0.8,0.3,0.5,17.486
2026-09-29 17:00,0.9,0.3,0.6,16.858
2026-09-29 18:00,0.9,0.3,0.6,16.701
2026-09-29 19:00,1.0,0.3,0.7,16.529
2026-09-29 20:00,1.1,0.5,0.6,15.839
2026-09-29 21:00,0.8,0.3,0.5,14.837
2026-09-29 22:00,0.7,0.3,0.4,14.36
2026-09-29 23:00,0.6,0.3,0.3,14.416
2026-09-30 00:00,0.5,0.3,0.2,14.279
2026-09-30 01:00,0.6,0.5,0.1,13.273
2026-09-30 02:00,0.7,0.6,0.1,12.404
2026-09-30 03:00,0.7,0.7,0.0,12.048
2026-09-30 04:00,0.9,0.8,0.1,11.844
2026-09-30 05:00,1.2,1.1,0.1,11.629
2026-09-30 06:00,1.6,1.5,0.1,11.712
2026-09-30 07:00,1.7,1.5,0.2,12.4
2026-09-30 08:00,1.6,1.2,0.4,13.533
2026-09-30 09:00,1.9,1.0,0.9,14.984
2026-09-30 10:00,1.8,0.8,1.0,16.088
2026-09-30 11:00,1.6,0.6,1.0,16.91
2026-09-30 12:00,1.4,0.5,0.9,17.564
2026-09-30 13:00,1.2,0.5,0.7,17.896
2026-09-30 14:00,1.1,0.5,0.6,17.878
2026-09-30 15:00,1.0,0.5,0.5,17.402
2026-09-30 16:00,1.0,0.5,0.5,16.037
2026-09-30 17:00,1.4,0.8,0.6,13.591
2026-09-30 18:00,1.7,1.1,0.6,13.124
2026-09-30 19:00,2.0,1.3,0.7,12.793
2026-09-30 20:00,2.0,1.3,0.7,12.744
2026-09-30 21:00,2.2,1.6,0.6,12.749
2026-09-30 22:00,1.7,1.3,0.4,12.642
2026-09-30 23:00,1.8,1.5,0.3,12.864
2026-10-01 00:00,1.9,1.7,0.2,12.656
2026-10-01 01:00,1.9,1.8,0.1,12.407
2026-10-01 02:00,1.7,1.7,0.0,12.231
2026-10-01 03:00,1.8,1.8,0.0,12.211
2026-10-01 04:00,2.0,1.9,0.1,12.1
2026-10-01 05:00,2.5,2.2,0.3,12.273
2026-10-01 06:00,3.9,3.1,0.8,13.037
2026-10-01 07:00,3.3,2.5,0.8,14.323
2026-10-01 08:00,2.5,1.8,0.7,15.375
2026-10-01 09:00,2.0,1.4,0.6,15.828
2026-10-01 10:00,1.9,1.4,0.5,16.666
2026-10-01 11:00,1.4,0.9,0.5,18.427
2026-10-01 12:00,1.4,0.8,0.5,19.453
2026-10-01 13:00,1.4,0.9,0.5,19.384
2026-10-01 14:00,1.2,0.8,0.4,18.704
2026-10-01 15:00,1.2,0.8,0.4,17.671
2026-10-01 16:00,1.6,1.1,0.5,16.61
2026-10-01 17:00,1.8,1.3,0.5,15.364
2026-10-01 18:00,2.2,1.6,0.6,14.552
2026-10-01 19:00,2.2,1.6,0.7,14.052
2026-10-01 20:00,2.7,1.8,0.9,13.685
2026-10-01 21:00,2.5,1.7,0.8,13.457
2026-10-01 22:00,1.6,1.1,0.5,13.541
2026-10-01 23:00,1.5,1.2,0.3,13.498
2026-10-02 00:00,1.3,1.1,0.2,13.373
2026-10-02 01:00,1.2,1.1,0.1,12.999
2026-10-02 02:00,1.1,1.1,0.0,12.135
2026-10-02 03:00,1.0,1.0,0.0,10.45
2026-10-02 04:00,1.3,1.2,0.1,8.745
2026-10-02 05:00,1.8,1.5,0.3,7.839
2026-10-02 06:00,2.4,1.6,0.8,7.74
2026-10-02 07:00,2.4,1.5,0.9,8.736
2026-10-02 08:00,1.7,1.0,0.7,10.451
2026-10-02 09:00,1.3,0.7,0.6,12.055
2026-10-02 10:00,0.9,0.4,0.5,13.107
2026-10-02 11:00,1.1,0.6,0.5,13.647
2026-10-02 12:00,0.9,0.4,0.5,13.791
2026-10-02 13:00,0.8,0.4,0.4,13.518
2026-10-02 14:00,0.8,0.4,0.4,12.921
2026-10-02 15:00,0.8,0.4,0.4,12.267
2026-10-02 16:00,0.8,0.4,0.4,11.251
2026-10-02 17:00,0.9,0.4,0.5,9.647
2026-10-02 18:00,1.1,0.5,0.6,8.665
2026-10-02 19:00,1.3,0.5,0.8,7.958
2026-10-02 20:00,1.3,0.5,0.8,7.627
2026-10-02 21:00,1.3,0.5,0.8,7.651
2026-10-02 22:00,0.7,0.2,0.5,7.832
2026-10-02 23:00,0.4,0.1,0.3,7.957
2026-10-03 00:00,0.3,0.1,0.2,7.906
2026-10-03 01:00,0.2,0.1,0.1,7.681
2026-10-03 02:00,0.2,0.1,0.1,7.473
2026-10-03 03:00,0.1,0.1,0.0,7.27
2026-10-03 04:00,0.2,0.1,0.1,7.157
2026-10-03 05:00,0.5,0.4,0.1,7.113
2026-10-03 06:00,0.8,0.7,0.1,7.438
2026-10-03 07:00,0.8,0.6,0.2,8.679
2026-10-03 08:00,1.0,0.5,0.5,10.448
2026-10-03 09:00,1.3,0.4,0.9,11.934
2026-10-03 10:00,1.4,0.4,1.0,13.076
2026-10-03 11:00,1.4,0.4,1.0,13.64
2026-10-03 12:00,1.3,0.4,0.9,13.433
2026-10-03 13:00,1.0,0.4,0.7,12.953
2026-10-03 14:00,0.9,0.4,0.6,12.722
2026-10-03 15:00,1.0,0.4,0.6,12.394
2026-10-03 16:00,1.7,1.1,0.6,11.544
2026-10-03 17:00,1.8,1.2,0.6,10.266
2026-10-03 18:00,1.9,1.3,0.6,9.858
2026-10-03 19:00,2.3,1.6,0.7,9.497
2026-10-03 20:00,2.0,1.4,0.6,9.149
2026-10-03 21:00,2.2,1.6,0.6,8.657
2026-10-03 22:00,1.8,1.4,0.4,7.903
2026-10-03 23:00,1.6,1.3,0.3,7.437
2026-10-04 00:00,1.6,1.4,0.2,7.161
2026-10-04 01:00,1.5,1.4,0.1,7.422
2026-10-04 02:00,1.3,1.3,0.0,7.528
2026-10-04 03:00,1.3,1.3,0.0,7.075
2026-10-04 04:00,1.6,1.5,0.1,6.938
2026-10-04 05:00,2.3,2.0,0.3,6.946
2026-10-04 06:00,3.7,2.8,0.9,7.073
2026-10-04 07:00,3.1,2.3,0.8,7.294
2026-10-04 08:00,2.7,1.9,0.8,7.68
2026-10-04 09:00,2.1,1.5,0.6,8.071
2026-10-04 10:00,1.8,1.3,0.5,9.124
2026-10-04 11:00,1.4,0.9,0.5,10.913
2026-10-04 12:00,1.3,0.8,0.5,12.916
2026-10-04 13:00,1.2,0.8,0.4,14.335
2026-10-04 14:00,1.2,0.8,0.4,14.711
2026-10-04 15:00,1.3,0.9,0.4,14.057
2026-10-04 16:00,1.5,1.1,0.4,12.778
2026-10-04 17:00,2.4,1.8,0.6,11.732
2026-10-04 18:00,2.5,1.9,0.6,11.259
2026-10-04 19:00,3.0,2.2,0.8,11.0
2026-10-04 20:00,3.1,2.2,0.9,10.933
2026-10-04 21:00,3.4,2.5,0.9,10.96
2026-10-04 22:00,2.1,1.6,0.5,10.92
2026-10-04 23:00,1.7,1.4,0.3,10.537
2026-10-05 00:00,1.5,1.3,0.2,9.738
2026-10-05 01:00,1.7,1.6,0.1,8.592
2026-10-05 02:00,1.5,1.5,0.0,7.728
2026-10-05 03:00,1.7,1.7,0.0,7.344
2026-10-05 04:00,1.6,1.5,0.1,7.145
2026-10-05 05:00,2.3,2.0,0.3,7.093
2026-10-05 06:00,3.7,2.9,0.8,7.381
2026-10-05 07:00,3.5,2.6,0.9,7.999
2026-10-05 08:00,2.9,2.2,0.7,9.092
2026-10-05 09:00,2.1,1.5,0.6,10.607
2026-10-05 10:00,1.6,1.0,0.6,12.143
2026-10-05 11:00,1.5,1.0,0.5,13.339
2026-10-05 12:00,1.4,0.9,0.5,14.121
2026-10-05 13:00,1.4,1.0,0.5,14.418
2026-10-05 14:00,1.5,1.1,0.4,14.232
2026-10-05 15:00,1.8,1.4,0.4,13.564
2026-10-05 16:00,1.8,1.4,0.4,11.816
2026-10-05 17:00,2.6,2.0,0.6,9.722
2026-10-05 18:00,2.7,2.1,0.6,8.739
2026-10-05 19:00,3.6,2.7,0.9,8.146
2026-10-05 20:00,3.6,2.7,0.9,7.61
2026-10-05 21:00,3.4,2.6,0.8,7.133
2026-10-05 22:00,1.9,1.5,0.4,7.063
2026-10-05 23:00,1.9,1.6,0.3,6.751
2026-10-06 00:00,1.6,1.4,0.2,6.355
2026-10-06 01:00,1.7,1.6,0.1,5.966
2026-10-06 02:00,1.7,1.6,0.1,5.595
2026-10-06 03:00,1.7,1.7,0.0,5.501
2026-10-06 04:00,2.0,1.9,0.1,5.5
2026-10-06 05:00,2.6,2.5,0.1,5.647
2026-10-06 06:00,3.2,3.1,0.1,6.029
2026-10-06 07:00,3.1,2.9,0.2,6.75
2026-10-06 08:00,3.3,2.8,0.5,7.568
2026-10-06 09:00,3.3,2.4,0.9,8.143
2026-10-06 10:00,3.4,2.4,1.0,8.564
2026-10-06 11:00,3.4,2.4,1.0,8.891
2026-10-06 12:00,3.2,2.3,0.9,9.232
2026-10-06 13:00,3.0,2.3,0.7,9.627
2026-10-06 14:00,2.8,2.2,0.6,9.785
2026-10-06 15:00,2.7,2.2,0.5,9.562
2026-10-06 16:00,3.1,2.5,0.6,9.164
2026-10-06 17:00,3.1,2.5,0.6,8.693
2026-10-06 18:00,3.3,2.7,0.6,8.488
2026-10-06 19:00,4.0,3.2,0.8,8.23
2026-10-06 20:00,3.6,2.9,0.7,7.844
2026-10-06 21:00,3.1,2.6,0.5,7.77
2026-10-06 22:00,1.9,1.5,0.4,7.785
2026-10-06 23:00,1.6,1.3,0.3,7.714
2026-10-07 00:00,1.4,1.2,0.2,7.492
2026-10-07 01:00,1.3,1.2,0.1,7.261
2026-10-07 02:00,1.4,1.3,0.1,7.018
2026-10-07 03:00,1.3,1.3,0.0,6.711
2026-10-07 04:00,1.6,1.5,0.1,6.515
2026-10-07 05:00,2.5,2.4,0.1,6.265
2026-10-07 06:00,3.7,3.6,0.1,6.613
2026-10-07 07:00,3.4,3.2,0.2,7.672
2026-10-07 08:00,2.9,2.4,0.5,9.215
2026-10-07 09:00,3.1,2.2,0.9,10.664
2026-10-07 10:00,2.5,1.6,0.9,11.847
2026-10-07 11:00,2.5,1.5,1.0,12.604
2026-10-07 12:00,2.3,1.4,0.9,12.976
2026-10-07 13:00,2.1,1.4,0.7,13.05
2026-10-07 14:00,1.9,1.3,0.6,12.849
2026-10-07 15:00,2.0,1.4,0.6,12.399
2026-10-07 16:00,2.1,1.6,0.5,11.268
2026-10-07 17:00,2.9,2.4,0.6,9.893
2026-10-07 18:00,3.5,2.8,0.7,9.328
2026-10-07 19:00,3.9,3.2,0.7,9.275
2026-10-07 20:00,4.4,3.7,0.7,9.36
2026-10-07 21:00,4.0,3.4,0.6,9.281
2026-10-07 22:00,2.9,2.5,0.4,9.5
2026-10-07 23:00,2.6,2.3,0.3,9.901
2026-10-08 00:00,2.5,2.3,0.2,10.243
2026-10-08 01:00,2.6,2.5,0.1,10.434
2026-10-08 02:00,2.6,2.6,0.0,10.521
2026-10-08 03:00,2.9,2.9,0.0,10.412
2026-10-08 04:00,3.4,3.3,0.1,10.175
2026-10-08 05:00,4.5,4.2,0.3,9.969
2026-10-08 06:00,5.8,5.0,0.8,9.947
2026-10-08 07:00,4.6,3.8,0.8,10.461
2026-10-08 08:00,4.1,3.4,0.8,11.294
2026-10-08 09:00,3.1,2.5,0.6,12.099
2026-10-08 10:00,2.7,2.1,0.6,12.927
2026-10-08 11:00,2.0,1.5,0.5,13.748
2026-10-08 12:00,1.8,1.3,0.5,14.473
2026-10-08 13:00,1.9,1.4,0.5,14.602
2026-10-08 14:00,1.6,1.2,0.4,14.784
2026-10-08 15:00,1.8,1.4,0.4,14.555
2026-10-08 16:00,1.9,1.5,0.4,13.321
2026-10-08 17:00,3.0,2.4,0.6,12.014
2026-10-08 18:00,3.2,2.6,0.6,11.759
2026-10-08 19:00,4.2,3.4,0.9,11.296
2026-10-08 20:00,4.4,3.5,0.9,10.789
2026-10-08 21:00,4.0,3.2,0.8,10.518
2026-10-08 22:00,2.6,2.2,0.4,10.265
2026-10-08 23:00,2.2,1.9,0.3,10.096
2026-10-09 00:00,2.0,1.8,0.2,9.983
2026-10-09 01:00,2.4,2.3,0.1,9.828
2026-10-09 02:00,2.3,2.3,0.0,9.584
2026-10-09 03:00,2.6,2.6,0.0,9.432
2026-10-09 04:00,3.4,3.3,0.1,9.289
2026-10-09 05:00,3.9,3.6,0.3,9.26
2026-10-09 06:00,5.3,4.5,0.8,9.687
2026-10-09 07:00,5.0,4.1,0.9,10.625
2026-10-09 08:00,3.5,2.8,0.7,11.529
2026-10-09 09:00,3.1,2.5,0.6,12.436
2026-10-09 10:00,2.5,1.9,0.6,13.202
2026-10-09 11:00,2.0,1.5,0.5,13.733
2026-10-09 12:00,1.9,1.4,0.5,13.774
2026-10-09 13:00,1.9,1.4,0.5,13.163
2026-10-09 14:00,1.8,1.4,0.4,12.521
2026-10-09 15:00,1.7,1.3,0.4,11.833
2026-10-09 16:00,2.0,1.6,0.4,11.072
2026-10-09 17:00,3.1,2.6,0.5,10.681
2026-10-09 18:00,4.2,3.5,0.7,10.533
2026-10-09 19:00,4.0,3.2,0.8,10.347
2026-10-09 20:00,4.5,3.6,0.9,10.157
2026-10-09 21:00,4.2,3.4,0.8,9.962
2026-10-09 22:00,2.6,2.1,0.5,9.793
2026-10-09 23:00,2.6,2.4,0.3,9.619
2026-10-10 00:00,3.0,2.8,0.2,9.496
2026-10-10 01:00,2.6,2.5,0.1,9.513
2026-10-10 02:00,2.7,2.6,0.0,9.356
2026-10-10 03:00,3.0,3.0,0.0,9.079
2026-10-10 04:00,3.1,3.0,0.1,9.017
2026-10-10 05:00,4.5,4.2,0.3,9.099
2026-10-10 06:00,6.3,5.5,0.8,9.236
2026-10-10 07:00,5.8,4.9,0.9,9.943
2026-10-10 08:00,4.4,3.7,0.7,10.92
2026-10-10 09:00,3.8,3.2,0.6,12.278
2026-10-10 10:00,3.3,2.7,0.6,13.627
2026-10-10 11:00,2.5,2.0,0.5,14.605
2026-10-10 12:00,2.1,1.7,0.4,15.188
2026-10-10 13:00,2.2,1.8,0.4,15.344
2026-10-10 14:00,2.0,1.6,0.4,15.09
2026-10-10 15:00,2.1,1.7,0.4,14.384
2026-10-10 16:00,2.9,2.5,0.4,12.913
2026-10-10 17:00,4.0,3.4,0.6,11.64
2026-10-10 18:00,4.5,3.9,0.6,11.549
2026-10-10 19:00,5.1,4.4,0.8,11.089
2026-10-10 20:00,5.6,4.7,0.9,10.323
2026-10-10 21:00,5.7,4.8,0.9,9.68
2026-10-10 22:00,3.2,2.7,0.5,9.225
2026-10-10 23:00,3.4,3.1,0.3,9.326
2026-10-11 00:00,3.2,3.0,0.2,9.518
2026-10-11 01:00,2.8,2.7,0.1,9.567
2026-10-11 02:00,2.6,2.6,0.0,9.623
2026-10-11 03:00,2.3,2.3,0.0,9.574
2026-10-11 04:00,2.5,2.4,0.1,9.634
2026-10-11 05:00,3.5,3.2,0.3,9.652
2026-10-11 06:00,5.0,4.2,0.8,9.774
2026-10-11 07:00,4.6,3.8,0.8,10.409
2026-10-11 08:00,3.9,3.2,0.7,11.518
2026-10-11 09:00,3.3,2.7,0.6,12.929
2026-10-11 10:00,3.1,2.5,0.6,14.655
2026-10-11 11:00,2.5,2.0,0.5,16.057
2026-10-11 12:00,2.6,2.1,0.5,16.838
2026-10-11 13:00,2.4,2.0,0.4,16.959
2026-10-11 14:00,2.5,2.1,0.4,16.725
2026-10-11 15:00,2.7,2.3,0.4,16.203
2026-10-11 16:00,2.8,2.4,0.4,15.395
2026-10-11 17:00,3.3,2.7,0.6,14.611
2026-10-11 18:00,3.7,3.1,0.6,14.091
2026-10-11 19:00,4.3,3.5,0.8,13.629
2026-10-11 20:00,4.4,3.6,0.8,13.115
2026-10-11 21:00,4.7,3.8,0.9,12.534
2026-10-11 22:00,2.7,2.2,0.5,12.068
2026-10-11 23:00,2.1,1.8,0.3,11.739
2026-10-12 00:00,2.1,1.9,0.2,11.367
2026-10-12 01:00,1.8,1.7,0.1,10.955
2026-10-12 02:00,1.8,1.8,0.0,10.494
2026-10-12 03:00,1.8,1.8,0.0,10.303
2026-10-12 04:00,2.2,2.1,0.1,10.084
2026-10-12 05:00,3.5,3.2,0.3,9.836
2026-10-12 06:00,5.6,4.7,0.9,10.081
2026-10-12 07:00,5.0,4.0,0.8,11.848
2026-10-12 08:00,4.2,3.5,0.7,14.427
2026-10-12 09:00,4.1,3.5,0.6,16.573
2026-10-12 10:00,3.5,3.0,0.5,18.104
2026-10-12 11:00,3.5,3.0,0.5,19.16
2026-10-12 12:00,2.9,2.5,0.4,19.668
2026-10-12 13:00,3.0,2.6,0.4,19.825
2026-10-12 14:00,2.9,2.5,0.4,19.589
2026-10-12 15:00,3.3,2.9,0.4,18.584
2026-10-12 16:00,3.4,3.0,0.4,17.0
2026-10-12 17:00,4.1,3.5,0.6,16.113
2026-10-12 18:00,4.9,4.2,0.7,15.807
2026-10-12 19:00,5.3,4.4,0.9,15.534
2026-10-12 20:00,5.6,4.7,0.9,15.273
2026-10-12 21:00,5.8,4.9,0.9,14.936
2026-10-12 22:00,3.6,3.1,0.5,14.761
2026-10-12 23:00,3.5,3.2,0.3,14.611
2026-10-13 00:00,3.2,3.0,0.2,14.085
2026-10-13 01:00,3.1,3.0,0.1,13.62
2026-10-13 02:00,3.5,3.4,0.1,13.529
2026-10-13 03:00,3.4,3.4,0.0,13.623
2026-10-13 04:00,3.7,3.6,0.1,13.803
2026-10-13 05:00,4.4,4.3,0.1,13.797
2026-10-13 06:00,5.9,5.8,0.1,14.154
2026-10-13 07:00,5.4,5.2,0.2,14.914
2026-10-13 08:00,5.1,4.6,0.5,16.261
2026-10-13 09:00,4.6,3.7,0.9,18.532
2026-10-13 10:00,3.7,2.8,0.9,20.759
2026-10-13 11:00,3.7,2.8,1.0,22.159
2026-10-13 12:00,3.6,2.7,0.9,22.838
2026-10-13 13:00,3.3,2.6,0.7,22.956
2026-10-13 14:00,3.7,3.0,0.7,22.734
2026-10-13 15:00,3.6,3.0,0.6,21.956
2026-10-13 16:00,3.5,3.0,0.5,20.413
2026-10-13 17:00,4.3,3.7,0.6,19.366
2026-10-13 18:00,4.5,3.8,0.7,18.758
2026-10-13 19:00,4.9,4.2,0.7,18.178
2026-10-13 20:00,4.8,4.1,0.7,17.205
2026-10-13 21:00,4.4,3.9,0.5,15.874
2026-10-13 22:00,2.6,2.2,0.4,14.689
2026-10-13 23:00,2.1,1.8,0.3,13.883
2026-10-14 00:00,1.8,1.6,0.2,13.334
2026-10-14 01:00,1.8,1.7,0.1,12.989
2026-10-14 02:00,1.8,1.7,0.1,12.915
2026-10-14 03:00,1.4,1.4,0.0,12.813
2026-10-14 04:00,1.9,1.8,0.1,13.263
2026-10-14 05:00,2.9,2.8,0.1,13.233
2026-10-14 06:00,3.4,3.3,0.1,12.736
2026-10-14 07:00,3.7,3.5,0.2,14.625
2026-10-14 08:00,3.6,3.1,0.5,16.101
2026-10-14 09:00,3.5,2.6,0.9,18.316
2026-10-14 10:00,3.4,2.4,1.0,20.355
2026-10-14 11:00,3.4,2.3,1.1,21.641
2026-10-14 12:00,2.7,1.8,0.9,22.315
2026-10-14 13:00,2.7,1.9,0.8,22.518
2026-10-14 14:00,2.1,1.5,0.6,22.231
2026-10-14 15:00,2.2,1.6,0.6,21.129
2026-10-14 16:00,2.3,1.8,0.5,18.685
2026-10-14 17:00,3.0,2.4,0.6,17.159
2026-10-14 18:00,2.9,2.3,0.6,17.362
2026-10-14 19:00,3.2,2.5,0.7,17.127
2026-10-14 20:00,3.6,2.9,0.7,16.586
2026-10-14 21:00,3.2,2.6,0.6,15.903
2026-10-14 22:00,1.9,1.5,0.4,15.415
2026-10-14 23:00,1.6,1.3,0.3,15.242
2026-10-15 00:00,1.9,1.7,0.2,15.097
2026-10-15 01:00,2.2,2.1,0.1,15.071
2026-10-15 02:00,1.9,1.9,0.0,15.239
2026-10-15 03:00,2.0,2.0,0.0,14.943
2026-10-15 04:00,2.6,2.5,0.1,14.299
2026-10-15 05:00,3.8,3.5,0.3,13.79
2026-10-15 06:00,5.0,4.2,0.8,13.924
2026-10-15 07:00,5.2,4.3,0.9,15.337
2026-10-15 08:00,4.0,3.3,0.7,16.441
2026-10-15 09:00,3.2,2.6,0.6,18.048
2026-10-15 10:00,3.0,2.5,0.5,19.415
2026-10-15 11:00,3.2,2.7,0.5,19.533
2026-10-15 12:00,3.4,2.9,0.5,18.856
2026-10-15 13:00,3.2,2.6,0.5,18.113
2026-10-15 14:00,2.8,2.4,0.4,17.188
2026-10-15 15:00,2.9,2.5,0.4,16.296
2026-10-15 16:00,3.6,3.1,0.5,15.249
2026-10-15 17:00,4.3,3.7,0.6,13.881
2026-10-15 18:00,4.2,3.6,0.6,12.737
2026-10-15 19:00,5.3,4.5,0.8,11.952
2026-10-15 20:00,5.5,4.6,0.9,11.614
2026-10-15 21:00,5.3,4.4,0.8,11.661
2026-10-15 22:00,3.5,3.0,0.5,11.652
2026-10-15 23:00,3.3,3.0,0.3,11.372
2026-10-16 00:00,3.4,3.2,0.2,10.949
2026-10-16 01:00,3.4,3.3,0.1,10.485
2026-10-16 02:00,3.3,3.3,0.0,9.966
2026-10-16 03:00,3.3,3.3,0.0,9.252
2026-10-16 04:00,3.9,3.8,0.1,8.881
2026-10-16 05:00,5.6,5.3,0.3,8.588
2026-10-16 06:00,7.5,6.6,0.9,8.517
2026-10-16 07:00,6.6,5.8,0.8,9.514
2026-10-16 08:00,5.9,5.2,0.7,11.329
2026-10-16 09:00,5.8,5.1,0.7,13.277
2026-10-16 10:00,5.1,4.5,0.6,14.673
2026-10-16 11:00,4.0,3.6,0.5,14.972
2026-10-16 12:00,3.7,3.2,0.5,14.402
2026-10-16 13:00,3.6,3.1,0.5,14.009
2026-10-16 14:00,2.9,2.5,0.4,14.071
2026-10-16 15:00,3.6,3.2,0.4,14.105
2026-10-16 16:00,4.1,3.7,0.4,13.712
2026-10-16 17:00,4.9,4.3,0.6,13.174
2026-10-16 18:00,5.2,4.6,0.6,12.722
2026-10-16 19:00,5.6,4.8,0.8,12.4
2026-10-16 20:00,6.2,5.3,0.9,12.247
2026-10-16 21:00,5.9,5.0,0.8,12.12
2026-10-16 22:00,3.5,3.1,0.4,11.918
2026-10-16 23:00,3.5,3.2,0.3,11.763
2026-10-17 00:00,3.5,3.3,0.2,11.771
2026-10-17 01:00,3.7,3.6,0.1,11.754
2026-10-17 02:00,3.3,3.3,0.0,11.604
2026-10-17 03:00,3.2,3.2,0.0,11.6
2026-10-17 04:00,4.2,4.1,0.1,11.598
2026-10-17 05:00,5.5,5.2,0.3,11.858
2026-10-17 06:00,7.6,6.7,0.9,11.912
2026-10-17 07:00,6.1,5.3,0.8,12.574
2026-10-17 08:00,4.8,4.1,0.7,13.963
2026-10-17 09:00,4.7,4.0,0.7,15.417
2026-10-17 10:00,3.4,2.9,0.5,16.538
2026-10-17 11:00,3.5,2.9,0.6,17.224
2026-10-17 12:00,2.8,2.3,0.5,17.085
2026-10-17 13:00,2.6,2.2,0.4,16.312
2026-10-17 14:00,2.9,2.5,0.4,15.343
2026-10-17 15:00,3.1,2.7,0.4,14.672
2026-10-17 16:00,3.5,3.1,0.4,14.039
2026-10-17 17:00,4.2,3.6,0.6,13.264
2026-10-17 18:00,4.6,4.0,0.6,12.706
2026-10-17 19:00,5.4,4.5,0.8,12.111
2026-10-17 20:00,5.2,4.4,0.8,11.538
2026-10-17 21:00,5.2,4.3,0.9,11.326
2026-10-17 22:00,3.0,2.5,0.5,11.359
2026-10-17 23:00,3.1,2.8,0.3,11.742
2026-10-18 00:00,3.0,2.8,0.2,11.529
2026-10-18 01:00,3.2,3.1,0.1,11.19
2026-10-18 02:00,2.8,2.8,0.0,11.346
2026-10-18 03:00,3.0,3.0,0.0,11.692
2026-10-18 04:00,3.3,3.2,0.1,11.844
2026-10-18 05:00,4.5,4.2,0.3,11.955
2026-10-18 06:00,6.5,5.6,0.9,12.083
2026-10-18 07:00,5.7,4.8,0.9,12.721
2026-10-18 08:00,4.1,3.4,0.7,13.669
2026-10-18 09:00,4.0,3.3,0.7,14.126
2026-10-18 10:00,3.5,2.9,0.6,15.001
2026-10-18 11:00,3.4,2.9,0.5,15.615
2026-10-18 12:00,2.6,2.1,0.5,15.51
2026-10-18 13:00,2.8,2.3,0.5,15.186
2026-10-18 14:00,2.7,2.3,0.4,14.636
2026-10-18 15:00,2.9,2.5,0.4,13.806
2026-10-18 16:00,3.1,2.7,0.4,11.98
2026-10-18 17:00,3.9,3.3,0.6,10.34
2026-10-18 18:00,4.1,3.4,0.7,9.929
2026-10-18 19:00,4.4,3.6,0.8,9.697
2026-10-18 20:00,4.8,3.9,0.9,9.566
2026-10-18 21:00,4.6,3.7,0.9,9.366
2026-10-18 22:00,2.5,2.0,0.5,9.32
2026-10-18 23:00,2.2,1.9,0.3,9.262
2026-10-19 00:00,1.5,1.3,0.2,9.304
2026-10-19 01:00,1.5,1.4,0.1,9.421
2026-10-19 02:00,1.4,1.4,0.0,9.559
2026-10-19 03:00,1.5,1.5,0.0,9.905
2026-10-19 04:00,1.7,1.6,0.1,9.941
2026-10-19 05:00,2.1,1.8,0.3,10.009
2026-10-19 06:00,3.0,2.2,0.8,10.13
2026-10-19 07:00,3.1,2.2,0.9,10.81
2026-10-19 08:00,2.3,1.6,0.7,11.932
2026-10-19 09:00,2.0,1.4,0.6,13.202
2026-10-19 10:00,2.0,1.4,0.6,14.284
2026-10-19 11:00,1.6,1.1,0.5,14.806
2026-10-19 12:00,1.2,0.7,0.5,14.928
2026-10-19 13:00,1.2,0.7,0.5,14.669
2026-10-19 14:00,1.1,0.7,0.4,14.369
2026-10-19 15:00,1.0,0.6,0.4,13.815
2026-10-19 16:00,1.1,0.7,0.4,12.243
2026-10-19 17:00,1.6,1.1,0.5,11.548
2026-10-19 18:00,1.8,1.2,0.6,11.261
2026-10-19 19:00,2.0,1.2,0.8,10.622
2026-10-19 20:00,2.4,1.5,0.9,9.976
2026-10-19 21:00,2.2,1.3,0.9,9.493
2026-10-19 22:00,1.2,0.7,0.5,9.359
2026-10-19 23:00,0.9,0.6,0.3,9.221
2026-10-20 00:00,0.9,0.7,0.2,8.962
2026-10-20 01:00,0.8,0.7,0.1,8.891
2026-10-20 02:00,0.8,0.7,0.1,8.922
2026-10-20 03:00,0.7,0.7,0.0,8.94
2026-10-20 04:00,0.6,0.5,0.1,9.115
2026-10-20 05:00,0.8,0.7,0.1,9.232
2026-10-20 06:00,1.0,0.9,0.1,9.144
2026-10-20 07:00,0.8,0.6,0.2,10.473
2026-10-20 08:00,1.0,0.5,0.5,11.764
2026-10-20 09:00,1.4,0.5,0.9,12.875
2026-10-20 10:00,1.3,0.3,1.0,13.698
2026-10-20 11:00,1.3,0.3,1.0,14.103
2026-10-20 12:00,1.2,0.3,0.9,14.121
2026-10-20 13:00,0.9,0.2,0.7,14.115
2026-10-20 14:00,0.8,0.2,0.6,13.895
2026-10-20 15:00,0.7,0.2,0.5,13.661
2026-10-20 16:00,1.1,0.5,0.6,13.44
2026-10-20 17:00,1.1,0.5,0.6,13.137
2026-10-20 18:00,1.1,0.5,0.6,12.895
2026-10-20 19:00,1.3,0.6,0.7,12.611
2026-10-20 20:00,1.3,0.6,0.7,12.331
2026-10-20 21:00,1.0,0.5,0.5,12.109
2026-10-20 22:00,0.7,0.3,0.4,12.169
2026-10-20 23:00,0.6,0.3,0.3,12.251
2026-10-21 00:00,0.5,0.3,0.2,12.543
2026-10-21 01:00,0.8,0.7,0.1,12.709
2026-10-21 02:00,1.1,1.0,0.1,12.839
2026-10-21 03:00,1.0,1.0,0.0,12.987
2026-10-21 04:00,1.6,1.5,0.1,13.432
2026-10-21 05:00,2.3,2.2,0.1,12.805
2026-10-21 06:00,4.3,4.2,0.1,11.855
2026-10-21 07:00,4.3,4.1,0.2,12.868
2026-10-21 08:00,4.1,3.6,0.5,14.072
2026-10-21 09:00,3.7,2.8,1.0,15.286
2026-10-21 10:00,3.8,2.8,1.0,16.334
2026-10-21 11:00,3.4,2.4,1.0,16.786
2026-10-21 12:00,3.2,2.3,0.9,15.929
2026-10-21 13:00,4.1,3.4,0.8,15.636
2026-10-21 14:00,3.7,3.1,0.6,15.079
2026-10-21 15:00,3.3,2.8,0.5,13.939
2026-10-21 16:00,3.6,3.1,0.5,12.18
2026-10-21 17:00,4.3,3.7,0.6,10.933
2026-10-21 18:00,4.8,4.1,0.7,10.305
2026-10-21 19:00,5.0,4.3,0.7,9.308
2026-10-21 20:00,5.2,4.5,0.7,8.732
2026-10-21 21:00,4.9,4.4,0.6,8.703
2026-10-21 22:00,3.2,2.8,0.4,8.298
2026-10-21 23:00,2.7,2.4,0.3,8.029
2026-10-22 00:00,2.4,2.2,0.2,8.014
2026-10-22 01:00,2.6,2.5,0.1,7.719
2026-10-22 02:00,2.7,2.7,0.0,7.051
2026-10-22 03:00,3.0,3.0,0.0,6.88
2026-10-22 04:00,3.5,3.4,0.1,6.86
2026-10-22 05:00,5.1,4.8,0.3,6.957
2026-10-22 06:00,7.3,6.4,0.9,6.883
2026-10-22 07:00,5.8,5.0,0.8,8.598
2026-10-22 08:00,4.5,3.8,0.7,10.172
2026-10-22 09:00,4.5,3.8,0.7,11.65
2026-10-22 10:00,4.1,3.5,0.6,12.821
2026-10-22 11:00,3.9,3.4,0.5,14.157
2026-10-22 12:00,3.4,2.9,0.5,14.945
2026-10-22 13:00,3.7,3.2,0.5,15.183
2026-10-22 14:00,3.2,2.8,0.4,14.944
2026-10-22 15:00,3.5,3.1,0.4,14.052
2026-10-22 16:00,3.6,3.2,0.4,12.559
2026-10-22 17:00,3.8,3.2,0.6,11.649
2026-10-22 18:00,4.4,3.8,0.6,10.698
2026-10-22 19:00,5.0,4.2,0.8,9.68
2026-10-22 20:00,5.0,4.2,0.8,8.828
2026-10-22 21:00,5.5,4.6,0.9,8.244
2026-10-22 22:00,3.4,2.9,0.5,7.837
2026-10-22 23:00,2.7,2.4,0.3,7.562
2026-10-23 00:00,2.5,2.4,0.2,7.32
2026-10-23 01:00,2.4,2.4,0.1,7.237
2026-10-23 02:00,2.3,2.3,0.0,7.289
2026-10-23 03:00,2.5,2.6,0.0,7.199
2026-10-23 04:00,2.9,2.8,0.1,7.077
2026-10-23 05:00,4.3,4.0,0.3,6.813
2026-10-23 06:00,6.1,5.3,0.8,7.204
2026-10-23 07:00,5.7,4.8,0.9,9.176
2026-10-23 08:00,4.8,4.0,0.8,10.992
2026-10-23 09:00,4.0,3.4,0.6,13.384
2026-10-23 10:00,3.8,3.2,0.6,15.423
2026-10-23 11:00,4.1,3.4,0.6,16.632
2026-10-23 12:00,3.5,3.0,0.5,17.367
2026-10-23 13:00,3.2,2.8,0.4,17.619
2026-10-23 14:00,3.3,2.9,0.4,17.325
2026-10-23 15:00,3.6,3.2,0.4,15.933
2026-10-23 16:00,4.0,3.6,0.4,12.955
2026-10-23 17:00,4.7,4.1,0.6,11.993
2026-10-23 18:00,5.2,4.5,0.7,11.665
2026-10-23 19:00,5.2,4.4,0.8,11.068
2026-10-23 20:00,5.7,4.8,0.9,10.626
2026-10-23 21:00,5.6,4.7,0.8,10.905
2026-10-23 22:00,3.5,3.0,0.5,11.244
2026-10-23 23:00,3.1,2.8,0.3,10.908
2026-10-24 00:00,3.0,2.8,0.2,10.334
2026-10-24 01:00,3.0,2.9,0.1,10.401
2026-10-24 02:00,3.2,3.2,0.0,10.35
2026-10-24 03:00,2.9,2.9,0.0,9.871
2026-10-24 04:00,3.9,3.8,0.1,9.883
2026-10-24 05:00,5.4,5.1,0.3,9.898
2026-10-24 06:00,7.6,6.7,0.9,10.085
2026-10-24 07:00,6.6,5.7,0.9,11.51
2026-10-24 08:00,5.6,4.8,0.8,13.316
2026-10-24 09:00,4.9,4.2,0.7,15.792
2026-10-24 10:00,3.9,3.4,0.5,18.077
2026-10-24 11:00,3.7,3.2,0.5,19.267
2026-10-24 12:00,3.3,2.8,0.5,19.813
2026-10-24 13:00,2.9,2.4,0.4,19.38
2026-10-24 14:00,2.8,2.4,0.4,17.911
2026-10-24 15:00,3.1,2.6,0.4,16.78
2026-10-24 16:00,3.5,3.1,0.4,15.339
2026-10-24 17:00,4.2,3.6,0.6,14.392
2026-10-24 18:00,4.9,4.2,0.7,13.631
2026-10-24 19:00,5.2,4.4,0.8,12.641
2026-10-24 20:00,5.4,4.5,0.9,12.026
2026-10-24 21:00,5.4,4.5,0.9,12.26
2026-10-24 22:00,3.3,2.8,0.5,12.102
2026-10-24 23:00,2.7,2.4,0.3,11.974
2026-10-25 00:00,2.5,2.3,0.2,11.824
2026-10-25 01:00,2.3,2.2,0.1,11.485
2026-10-25 02:00,2.5,2.5,0.0,10.828
2026-10-25 03:00,2.7,2.7,0.0,10.858
2026-10-25 04:00,3.2,3.1,0.1,10.822
2026-10-25 05:00,4.5,4.2,0.3,10.385
2026-10-25 06:00,6.1,5.2,0.9,9.801
2026-10-25 07:00,5.6,4.6,0.9,11.004
2026-10-25 08:00,4.4,3.6,0.8,12.51
2026-10-25 09:00,3.3,2.7,0.6,13.679
2026-10-25 10:00,2.8,2.3,0.5,14.799
2026-10-25 11:00,2.4,1.9,0.5,15.891
2026-10-25 12:00,1.8,1.3,0.5,16.494
2026-10-25 13:00,2.1,1.6,0.5,16.629
2026-10-25 14:00,1.9,1.5,0.4,16.297
2026-10-25 15:00,2.2,1.8,0.4,15.145
2026-10-25 16:00,2.8,2.4,0.5,12.77
2026-10-25 17:00,3.1,2.5,0.6,11.956
2026-10-25 18:00,3.5,2.9,0.6,11.737
2026-10-25 19:00,3.8,3.0,0.8,11.475
2026-10-25 20:00,4.0,3.1,0.9,11.186
2026-10-25 21:00,3.6,2.8,0.8,11.078
2026-10-25 22:00,2.1,1.6,0.5,11.097
2026-10-25 23:00,1.7,1.4,0.3,11.04
2026-10-26 00:00,1.6,1.4,0.2,11.011
2026-10-26 01:00,1.5,1.4,0.1,10.772
2026-10-26 02:00,1.6,1.6,0.0,10.535
2026-10-26 03:00,1.6,1.6,0.0,10.29
2026-10-26 04:00,1.9,1.8,0.1,9.986
2026-10-26 05:00,2.6,2.3,0.3,9.672
2026-10-26 06:00,3.9,3.1,0.8,9.463
2026-10-26 07:00,3.7,2.8,0.9,10.555
2026-10-26 08:00,2.9,2.2,0.7,12.431
2026-10-26 09:00,2.2,1.6,0.6,14.628
2026-10-26 10:00,1.9,1.3,0.6,16.489
2026-10-26 11:00,2.0,1.4,0.6,17.826
2026-10-26 12:00,1.7,1.2,0.5,18.424
2026-10-26 13:00,1.5,1.0,0.5,18.363
2026-10-26 14:00,1.6,1.2,0.4,17.903
2026-10-26 15:00,1.8,1.4,0.4,16.851
2026-10-26 16:00,2.4,1.9,0.5,15.149
2026-10-26 17:00,2.6,2.0,0.6,14.129
2026-10-26 18:00,2.8,2.1,0.7,13.717
2026-10-26 19:00,3.2,2.4,0.8,13.591
2026-10-26 20:00,3.9,3.0,1.0,13.418
2026-10-26 21:00,3.7,2.8,0.9,13.239
2026-10-26 22:00,2.2,1.7,0.5,13.062
2026-10-26 23:00,1.6,1.3,0.3,12.948
2026-10-27 00:00,1.6,1.4,0.2,12.86
2026-10-27 01:00,1.5,1.4,0.1,12.797
2026-10-27 02:00,1.5,1.4,0.1,12.647
2026-10-27 03:00,1.2,1.2,0.0,12.415
2026-10-27 04:00,1.7,1.6,0.1,11.687
2026-10-27 05:00,2.3,2.2,0.1,10.491
2026-10-27 06:00,3.0,2.9,0.1,9.026
2026-10-27 07:00,2.7,2.4,0.2,8.375
2026-10-27 08:00,2.7,2.2,0.5,8.488
2026-10-27 09:00,2.6,1.7,0.9,8.984
2026-10-27 10:00,2.6,1.6,1.0,9.564
2026-10-27 11:00,2.5,1.5,1.0,9.813
2026-10-27 12:00,2.1,1.2,0.9,9.714
2026-10-27 13:00,1.8,1.0,0.8,9.875
2026-10-27 14:00,1.8,1.2,0.6,10.21
2026-10-27 15:00,2.0,1.4,0.6,9.333
2026-10-27 16:00,2.3,1.8,0.5,6.694
2026-10-27 17:00,2.9,2.3,0.6,5.851
2026-10-27 18:00,3.0,2.4,0.6,5.241
2026-10-27 19:00,3.6,2.9,0.7,4.856
2026-10-27 20:00,3.7,3.0,0.7,4.731
2026-10-27 21:00,3.4,2.8,0.6,4.306
2026-10-27 22:00,2.4,2.0,0.4,3.644
2026-10-27 23:00,2.1,1.8,0.3,3.619
2026-10-28 00:00,2.2,2.0,0.2,2.95
2026-10-28 01:00,2.0,1.8,0.1,2.636
2026-10-28 02:00,2.0,1.9,0.1,2.52
2026-10-28 03:00,2.2,2.2,0.0,2.512
2026-10-28 04:00,2.6,2.5,0.1,2.573
2026-10-28 05:00,3.4,3.4,0.1,2.729
2026-10-28 06:00,4.8,4.6,0.1,3.162
2026-10-28 07:00,4.4,4.2,0.2,3.962
2026-10-28 08:00,4.1,3.6,0.5,4.936
2026-10-28 09:00,4.0,3.0,1.0,6.788
2026-10-28 10:00,3.5,2.5,1.0,9.638
2026-10-28 11:00,3.1,2.1,1.0,10.865
2026-10-28 12:00,2.8,1.9,0.9,11.232
2026-10-28 13:00,2.7,2.0,0.7,11.266
2026-10-28 14:00,2.7,2.1,0.6,10.887
2026-10-28 15:00,3.1,2.5,0.6,9.559
2026-10-28 16:00,3.6,3.0,0.6,7.267
2026-10-28 17:00,4.0,3.4,0.6,6.538
2026-10-28 18:00,4.4,3.7,0.7,6.038
2026-10-28 19:00,4.6,3.9,0.7,5.8
2026-10-28 20:00,4.7,4.0,0.7,5.652
2026-10-28 21:00,4.7,4.1,0.6,5.496
2026-10-28 22:00,2.8,2.4,0.4,5.254
2026-10-28 23:00,2.4,2.1,0.3,4.801
2026-10-29 00:00,2.1,1.9,0.2,4.086
2026-10-29 01:00,2.1,2.0,0.1,3.646
2026-10-29 02:00,1.9,1.9,0.0,3.704
2026-10-29 03:00,2.0,2.0,0.0,3.855
2026-10-29 04:00,2.3,2.2,0.1,3.486
2026-10-29 05:00,2.9,2.6,0.3,3.3
2026-10-29 06:00,4.6,3.7,0.9,3.41
2026-10-29 07:00,4.1,3.2,0.9,4.273
2026-10-29 08:00,3.5,2.7,0.8,5.599
2026-10-29 09:00,2.8,2.2,0.6,7.72
2026-10-29 10:00,2.6,2.0,0.6,9.726
2026-10-29 11:00,2.0,1.4,0.6,10.715
2026-10-29 12:00,1.5,1.0,0.5,11.176
2026-10-29 13:00,1.5,1.0,0.5,11.234
2026-10-29 14:00,1.3,1.0,0.4,10.819
2026-10-29 15:00,1.7,1.3,0.4,9.274
2026-10-29 16:00,2.2,1.7,0.5,6.344
2026-10-29 17:00,2.7,2.1,0.6,5.5
2026-10-29 18:00,2.7,2.0,0.7,4.749
2026-10-29 19:00,3.1,2.2,0.8,4.089
2026-10-29 20:00,3.3,2.4,1.0,3.436
2026-10-29 21:00,2.9,2.1,0.8,2.848
2026-10-29 22:00,1.9,1.4,0.5,2.31
2026-10-29 23:00,1.6,1.3,0.3,1.826
2026-10-30 00:00,1.4,1.2,0.2,1.38
2026-10-30 01:00,1.3,1.2,0.1,0.953
2026-10-30 02:00,1.2,1.2,0.0,0.586
2026-10-30 03:00,1.3,1.3,0.0,0.198
2026-10-30 04:00,1.6,1.5,0.1,-0.086
2026-10-30 05:00,2.2,1.9,0.3,-0.152
2026-10-30 06:00,3.7,2.8,0.9,0.402
2026-10-30 07:00,3.7,2.8,0.9,1.785
2026-10-30 08:00,3.2,2.4,0.8,3.235
2026-10-30 09:00,2.6,2.0,0.6,4.96
2026-10-30 10:00,2.6,2.0,0.6,6.481
2026-10-30 11:00,2.5,2.0,0.5,7.636
2026-10-30 12:00,2.4,1.9,0.5,8.265
2026-10-30 13:00,2.5,2.0,0.5,8.391
2026-10-30 14:00,2.2,1.8,0.4,8.125
2026-10-30 15:00,2.6,2.2,0.4,6.715
2026-10-30 16:00,2.6,2.1,0.5,3.4
2026-10-30 17:00,2.9,2.3,0.6,2.357
2026-10-30 18:00,3.2,2.5,0.7,1.873
2026-10-30 19:00,3.5,2.6,0.9,1.485
2026-10-30 20:00,3.4,2.6,0.8,1.139
2026-10-30 21:00,3.4,2.5,0.9,0.737
2026-10-30 22:00,2.1,1.6,0.5,0.316
2026-10-30 23:00,1.6,1.3,0.3,-0.05
2026-10-31 00:00,1.7,1.5,0.2,-0.352
2026-10-31 01:00,1.6,1.5,0.1,-0.639
2026-10-31 02:00,1.4,1.4,0.0,-0.861
2026-10-31 03:00,1.6,1.6,0.0,-1.011
2026-10-31 04:00,1.8,1.7,0.1,-1.063
2026-10-31 05:00,2.8,2.5,0.3,-1.155
2026-10-31 06:00,4.0,3.1,0.9,-1.355
2026-10-31 07:00,3.9,3.0,0.9,0.02
2026-10-31 08:00,3.2,2.4,0.8,2.001
2026-10-31 09:00,2.4,1.8,0.6,4.861
2026-10-31 10:00,2.1,1.5,0.6,7.828
2026-10-31 11:00,1.7,1.2,0.5,9.068
2026-10-31 12:00,1.7,1.2,0.5,9.665
2026-10-31 13:00,1.4,1.0,0.5,9.77
2026-10-31 14:00,1.3,0.9,0.4,9.218
2026-10-31 15:00,1.4,1.0,0.4,6.777
2026-10-31 16:00,1.6,1.1,0.5,3.313
2026-10-31 17:00,1.7,1.1,0.6,2.351
2026-10-31 18:00,2.7,2.0,0.7,1.902
2026-10-31 19:00,3.2,2.3,0.8,1.545
2026-10-31 20:00,3.6,2.7,0.9,1.302
2026-10-31 21:00,3.6,2.8,0.8,1.058
2026-10-31 22:00,2.8,2.3,0.5,0.947
2026-10-31 23:00,2.7,2.4,0.3,0.992
2026-11-01 00:00,3.5,3.3,0.2,0.872
2026-11-01 01:00,3.1,3.0,0.1,0.708
2026-11-01 02:00,3.2,3.1,0.1,0.587
2026-11-01 03:00,3.1,3.1,0.0,0.699
2026-11-01 04:00,3.1,3.0,0.1,1.216
2026-11-01 05:00,4.7,4.6,0.1,1.817
2026-11-01 06:00,6.5,6.4,0.1,2.287
2026-11-01 07:00,6.1,5.9,0.2,2.902
2026-11-01 08:00,5.1,4.6,0.5,3.747
2026-11-01 09:00,5.3,4.3,1.0,4.567
2026-11-01 10:00,4.7,3.7,1.0,5.318
2026-11-01 11:00,4.5,3.4,1.1,6.056
2026-11-01 12:00,4.1,3.2,0.9,6.661
2026-11-01 13:00,3.8,3.1,0.7,7.265
2026-11-01 14:00,3.9,3.2,0.7,7.681
2026-11-01 15:00,4.0,3.4,0.6,7.865
2026-11-01 16:00,4.2,3.7,0.5,8.07
2026-11-01 17:00,4.8,4.2,0.6,8.603
2026-11-01 18:00,5.3,4.6,0.7,9.415
2026-11-01 19:00,5.6,4.9,0.7,10.115
2026-11-01 20:00,5.9,5.2,0.7,10.361
2026-11-01 21:00,5.9,5.3,0.6,10.439
2026-11-01 22:00,3.7,3.2,0.5,10.518
2026-11-01 23:00,2.9,2.6,0.3,10.462
2026-11-02 00:00,2.7,2.5,0.2,10.482
2026-11-02 01:00,2.4,2.3,0.1,10.928
2026-11-02 02:00,2.5,2.5,0.0,11.566
2026-11-02 03:00,2.7,2.7,0.0,11.869
2026-11-02 04:00,2.8,2.7,0.1,12.038
2026-11-02 05:00,4.4,4.1,0.3,11.906
2026-11-02 06:00,6.4,5.5,0.9,11.675
2026-11-02 07:00,5.9,5.0,0.9,12.402
2026-11-02 08:00,5.1,4.3,0.8,13.424
2026-11-02 09:00,4.8,4.1,0.7,14.371
2026-11-02 10:00,4.2,3.6,0.6,15.047
2026-11-02 11:00,4.3,3.7,0.6,15.063
2026-11-02 12:00,3.6,3.1,0.5,14.664
2026-11-02 13:00,3.6,3.2,0.4,14.488
2026-11-02 14:00,3.6,3.2,0.4,13.92
2026-11-02 15:00,4.0,3.6,0.4,12.73
2026-11-02 16:00,4.6,4.1,0.5,11.418
2026-11-02 17:00,5.0,4.4,0.6,10.849
2026-11-02 18:00,5.2,4.6,0.6,10.69
2026-11-02 19:00,6.1,5.2,0.9,10.6
2026-11-02 20:00,5.8,4.9,0.9,10.419
2026-11-02 21:00,5.9,5.0,0.9,10.225
2026-11-02 22:00,3.6,3.1,0.5,10.096
2026-11-02 23:00,3.0,2.7,0.3,9.941
2026-11-03 00:00,2.6,2.4,0.2,9.829
2026-11-03 01:00,2.3,2.2,0.1,9.723
2026-11-03 02:00,2.6,2.5,0.1,9.396
2026-11-03 03:00,2.6,2.6,0.0,9.099
2026-11-03 04:00,3.0,2.9,0.1,8.867
2026-11-03 05:00,4.8,4.6,0.1,8.773
2026-11-03 06:00,5.9,5.8,0.1,8.547
2026-11-03 07:00,6.0,5.8,0.2,8.923
2026-11-03 08:00,5.0,4.5,0.5,10.199
2026-11-03 09:00,5.1,4.1,1.0,11.539
2026-11-03 10:00,4.6,3.6,1.0,12.836
2026-11-03 11:00,4.4,3.4,1.0,13.809
2026-11-03 12:00,4.5,3.6,1.0,14.217
2026-11-03 13:00,4.1,3.4,0.7,13.981
2026-11-03 14:00,4.4,3.7,0.7,12.925
2026-11-03 15:00,4.4,3.8,0.6,11.979
2026-11-03 16:00,4.7,4.1,0.6,11.171
2026-11-03 17:00,5.1,4.5,0.6,10.619
2026-11-03 18:00,5.0,4.4,0.6,10.082
2026-11-03 19:00,6.3,5.5,0.8,9.593
2026-11-03 20:00,5.8,5.0,0.7,9.158
2026-11-03 21:00,5.9,5.3,0.6,8.908
2026-11-03 22:00,3.9,3.4,0.5,8.923
2026-11-03 23:00,2.9,2.6,0.3,8.629
2026-11-04 00:00,3.5,3.3,0.2,8.208
2026-11-04 01:00,3.1,3.0,0.1,7.856
2026-11-04 02:00,3.3,3.2,0.1,7.887
2026-11-04 03:00,2.9,2.9,0.0,8.545
2026-11-04 04:00,3.5,3.4,0.1,8.616
2026-11-04 05:00,4.8,4.7,0.1,8.406
2026-11-04 06:00,6.8,6.7,0.1,7.652
2026-11-04 07:00,6.6,6.4,0.2,7.697
2026-11-04 08:00,5.7,5.2,0.5,8.78
2026-11-04 09:00,6.2,5.2,1.0,9.942
2026-11-04 10:00,6.1,5.0,1.1,11.072
2026-11-04 11:00,5.6,4.6,1.0,11.357
2026-11-04 12:00,4.8,3.9,0.9,11.36
2026-11-04 13:00,4.4,3.7,0.7,11.494
2026-11-04 14:00,4.7,4.0,0.7,11.473
2026-11-04 15:00,4.7,4.1,0.6,10.448
2026-11-04 16:00,4.9,4.4,0.5,8.24
2026-11-04 17:00,6.1,5.5,0.6,7.584
2026-11-04 18:00,6.3,5.6,0.7,7.516
2026-11-04 19:00,6.5,5.8,0.7,7.791
2026-11-04 20:00,6.9,6.2,0.7,8.186
2026-11-04 21:00,6.3,5.7,0.6,8.506
2026-11-04 22:00,3.5,3.1,0.4,8.409
2026-11-04 23:00,3.1,2.8,0.3,8.182
2026-11-05 00:00,2.8,2.6,0.2,7.785
2026-11-05 01:00,2.8,2.7,0.1,7.687
2026-11-05 02:00,2.6,2.6,0.0,7.57
2026-11-05 03:00,2.8,2.8,0.0,7.413
2026-11-05 04:00,3.3,3.2,0.1,7.199
2026-11-05 05:00,4.7,4.4,0.3,6.861
2026-11-05 06:00,7.1,6.2,0.9,6.365
2026-11-05 07:00,6.3,5.4,0.9,6.855
2026-11-05 08:00,5.4,4.6,0.8,8.146
2026-11-05 09:00,4.7,4.1,0.6,9.03
2026-11-05 10:00,4.5,3.9,0.6,9.763
2026-11-05 11:00,4.3,3.8,0.5,10.377
2026-11-05 12:00,3.9,3.4,0.5,10.792
2026-11-05 13:00,3.9,3.4,0.5,10.9
2026-11-05 14:00,4.2,3.7,0.5,10.623
2026-11-05 15:00,4.0,3.6,0.4,9.247
2026-11-05 16:00,4.5,4.0,0.5,8.055
2026-11-05 17:00,4.7,4.1,0.6,7.715
2026-11-05 18:00,5.6,4.9,0.7,7.456
2026-11-05 19:00,5.9,5.0,0.8,7.035
2026-11-05 20:00,5.4,4.6,0.8,6.739
2026-11-05 21:00,5.8,5.0,0.9,6.457
2026-11-05 22:00,3.1,2.6,0.5,6.236
2026-11-05 23:00,2.3,2.0,0.3,6.019
2026-11-06 00:00,2.4,2.2,0.2,5.929
2026-11-06 01:00,2.4,2.3,0.1,5.787
2026-11-06 02:00,2.4,2.4,0.0,5.632
2026-11-06 03:00,2.4,2.4,0.0,5.581
2026-11-06 04:00,3.0,2.9,0.1,5.521
2026-11-06 05:00,5.0,4.7,0.3,5.742
2026-11-06 06:00,6.8,5.9,0.8,5.936
2026-11-06 07:00,6.9,5.9,1.0,6.135
2026-11-06 08:00,5.9,5.1,0.8,6.762
2026-11-06 09:00,4.8,4.2,0.6,7.624
2026-11-06 10:00,4.6,4.0,0.6,8.587
2026-11-06 11:00,4.5,4.0,0.5,9.299
2026-11-06 12:00,4.1,3.6,0.5,9.639
2026-11-06 13:00,4.2,3.7,0.5,9.668
2026-11-06 14:00,4.5,4.0,0.5,9.407
2026-11-06 15:00,4.5,4.1,0.4,8.284
2026-11-06 16:00,5.0,4.5,0.5,7.268
2026-11-06 17:00,5.2,4.6,0.6,7.162
2026-11-06 18:00,5.3,4.7,0.6,6.951
2026-11-06 19:00,6.3,5.4,0.9,6.563
2026-11-06 20:00,6.9,6.0,1.0,5.943
2026-11-06 21:00,6.5,5.6,0.9,5.462
2026-11-06 22:00,4.0,3.5,0.5,4.999
2026-11-06 23:00,3.6,3.4,0.3,4.66
2026-11-07 00:00,3.3,3.1,0.2,4.297
2026-11-07 01:00,3.6,3.5,0.1,4.03
2026-11-07 02:00,3.3,3.3,0.0,4.203
2026-11-07 03:00,3.1,3.1,0.0,4.482
2026-11-07 04:00,3.6,3.6,0.1,4.743
2026-11-07 05:00,5.6,5.3,0.3,5.214
2026-11-07 06:00,7.8,6.9,0.9,5.394
2026-11-07 07:00,7.7,6.8,0.9,5.807
2026-11-07 08:00,6.9,6.1,0.8,6.821
2026-11-07 09:00,6.3,5.6,0.7,8.059
2026-11-07 10:00,5.3,4.7,0.6,8.951
2026-11-07 11:00,4.7,4.2,0.5,9.445
2026-11-07 12:00,4.3,3.8,0.5,9.241
2026-11-07 13:00,4.4,3.9,0.5,8.119
2026-11-07 14:00,4.3,3.9,0.4,7.788
2026-11-07 15:00,4.2,3.8,0.4,7.419
2026-11-07 16:00,4.5,4.1,0.4,6.136
2026-11-07 17:00,5.4,4.8,0.6,5.522
2026-11-07 18:00,5.7,5.0,0.7,4.836
2026-11-07 19:00,5.8,5.0,0.9,4.195
2026-11-07 20:00,6.2,5.3,1.0,3.846
2026-11-07 21:00,6.3,5.4,0.9,3.379
2026-11-07 22:00,3.3,2.8,0.5,2.778
2026-11-07 23:00,2.7,2.4,0.3,2.216
2026-11-08 00:00,2.7,2.6,0.2,1.757
2026-11-08 01:00,2.5,2.4,0.1,1.383
2026-11-08 02:00,2.5,2.5,0.0,1.113
2026-11-08 03:00,2.4,2.4,0.0,0.907
2026-11-08 04:00,2.4,2.4,0.1,0.655
2026-11-08 05:00,4.1,3.8,0.3,0.412
2026-11-08 06:00,5.3,4.5,0.8,0.25
2026-11-08 07:00,5.5,4.6,0.9,1.259
2026-11-08 08:00,4.5,3.7,0.8,3.732
2026-11-08 09:00,4.5,3.8,0.7,5.541
2026-11-08 10:00,4.0,3.4,0.6,8.115
2026-11-08 11:00,4.1,3.5,0.6,9.767
2026-11-08 12:00,3.7,3.2,0.5,10.085
2026-11-08 13:00,3.7,3.2,0.5,9.966
2026-11-08 14:00,3.5,3.1,0.4,9.411
2026-11-08 15:00,3.6,3.2,0.4,8.119
2026-11-08 16:00,3.6,3.2,0.4,7.516
2026-11-08 17:00,4.0,3.4,0.6,7.215
2026-11-08 18:00,4.4,3.7,0.7,6.805
2026-11-08 19:00,4.5,3.7,0.8,5.775
2026-11-08 20:00,4.5,3.6,0.9,4.742
2026-11-08 21:00,4.8,3.9,0.9,3.989
2026-11-08 22:00,2.8,2.3,0.5,3.336
2026-11-08 23:00,2.2,1.9,0.3,2.718
2026-11-09 00:00,1.9,1.7,0.2,2.11
2026-11-09 01:00,2.2,2.1,0.1,1.704
2026-11-09 02:00,2.1,2.1,0.0,1.424
2026-11-09 03:00,2.0,2.0,0.0,1.818
2026-11-09 04:00,2.6,2.5,0.1,2.202
2026-11-09 05:00,3.7,3.4,0.3,2.332
2026-11-09 06:00,5.7,4.8,0.9,2.454
2026-11-09 07:00,5.6,4.7,0.9,2.71
2026-11-09 08:00,4.5,3.7,0.8,3.352
2026-11-09 09:00,4.3,3.7,0.6,4.321
2026-11-09 10:00,4.1,3.5,0.6,5.397
2026-11-09 11:00,3.7,3.2,0.5,6.311
2026-11-09 12:00,3.5,3.0,0.5,7.058
2026-11-09 13:00,3.7,3.2,0.5,7.39
2026-11-09 14:00,3.5,3.1,0.4,6.988
2026-11-09 15:00,3.6,3.2,0.4,5.331
2026-11-09 16:00,3.9,3.4,0.5,3.476
2026-11-09 17:00,4.3,3.7,0.6,2.952
2026-11-09 18:00,4.5,3.8,0.7,2.349
2026-11-09 19:00,4.9,4.0,0.9,1.704
2026-11-09 20:00,4.9,4.0,0.9,1.2
2026-11-09 21:00,4.7,3.8,0.8,0.771
2026-11-09 22:00,2.8,2.3,0.5,0.317
2026-11-09 23:00,2.5,2.2,0.3,0.074
2026-11-10 00:00,2.4,2.2,0.2,-0.095
2026-11-10 01:00,2.2,2.1,0.1,-0.055
2026-11-10 02:00,2.1,2.0,0.1,0.253
2026-11-10 03:00,2.1,2.1,0.0,0.826
2026-11-10 04:00,2.6,2.5,0.1,0.885
2026-11-10 05:00,3.5,3.4,0.1,0.962
2026-11-10 06:00,5.0,4.9,0.1,0.838
2026-11-10 07:00,4.8,4.6,0.2,1.038
2026-11-10 08:00,4.5,4.0,0.5,1.936
2026-11-10 09:00,4.8,3.8,1.0,3.633
2026-11-10 10:00,4.4,3.4,1.0,5.572
2026-11-10 11:00,4.0,3.0,1.0,7.503
2026-11-10 12:00,3.8,2.9,0.9,8.543
2026-11-10 13:00,3.8,3.0,0.8,8.834
2026-11-10 14:00,3.9,3.2,0.7,8.439
2026-11-10 15:00,3.6,3.0,0.6,6.787
2026-11-10 16:00,4.2,3.6,0.6,4.439
2026-11-10 17:00,4.3,3.7,0.6,2.304
2026-11-10 18:00,4.4,3.7,0.7,1.066
2026-11-10 19:00,4.9,4.2,0.7,0.568
2026-11-10 20:00,5.1,4.4,0.7,0.516
2026-11-10 21:00,4.9,4.3,0.6,0.523
2026-11-10 22:00,3.0,2.5,0.5,0.171
2026-11-10 23:00,2.4,2.1,0.3,-0.101
2026-11-11 00:00,2.2,2.0,0.2,0.136
2026-11-11 01:00,2.0,1.9,0.1,0.077
2026-11-11 02:00,2.4,2.3,0.1,-0.112
2026-11-11 03:00,2.3,2.3,0.0,-0.143
2026-11-11 04:00,2.6,2.5,0.1,-0.033
2026-11-11 05:00,3.6,3.5,0.1,0.176
2026-11-11 06:00,4.9,4.8,0.1,0.457
2026-11-11 07:00,4.7,4.5,0.2,0.843
2026-11-11 08:00,4.2,3.7,0.5,1.714
2026-11-11 09:00,4.4,3.4,1.0,2.784
2026-11-11 10:00,4.3,3.3,1.0,3.835
2026-11-11 11:00,3.8,2.8,1.0,4.736
2026-11-11 12:00,4.0,3.0,1.0,5.134
2026-11-11 13:00,3.6,2.8,0.8,5.17
2026-11-11 14:00,3.4,2.7,0.7,4.892
2026-11-11 15:00,3.4,2.8,0.6,4.276
2026-11-11 16:00,3.8,3.2,0.6,3.647
2026-11-11 17:00,3.9,3.3,0.6,3.404
2026-11-11 18:00,3.7,3.1,0.6,3.206
2026-11-11 19:00,4.5,3.7,0.8,3.097
2026-11-11 20:00,4.3,3.6,0.7,3.203
2026-11-11 21:00,4.2,3.6,0.6,3.445
2026-11-11 22:00,2.2,1.8,0.4,3.754
2026-11-11 23:00,2.1,1.8,0.3,3.969
2026-11-12 00:00,1.8,1.6,0.2,3.925
2026-11-12 01:00,1.7,1.6,0.1,3.446
2026-11-12 02:00,1.8,1.8,0.0,3.053
2026-11-12 03:00,2.2,2.2,0.0,2.912
2026-11-12 04:00,2.6,2.5,0.1,2.766
2026-11-12 05:00,3.8,3.5,0.3,2.838
2026-11-12 06:00,6.3,5.4,0.9,2.802
2026-11-12 07:00,6.0,5.1,0.9,3.051
2026-11-12 08:00,4.8,4.0,0.8,3.725
2026-11-12 09:00,4.3,3.7,0.6,4.35
2026-11-12 10:00,3.7,3.1,0.6,5.218
2026-11-12 11:00,3.9,3.3,0.6,5.829
2026-11-12 12:00,3.5,3.0,0.5,5.935
2026-11-12 13:00,3.7,3.2,0.5,5.717
2026-11-12 14:00,3.2,2.8,0.4,5.329
2026-11-12 15:00,3.6,3.2,0.4,4.617
2026-11-12 16:00,3.7,3.3,0.4,3.742
2026-11-12 17:00,4.6,4.0,0.6,3.002
2026-11-12 18:00,5.4,4.7,0.7,2.287
2026-11-12 19:00,5.7,4.8,0.9,1.814
2026-11-12 20:00,5.8,4.9,0.9,1.56
2026-11-12 21:00,5.5,4.6,0.9,1.569
2026-11-12 22:00,3.7,3.2,0.5,1.759
2026-11-12 23:00,3.4,3.1,0.3,2.044
2026-11-13 00:00,3.3,3.1,0.2,2.098
2026-11-13 01:00,3.2,3.1,0.1,2.125
2026-11-13 02:00,2.9,2.9,0.0,2.208
2026-11-13 03:00,3.0,3.0,0.0,2.307
2026-11-13 04:00,3.5,3.4,0.1,2.28
2026-11-13 05:00,5.4,5.1,0.3,2.255
2026-11-13 06:00,7.2,6.3,0.9,2.424
2026-11-13 07:00,7.0,6.0,0.9,2.799
2026-11-13 08:00,6.1,5.3,0.8,3.52
2026-11-13 09:00,5.4,4.8,0.6,4.327
2026-11-13 10:00,4.8,4.2,0.6,5.057
2026-11-13 11:00,4.3,3.8,0.5,5.7
2026-11-13 12:00,4.3,3.8,0.5,6.286
2026-11-13 13:00,3.9,3.4,0.5,6.758
2026-11-13 14:00,3.7,3.3,0.4,6.573
2026-11-13 15:00,4.2,3.8,0.4,5.517
2026-11-13 16:00,5.2,4.6,0.5,4.296
2026-11-13 17:00,5.7,5.1,0.6,3.706
2026-11-13 18:00,6.1,5.4,0.7,3.265
2026-11-13 19:00,6.2,5.4,0.8,2.984
2026-11-13 20:00,6.2,5.4,0.8,2.651
2026-11-13 21:00,7.0,6.1,1.0,2.704
2026-11-13 22:00,4.1,3.6,0.5,2.83
2026-11-13 23:00,3.8,3.4,0.3,2.78
2026-11-14 00:00,3.5,3.3,0.2,2.688
2026-11-14 01:00,3.3,3.2,0.1,2.743
2026-11-14 02:00,3.4,3.4,0.0,2.468
2026-11-14 03:00,4.0,4.0,0.0,2.303
2026-11-14 04:00,4.0,3.9,0.1,2.15
2026-11-14 05:00,5.8,5.5,0.3,2.064
2026-11-14 06:00,8.4,7.5,0.9,2.151
2026-11-14 07:00,7.8,6.9,0.9,2.334
2026-11-14 08:00,6.2,5.5,0.7,3.188
2026-11-14 09:00,5.7,5.1,0.6,4.423
2026-11-14 10:00,5.4,4.8,0.6,5.886
2026-11-14 11:00,5.2,4.7,0.5,7.201
2026-11-14 12:00,5.0,4.5,0.5,8.089
2026-11-14 13:00,4.8,4.3,0.5,8.276
2026-11-14 14:00,4.5,4.1,0.4,7.531
2026-11-14 15:00,4.4,4.0,0.4,5.518
2026-11-14 16:00,4.9,4.4,0.5,4.415
2026-11-14 17:00,5.4,4.8,0.6,4.01
2026-11-14 18:00,6.1,5.4,0.7,3.553
2026-11-14 19:00,6.4,5.5,0.9,3.165
2026-11-14 20:00,6.3,5.4,0.9,2.931
2026-11-14 21:00,6.5,5.6,0.9,2.528
2026-11-14 22:00,3.9,3.4,0.5,1.981
2026-11-14 23:00,3.3,3.0,0.3,1.544
2026-11-15 00:00,3.3,3.1,0.2,1.288
2026-11-15 01:00,3.4,3.3,0.1,1.326
2026-11-15 02:00,3.4,3.4,0.0,1.351
2026-11-15 03:00,3.8,3.8,0.0,1.044
2026-11-15 04:00,4.4,4.3,0.1,0.871
2026-11-15 05:00,6.6,6.3,0.3,0.677
2026-11-15 06:00,9.4,8.5,0.9,0.55
2026-11-15 07:00,9.2,8.3,0.9,0.771
2026-11-15 08:00,7.6,6.8,0.8,1.613
2026-11-15 09:00,6.9,6.2,0.7,2.38
2026-11-15 10:00,5.5,4.9,0.6,3.055
2026-11-15 11:00,5.0,4.5,0.5,3.726
2026-11-15 12:00,4.8,4.3,0.5,4.407
2026-11-15 13:00,5.0,4.5,0.5,4.924
2026-11-15 14:00,4.9,4.5,0.4,4.822
2026-11-15 15:00,5.1,4.7,0.4,3.689
2026-11-15 16:00,6.4,5.9,0.5,1.902
2026-11-15 17:00,6.9,6.4,0.6,1.507
2026-11-15 18:00,6.8,6.1,0.7,1.865
2026-11-15 19:00,7.7,6.8,0.9,1.583
2026-11-15 20:00,7.2,6.3,0.9,1.812
2026-11-15 21:00,7.1,6.2,0.9,2.184
2026-11-15 22:00,4.1,3.6,0.5,1.928
2026-11-15 23:00,3.4,3.1,0.3,1.611
2026-11-16 00:00,3.4,3.2,0.2,1.335
2026-11-16 01:00,3.4,3.3,0.1,1.162
2026-11-16 02:00,3.3,3.3,0.0,1.215
2026-11-16 03:00,3.4,3.4,0.0,1.318
2026-11-16 04:00,4.1,4.0,0.1,1.285
2026-11-16 05:00,5.7,5.4,0.3,1.102
2026-11-16 06:00,8.4,7.5,0.9,0.712
2026-11-16 07:00,7.9,7.0,0.9,0.45
2026-11-16 08:00,7.7,6.8,0.9,2.046
2026-11-16 09:00,6.1,5.5,0.6,3.793
2026-11-16 10:00,6.2,5.6,0.6,5.737
2026-11-16 11:00,6.0,5.5,0.5,7.14
2026-11-16 12:00,5.8,5.3,0.5,7.786
2026-11-16 13:00,5.7,5.2,0.5,7.861
2026-11-16 14:00,5.4,5.0,0.4,6.933
2026-11-16 15:00,5.6,5.2,0.4,3.708
2026-11-16 16:00,6.3,5.8,0.5,1.652
2026-11-16 17:00,6.6,6.0,0.6,1.121
2026-11-16 18:00,6.8,6.0,0.7,0.905
2026-11-16 19:00,7.4,6.5,0.9,0.61
2026-11-16 20:00,7.3,6.4,0.9,0.051
2026-11-16 21:00,7.5,6.6,0.9,-0.5
2026-11-16 22:00,4.1,3.6,0.5,-0.965
2026-11-16 23:00,3.7,3.4,0.3,-1.24
2026-11-17 00:00,3.4,3.2,0.2,-1.275
2026-11-17 01:00,3.4,3.3,0.1,-1.317
2026-11-17 02:00,3.8,3.6,0.1,-1.779
2026-11-17 03:00,3.6,3.6,0.0,-1.656
2026-11-17 04:00,4.3,4.2,0.1,-1.222
2026-11-17 05:00,5.9,5.8,0.1,-0.601
2026-11-17 06:00,8.5,8.4,0.1,-0.504
2026-11-17 07:00,7.9,7.7,0.2,-0.342
2026-11-17 08:00,7.2,6.7,0.5,0.601
2026-11-17 09:00,7.7,6.6,1.1,1.622
2026-11-17 10:00,6.8,5.8,1.0,2.764
2026-11-17 11:00,6.4,5.4,1.0,3.639
2026-11-17 12:00,6.2,5.3,0.9,4.422
2026-11-17 13:00,5.8,5.1,0.7,4.723
2026-11-17 14:00,5.8,5.1,0.7,4.317
2026-11-17 15:00,5.9,5.3,0.6,3.49
2026-11-17 16:00,6.3,5.7,0.6,2.981
2026-11-17 17:00,6.6,6.0,0.6,2.717
2026-11-17 18:00,7.7,7.0,0.7,2.537
2026-11-17 19:00,8.3,7.5,0.8,2.267
2026-11-17 20:00,7.3,6.6,0.7,1.262
2026-11-17 21:00,7.5,6.9,0.6,0.884
2026-11-17 22:00,4.3,3.9,0.4,0.734
2026-11-17 23:00,3.8,3.5,0.3,0.654
2026-11-18 00:00,3.5,3.3,0.2,0.644
2026-11-18 01:00,3.9,3.8,0.1,0.695
2026-11-18 02:00,3.6,3.6,0.1,0.764
2026-11-18 03:00,3.3,3.3,0.0,1.009
2026-11-18 04:00,4.1,4.0,0.1,1.3
2026-11-18 05:00,5.7,5.6,0.1,1.568
2026-11-18 06:00,7.7,7.6,0.1,1.794
2026-11-18 07:00,7.4,7.2,0.2,2.027
2026-11-18 08:00,7.0,6.4,0.6,2.399
2026-11-18 09:00,5.9,5.0,0.9,2.737
2026-11-18 10:00,6.2,5.1,1.1,3.021
2026-11-18 11:00,5.5,4.5,1.0,3.184
2026-11-18 12:00,5.9,4.8,1.1,3.096
2026-11-18 13:00,5.0,4.2,0.8,2.818
2026-11-18 14:00,5.1,4.4,0.7,2.403
2026-11-18 15:00,5.0,4.4,0.6,1.882
2026-11-18 16:00,5.5,4.9,0.6,1.548
2026-11-18 17:00,5.8,5.2,0.6,1.571
2026-11-18 18:00,6.2,5.5,0.7,1.71
2026-11-18 19:00,6.0,5.3,0.7,2.15
2026-11-18 20:00,6.5,5.8,0.7,2.699
2026-11-18 21:00,5.9,5.3,0.6,3.215
2026-11-18 22:00,3.5,3.0,0.5,3.674
2026-11-18 23:00,2.7,2.4,0.3,3.913
2026-11-19 00:00,2.3,2.1,0.2,3.715
2026-11-19 01:00,2.4,2.3,0.1,3.02
2026-11-19 02:00,2.3,2.3,0.0,2.539
2026-11-19 03:00,2.3,2.3,0.0,2.081
2026-11-19 04:00,2.8,2.7,0.1,1.815
2026-11-19 05:00,4.0,3.7,0.3,1.673
2026-11-19 06:00,6.0,5.1,0.8,1.333
2026-11-19 07:00,6.2,5.2,1.0,1.203
2026-11-19 08:00,5.1,4.3,0.8,1.915
2026-11-19 09:00,4.6,4.0,0.6,2.744
2026-11-19 10:00,4.1,3.6,0.5,3.558
2026-11-19 11:00,4.6,4.0,0.6,4.202
2026-11-19 12:00,4.7,4.1,0.6,4.542
2026-11-19 13:00,4.0,3.5,0.5,4.618
2026-11-19 14:00,4.0,3.6,0.4,4.367
2026-11-19 15:00,4.2,3.8,0.4,3.22
2026-11-19 16:00,4.3,3.8,0.5,2.14
2026-11-19 17:00,4.8,4.2,0.6,1.823
2026-11-19 18:00,5.5,4.8,0.7,1.525
2026-11-19 19:00,5.6,4.7,0.9,1.351
2026-11-19 20:00,5.6,4.6,0.9,1.062
2026-11-19 21:00,6.2,5.2,1.0,0.91
2026-11-19 22:00,3.4,2.9,0.5,0.94
2026-11-19 23:00,3.0,2.7,0.3,0.764
2026-11-20 00:00,2.9,2.7,0.2,0.664
2026-11-20 01:00,2.7,2.6,0.1,0.6
2026-11-20 02:00,2.5,2.5,0.0,0.569
2026-11-20 03:00,2.9,2.9,0.0,0.413
2026-11-20 04:00,3.1,3.0,0.1,0.23
2026-11-20 05:00,4.7,4.4,0.3,0.087
2026-11-20 06:00,6.5,5.6,0.9,-0.019
2026-11-20 07:00,6.1,5.2,0.9,0.189
2026-11-20 08:00,5.2,4.4,0.8,1.976
2026-11-20 09:00,4.9,4.2,0.7,3.173
2026-11-20 10:00,4.5,3.9,0.6,3.888
2026-11-20 11:00,3.7,3.2,0.5,4.426
2026-11-20 12:00,3.5,3.0,0.5,4.753
2026-11-20 13:00,3.4,2.9,0.5,4.795
2026-11-20 14:00,3.1,2.7,0.4,4.323
2026-11-20 15:00,3.5,3.1,0.4,2.623
2026-11-20 16:00,4.1,3.6,0.5,1.33
2026-11-20 17:00,4.1,3.4,0.6,0.682
2026-11-20 18:00,4.6,3.9,0.7,-0.346
2026-11-20 19:00,5.2,4.3,0.9,-1.483
2026-11-20 20:00,5.5,4.6,1.0,-2.038
2026-11-20 21:00,5.6,4.7,0.9,-2.165
2026-11-20 22:00,3.3,2.8,0.5,-2.289
2026-11-20 23:00,2.7,2.4,0.3,-2.569
2026-11-21 00:00,2.8,2.6,0.2,-2.839
2026-11-21 01:00,2.8,2.7,0.1,-2.832
2026-11-21 02:00,2.8,2.8,0.0,-2.508
2026-11-21 03:00,2.8,2.8,0.0,-1.956
2026-11-21 04:00,3.6,3.5,0.1,-1.487
2026-11-21 05:00,4.9,4.6,0.3,-1.191
2026-11-21 06:00,7.7,6.8,0.9,-1.065
2026-11-21 07:00,6.9,6.0,0.9,-0.832
2026-11-21 08:00,6.5,5.7,0.8,0.153
2026-11-21 09:00,5.5,4.9,0.6,1.262
2026-11-21 10:00,5.2,4.6,0.6,2.124
2026-11-21 11:00,5.0,4.5,0.5,2.886
2026-11-21 12:00,4.7,4.2,0.5,3.474
2026-11-21 13:00,4.9,4.4,0.5,3.755
2026-11-21 14:00,5.0,4.5,0.5,3.513
2026-11-21 15:00,5.3,4.9,0.4,2.825
2026-11-21 16:00,5.7,5.2,0.5,2.654
2026-11-21 17:00,5.9,5.3,0.6,2.607
2026-11-21 18:00,6.4,5.7,0.7,2.513
2026-11-21 19:00,7.0,6.0,0.9,2.372
2026-11-21 20:00,7.3,6.3,1.0,2.294
2026-11-21 21:00,6.7,5.8,0.9,2.259
2026-11-21 22:00,3.8,3.4,0.5,2.221
2026-11-21 23:00,3.3,3.0,0.3,2.176
2026-11-22 00:00,3.2,3.0,0.2,2.419
2026-11-22 01:00,3.3,3.2,0.1,2.484
2026-11-22 02:00,3.0,3.0,0.0,2.485
2026-11-22 03:00,3.6,3.6,0.0,2.569
2026-11-22 04:00,3.9,3.8,0.1,2.603
2026-11-22 05:00,5.7,5.4,0.3,2.576
2026-11-22 06:00,7.9,7.0,0.9,2.369
2026-11-22 07:00,7.6,6.7,0.9,2.199
2026-11-22 08:00,7.0,6.2,0.8,2.994
2026-11-22 09:00,6.4,5.7,0.7,4.18
2026-11-22 10:00,5.4,4.9,0.5,5.596
2026-11-22 11:00,5.9,5.3,0.6,6.611
2026-11-22 12:00,5.3,4.8,0.5,6.964
2026-11-22 13:00,5.4,4.9,0.5,6.728
2026-11-22 14:00,5.1,4.7,0.4,5.875
2026-11-22 15:00,5.5,5.1,0.4,4.847
2026-11-22 16:00,5.6,5.1,0.5,4.347
2026-11-22 17:00,5.8,5.2,0.6,4.073
2026-11-22 18:00,6.0,5.3,0.7,3.908
2026-11-22 19:00,6.5,5.6,0.9,3.628
2026-11-22 20:00,6.9,6.0,1.0,3.162
2026-11-22 21:00,5.9,5.1,0.8,2.658
2026-11-22 22:00,3.5,3.0,0.5,2.161
2026-11-22 23:00,2.7,2.4,0.3,1.983
2026-11-23 00:00,2.0,1.8,0.2,2.079
2026-11-23 01:00,2.1,2.0,0.1,2.312
2026-11-23 02:00,2.4,2.4,0.0,2.457
2026-11-23 03:00,3.2,3.2,0.0,2.542
2026-11-23 04:00,3.5,3.4,0.1,2.455
2026-11-23 05:00,4.9,4.6,0.3,2.316
2026-11-23 06:00,6.9,6.0,0.9,2.223
2026-11-23 07:00,6.8,5.9,0.9,2.191
2026-11-23 08:00,6.0,5.2,0.8,2.878
2026-11-23 09:00,4.7,4.1,0.6,4.286
2026-11-23 10:00,4.5,3.9,0.6,6.04
2026-11-23 11:00,4.1,3.6,0.6,7.598
2026-11-23 12:00,3.6,3.1,0.5,8.675
2026-11-23 13:00,3.4,2.9,0.5,9.307
2026-11-23 14:00,3.8,3.3,0.5,8.711
2026-11-23 15:00,3.7,3.3,0.4,6.71
2026-11-23 16:00,5.0,4.5,0.5,5.815
2026-11-23 17:00,5.4,4.8,0.6,5.42
2026-11-23 18:00,5.6,4.9,0.7,5.02
2026-11-23 19:00,6.2,5.3,0.9,4.529
2026-11-23 20:00,6.4,5.5,1.0,4.172
2026-11-23 21:00,6.1,5.2,0.9,3.816
2026-11-23 22:00,3.8,3.3,0.5,3.434
2026-11-23 23:00,2.9,2.6,0.3,3.103
2026-11-24 00:00,2.7,2.5,0.2,3.098
2026-11-24 01:00,2.6,2.5,0.1,3.197
2026-11-24 02:00,2.8,2.7,0.1,3.065
2026-11-24 03:00,2.7,2.7,0.0,3.133
2026-11-24 04:00,2.9,2.8,0.1,3.118
2026-11-24 05:00,4.4,4.3,0.1,3.188
2026-11-24 06:00,5.9,5.8,0.1,3.227
2026-11-24 07:00,5.4,5.2,0.2,3.185
2026-11-24 08:00,5.3,4.7,0.6,4.393
2026-11-24 09:00,5.0,4.1,1.0,6.278
2026-11-24 10:00,5.3,4.2,1.1,7.98
2026-11-24 11:00,4.9,3.8,1.1,9.234
2026-11-24 12:00,4.3,3.4,0.9,9.864
2026-11-24 13:00,4.4,3.7,0.7,9.92
2026-11-24 14:00,4.4,3.7,0.7,9.052
2026-11-24 15:00,4.3,3.7,0.6,7.185
2026-11-24 16:00,4.2,3.7,0.5,6.475
2026-11-24 17:00,4.7,4.1,0.6,6.386
2026-11-24 18:00,4.6,4.0,0.6,6.389
2026-11-24 19:00,5.5,4.7,0.8,6.324
2026-11-24 20:00,5.3,4.6,0.7,6.193
2026-11-24 21:00,4.9,4.3,0.6,5.996
2026-11-24 22:00,3.2,2.7,0.5,5.843
2026-11-24 23:00,2.5,2.2,0.3,5.444
2026-11-25 00:00,2.2,2.0,0.2,5.194
2026-11-25 01:00,2.4,2.3,0.1,5.229
2026-11-25 02:00,2.2,2.1,0.1,5.316
2026-11-25 03:00,2.3,2.3,0.0,5.263
2026-11-25 04:00,2.8,2.7,0.1,4.954
2026-11-25 05:00,4.0,3.9,0.1,4.796
2026-11-25 06:00,5.4,5.3,0.1,4.768
2026-11-25 07:00,5.1,4.9,0.2,4.829
2026-11-25 08:00,4.8,4.3,0.5,5.689
2026-11-25 09:00,5.1,4.0,1.1,6.577
2026-11-25 10:00,4.5,3.5,1.0,7.256
2026-11-25 11:00,4.4,3.3,1.1,7.772
2026-11-25 12:00,4.3,3.3,1.0,8.094
2026-11-25 13:00,3.8,3.0,0.8,8.116
2026-11-25 14:00,3.4,2.8,0.6,7.522
2026-11-25 15:00,3.9,3.3,0.6,6.479
2026-11-25 16:00,3.7,3.2,0.5,6.14
2026-11-25 17:00,4.0,3.4,0.6,6.165
2026-11-25 18:00,4.5,3.8,0.7,5.959
2026-11-25 19:00,4.5,3.8,0.7,5.504
2026-11-25 20:00,4.9,4.2,0.7,4.967
2026-11-25 21:00,4.7,4.1,0.6,4.484
2026-11-25 22:00,2.7,2.2,0.5,4.338
2026-11-25 23:00,1.9,1.6,0.3,4.438
2026-11-26 00:00,1.7,1.5,0.2,4.611
2026-11-26 01:00,1.5,1.4,0.1,4.617
2026-11-26 02:00,1.5,1.5,0.0,4.624
2026-11-26 03:00,1.2,1.2,0.0,4.774
2026-11-26 04:00,1.4,1.3,0.1,4.952
2026-11-26 05:00,2.3,2.0,0.3,5.172
2026-11-26 06:00,4.0,3.1,0.9,5.58
2026-11-26 07:00,3.8,2.9,0.9,5.921
2026-11-26 08:00,3.4,2.6,0.8,6.575
2026-11-26 09:00,3.2,2.5,0.7,7.549
2026-11-26 10:00,2.9,2.4,0.5,8.629
2026-11-26 11:00,3.2,2.6,0.6,9.552
2026-11-26 12:00,3.3,2.8,0.5,10.314
2026-11-26 13:00,2.8,2.3,0.5,10.455
2026-11-26 14:00,2.9,2.4,0.5,9.961
2026-11-26 15:00,3.2,2.8,0.4,8.912
2026-11-26 16:00,3.7,3.2,0.5,8.628
2026-11-26 17:00,4.0,3.4,0.6,8.694
2026-11-26 18:00,4.4,3.7,0.7,8.512
2026-11-26 19:00,4.7,3.8,0.9,8.347
2026-11-26 20:00,4.9,4.0,0.9,8.045
2026-11-26 21:00,5.1,4.2,0.9,7.764
2026-11-26 22:00,3.5,3.0,0.5,7.729
2026-11-26 23:00,3.1,2.8,0.3,7.746
2026-11-27 00:00,3.2,3.0,0.2,7.913
2026-11-27 01:00,2.8,2.7,0.1,7.886
2026-11-27 02:00,2.9,2.9,0.0,7.671
2026-11-27 03:00,3.0,3.0,0.0,7.353
2026-11-27 04:00,3.3,3.2,0.1,7.075
2026-11-27 05:00,4.6,4.3,0.3,6.902
2026-11-27 06:00,6.9,6.0,0.9,7.075
2026-11-27 07:00,6.2,5.3,0.9,7.368
2026-11-27 08:00,5.1,4.3,0.8,8.127
2026-11-27 09:00,5.3,4.6,0.7,9.03
2026-11-27 10:00,5.3,4.7,0.6,9.982
2026-11-27 11:00,4.4,3.9,0.5,10.548
2026-11-27 12:00,4.2,3.7,0.5,10.815
2026-11-27 13:00,4.4,3.9,0.5,10.772
2026-11-27 14:00,4.0,3.6,0.4,10.144
2026-11-27 15:00,4.1,3.7,0.4,9.427
2026-11-27 16:00,4.3,3.8,0.5,9.3
2026-11-27 17:00,4.6,4.0,0.6,9.47
2026-11-27 18:00,5.5,4.7,0.8,9.531
2026-11-27 19:00,5.7,4.8,1.0,9.496
2026-11-27 20:00,5.1,4.2,0.9,9.541
2026-11-27 21:00,5.4,4.5,0.9,9.465
2026-11-27 22:00,2.9,2.4,0.5,9.291
2026-11-27 23:00,2.9,2.6,0.3,9.123
2026-11-28 00:00,2.4,2.2,0.2,8.988
2026-11-28 01:00,2.4,2.3,0.1,8.927
2026-11-28 02:00,2.2,2.2,0.0,8.957
2026-11-28 03:00,2.5,2.5,0.0,8.94
2026-11-28 04:00,3.0,2.9,0.1,8.816
2026-11-28 05:00,4.2,3.9,0.3,8.622
2026-11-28 06:00,6.6,5.6,0.9,8.49
2026-11-28 07:00,5.6,4.6,0.8,8.479
2026-11-28 08:00,5.6,4.7,0.8,8.729
2026-11-28 09:00,4.9,4.2,0.7,9.087
2026-11-28 10:00,4.4,3.8,0.6,9.357
2026-11-28 11:00,4.5,3.9,0.6,9.458
2026-11-28 12:00,3.7,3.2,0.5,9.433
2026-11-28 13:00,4.4,3.9,0.5,9.318
2026-11-28 14:00,4.1,3.7,0.4,9.023
2026-11-28 15:00,4.0,3.6,0.4,8.587
2026-11-28 16:00,4.9,4.4,0.5,8.294
2026-11-28 17:00,5.1,4.5,0.6,8.107
2026-11-28 18:00,5.3,4.6,0.7,7.932
2026-11-28 19:00,5.9,5.0,0.9,7.776
2026-11-28 20:00,6.1,5.1,1.0,7.689
2026-11-28 21:00,6.3,5.3,1.0,7.632
2026-11-28 22:00,3.5,3.0,0.5,7.545
2026-11-28 23:00,3.3,3.0,0.3,7.27
2026-11-29 00:00,3.0,2.8,0.2,6.915
2026-11-29 01:00,3.2,3.1,0.1,6.625
2026-11-29 02:00,3.3,3.3,0.0,6.223
2026-11-29 03:00,3.3,3.3,0.0,5.624
2026-11-29 04:00,3.8,3.7,0.1,5.004
2026-11-29 05:00,6.4,6.1,0.4,4.316
2026-11-29 06:00,8.9,7.9,1.0,3.687
2026-11-29 07:00,7.7,6.8,0.9,3.298
2026-11-29 08:00,6.6,5.8,0.8,3.528
2026-11-29 09:00,6.3,5.6,0.7,4.435
2026-11-29 10:00,6.0,5.4,0.6,5.874
2026-11-29 11:00,5.3,4.8,0.5,6.916
2026-11-29 12:00,5.6,5.1,0.5,7.276
2026-11-29 13:00,5.0,4.5,0.5,7.129
2026-11-29 14:00,4.9,4.5,0.4,6.276
2026-11-29 15:00,5.2,4.8,0.4,4.129
2026-11-29 16:00,5.2,4.8,0.4,3.16
2026-11-29 17:00,6.1,5.5,0.6,2.698
2026-11-29 18:00,6.8,6.1,0.7,2.213
2026-11-29 19:00,7.4,6.5,0.9,1.777
2026-11-29 20:00,7.2,6.3,1.0,1.527
2026-11-29 21:00,6.9,6.0,0.9,1.26
2026-11-29 22:00,3.8,3.3,0.5,1.216
2026-11-29 23:00,3.2,2.9,0.3,1.242
2026-11-30 00:00,3.1,2.9,0.2,1.187
2026-11-30 01:00,3.1,3.0,0.1,0.757
2026-11-30 02:00,3.1,3.1,0.0,0.332
2026-11-30 03:00,3.1,3.1,0.0,0.361
2026-11-30 04:00,3.8,3.7,0.1,0.582
2026-11-30 05:00,5.8,5.5,0.3,0.938
2026-11-30 06:00,8.1,7.2,0.8,1.021
2026-11-30 07:00,7.8,6.9,0.9,0.902
2026-11-30 08:00,7.1,6.3,0.8,1.011
2026-11-30 09:00,6.7,6.0,0.7,1.61
2026-11-30 10:00,6.5,5.9,0.6,2.753
2026-11-30 11:00,6.5,5.9,0.6,4.248
2026-11-30 12:00,6.0,5.5,0.5,5.363
2026-11-30 13:00,5.5,5.0,0.5,5.471
2026-11-30 14:00,5.6,5.2,0.4,4.471
2026-11-30 15:00,6.1,5.6,0.4,2.324
2026-11-30 16:00,6.2,5.7,0.5,1.138
2026-11-30 17:00,6.2,5.6,0.6,0.467
2026-11-30 18:00,7.3,6.6,0.7,-0.041
2026-11-30 19:00,7.5,6.6,0.9,-0.524
2026-11-30 20:00,7.9,7.0,0.9,-0.966
2026-11-30 21:00,7.9,7.0,0.9,-1.165
2026-11-30 22:00,4.5,4.0,0.5,-1.254
2026-11-30 23:00,4.3,4.0,0.3,-1.744
2026-12-01 00:00,3.8,3.6,0.2,-2.219
2026-12-01 01:00,3.7,3.6,0.1,-2.068
2026-12-01 02:00,3.8,3.7,0.1,-1.473
2026-12-01 03:00,3.8,3.8,0.0,-1.208
2026-12-01 04:00,4.3,4.2,0.1,-1.171
2026-12-01 05:00,6.6,6.5,0.1,-1.367
2026-12-01 06:00,8.7,8.6,0.1,-1.791
2026-12-01 07:00,8.8,8.6,0.2,-1.055
2026-12-01 08:00,7.7,7.2,0.5,-0.074
2026-12-01 09:00,7.4,6.5,1.0,0.528
2026-12-01 10:00,7.0,6.0,1.0,1.214
2026-12-01 11:00,7.5,6.4,1.1,1.757
2026-12-01 12:00,7.0,6.0,1.0,1.923
2026-12-01 13:00,7.0,6.2,0.8,1.703
2026-12-01 14:00,7.0,6.3,0.7,1.138
2026-12-01 15:00,7.2,6.6,0.6,0.415
2026-12-01 16:00,7.8,7.2,0.6,0.25
2026-12-01 17:00,9.0,8.3,0.7,0.185
2026-12-01 18:00,8.8,8.1,0.7,0.047
2026-12-01 19:00,9.2,8.4,0.8,-0.105
2026-12-01 20:00,10.1,9.3,0.8,-0.303
2026-12-01 21:00,8.9,8.3,0.6,-0.507
2026-12-01 22:00,5.3,4.9,0.4,-0.79
2026-12-01 23:00,5.5,5.2,0.3,-1.353
2026-12-02 00:00,4.6,4.4,0.2,-2.037
2026-12-02 01:00,4.3,4.2,0.1,-2.0
2026-12-02 02:00,4.9,4.8,0.1,-1.729
2026-12-02 03:00,4.6,4.6,0.0,-1.578
2026-12-02 04:00,5.0,4.9,0.1,-1.426
2026-12-02 05:00,7.4,7.4,0.1,-1.408
2026-12-02 06:00,10.2,10.1,0.1,-1.32
2026-12-02 07:00,10.5,10.3,0.2,-1.006
2026-12-02 08:00,7.9,7.4,0.5,-0.313
2026-12-02 09:00,8.9,7.9,1.0,0.492
2026-12-02 10:00,7.8,6.8,1.0,1.31
2026-12-02 11:00,8.2,7.1,1.1,2.031
2026-12-02 12:00,7.5,6.6,1.0,2.601
2026-12-02 13:00,7.5,6.7,0.8,3.027
2026-12-02 14:00,6.3,5.7,0.6,3.078
2026-12-02 15:00,7.5,6.9,0.6,2.549
2026-12-02 16:00,7.7,7.1,0.6,2.396
2026-12-02 17:00,8.5,7.9,0.6,2.374
2026-12-02 18:00,9.0,8.3,0.7,2.715
2026-12-02 19:00,8.6,7.9,0.7,3.055
2026-12-02 20:00,10.0,9.3,0.7,3.159
2026-12-02 21:00,9.8,9.2,0.6,3.158
2026-12-02 22:00,5.6,5.1,0.5,3.151
2026-12-02 23:00,4.4,4.1,0.3,3.249
2026-12-03 00:00,3.8,3.6,0.2,3.282
2026-12-03 01:00,4.0,3.9,0.1,3.272
2026-12-03 02:00,3.8,3.8,0.0,3.348
2026-12-03 03:00,3.9,3.9,0.0,3.372
2026-12-03 04:00,4.5,4.4,0.1,3.385
2026-12-03 05:00,6.3,6.0,0.3,3.171
2026-12-03 06:00,9.5,8.6,0.9,2.887
2026-12-03 07:00,9.0,8.2,0.9,2.734
2026-12-03 08:00,8.1,7.3,0.8,2.939
2026-12-03 09:00,6.8,6.2,0.6,3.481
2026-12-03 10:00,7.0,6.4,0.6,4.305
2026-12-03 11:00,6.5,6.0,0.5,5.323
2026-12-03 12:00,6.0,5.5,0.5,5.996
2026-12-03 13:00,6.0,5.5,0.5,6.225
2026-12-03 14:00,6.2,5.7,0.5,5.73
2026-12-03 15:00,6.1,5.7,0.4,4.936
2026-12-03 16:00,6.3,5.8,0.5,4.4
2026-12-03 17:00,6.8,6.2,0.6,3.888
2026-12-03 18:00,7.3,6.6,0.7,3.587
2026-12-03 19:00,7.8,6.9,0.9,3.247
2026-12-03 20:00,8.6,7.6,1.0,2.852
2026-12-03 21:00,7.9,7.0,0.9,1.969
2026-12-03 22:00,4.4,3.9,0.5,1.158
2026-12-03 23:00,4.1,3.8,0.3,0.549
2026-12-04 00:00,3.4,3.2,0.2,0.118
2026-12-04 01:00,3.5,3.4,0.1,-0.308
2026-12-04 02:00,3.6,3.6,0.0,-0.667
2026-12-04 03:00,3.6,3.6,0.0,-0.72
2026-12-04 04:00,4.3,4.2,0.1,-0.595
2026-12-04 05:00,7.1,6.8,0.3,-0.433
2026-12-04 06:00,9.5,8.6,0.9,-0.382
2026-12-04 07:00,9.2,8.3,0.9,-0.303
2026-12-04 08:00,8.0,7.2,0.8,0.584
2026-12-04 09:00,7.5,6.8,0.7,1.896
2026-12-04 10:00,7.3,6.7,0.6,3.517
2026-12-04 11:00,7.3,6.8,0.5,4.901
2026-12-04 12:00,7.1,6.6,0.5,5.704
2026-12-04 13:00,6.7,6.2,0.5,5.851
2026-12-04 14:00,6.7,6.3,0.4,4.472
2026-12-04 15:00,7.3,6.8,0.5,1.743
2026-12-04 16:00,7.1,6.6,0.5,0.69
2026-12-04 17:00,7.7,7.1,0.6,0.167
2026-12-04 18:00,7.5,6.8,0.7,-0.332
2026-12-04 19:00,8.4,7.5,0.9,-0.832
2026-12-04 20:00,8.3,7.4,1.0,-1.294
2026-12-04 21:00,7.2,6.3,0.9,-1.698
2026-12-04 22:00,4.3,3.8,0.5,-1.992
2026-12-04 23:00,3.4,3.1,0.3,-2.158
2026-12-05 00:00,3.3,3.1,0.2,-2.29
2026-12-05 01:00,3.2,3.1,0.1,-2.411
2026-12-05 02:00,3.3,3.3,0.0,-2.515
2026-12-05 03:00,3.5,3.5,0.0,-2.59
2026-12-05 04:00,3.6,3.5,0.1,-2.689
2026-12-05 05:00,6.2,5.9,0.3,-2.822
2026-12-05 06:00,8.1,7.2,0.9,-2.975
2026-12-05 07:00,7.7,6.8,0.9,-2.963
2026-12-05 08:00,7.1,6.3,0.8,-1.051
2026-12-05 09:00,6.4,5.7,0.7,0.628
2026-12-05 10:00,6.2,5.6,0.6,2.145
2026-12-05 11:00,6.2,5.6,0.6,3.48
2026-12-05 12:00,5.4,4.9,0.5,4.148
2026-12-05 13:00,5.7,5.2,0.5,3.821
2026-12-05 14:00,5.2,4.8,0.4,1.498
2026-12-05 15:00,5.7,5.3,0.4,-1.252
2026-12-05 16:00,6.0,5.5,0.5,-1.926
2026-12-05 17:00,6.6,6.0,0.6,-1.942
2026-12-05 18:00,7.0,6.3,0.7,-2.136
2026-12-05 19:00,7.5,6.6,0.9,-2.497
2026-12-05 20:00,8.0,7.0,1.0,-2.841
2026-12-05 21:00,7.4,6.5,0.9,-2.962
2026-12-05 22:00,3.9,3.5,0.4,-2.792
2026-12-05 23:00,4.1,3.8,0.3,-2.55
2026-12-06 00:00,3.7,3.5,0.2,-2.047
2026-12-06 01:00,3.6,3.5,0.1,-1.576
2026-12-06 02:00,3.4,3.4,0.0,-1.103
2026-12-06 03:00,3.3,3.3,0.0,-0.683
2026-12-06 04:00,4.2,4.1,0.1,-0.332
2026-12-06 05:00,6.9,6.6,0.4,0.269
2026-12-06 06:00,9.0,8.1,0.9,0.624
2026-12-06 07:00,8.9,8.0,0.9,0.773
2026-12-06 08:00,7.8,7.0,0.8,1.097
2026-12-06 09:00,7.8,7.1,0.7,1.654
2026-12-06 10:00,7.0,6.4,0.6,2.248
2026-12-06 11:00,6.3,5.8,0.5,2.688
2026-12-06 12:00,6.8,6.3,0.5,3.037
2026-12-06 13:00,6.8,6.3,0.5,3.181
2026-12-06 14:00,7.2,6.7,0.5,3.13
2026-12-06 15:00,7.1,6.6,0.5,3.177
2026-12-06 16:00,6.7,6.2,0.5,3.338
2026-12-06 17:00,8.5,7.8,0.7,4.068
2026-12-06 18:00,7.8,7.1,0.7,4.036
2026-12-06 19:00,8.1,7.2,0.8,4.085
2026-12-06 20:00,9.1,8.1,1.0,4.075
2026-12-06 21:00,8.5,7.6,0.9,4.202
2026-12-06 22:00,5.0,4.5,0.5,4.528
2026-12-06 23:00,4.3,4.0,0.3,5.166
2026-12-07 00:00,4.1,3.9,0.2,6.153
2026-12-07 01:00,3.9,3.8,0.1,6.718
2026-12-07 02:00,4.0,4.0,0.0,6.759
2026-12-07 03:00,4.1,4.1,0.0,6.578
2026-12-07 04:00,5.2,5.0,0.1,6.297
2026-12-07 05:00,7.8,7.5,0.3,6.074
2026-12-07 06:00,10.5,9.6,0.9,5.953
2026-12-07 07:00,10.2,9.3,0.9,5.996
2026-12-07 08:00,9.3,8.5,0.8,6.169
2026-12-07 09:00,8.6,8.0,0.7,6.637
2026-12-07 10:00,7.5,7.0,0.6,7.238
2026-12-07 11:00,7.4,6.9,0.5,7.8
2026-12-07 12:00,6.8,6.3,0.5,8.202
2026-12-07 13:00,6.9,6.4,0.5,8.16
2026-12-07 14:00,7.0,6.6,0.4,7.414
2026-12-07 15:00,7.5,7.1,0.4,6.269
2026-12-07 16:00,7.2,6.8,0.4,6.016
2026-12-07 17:00,8.4,7.8,0.6,6.212
2026-12-07 18:00,9.3,8.6,0.7,5.958
2026-12-07 19:00,10.1,9.1,1.0,5.413
2026-12-07 20:00,9.7,8.8,1.0,5.043
2026-12-07 21:00,9.0,8.1,0.9,4.894
2026-12-07 22:00,5.9,5.4,0.5,4.763
2026-12-07 23:00,4.5,4.2,0.3,4.702
2026-12-08 00:00,5.0,4.8,0.2,4.625
2026-12-08 01:00,4.7,4.6,0.1,4.321
2026-12-08 02:00,4.4,4.3,0.1,4.125
2026-12-08 03:00,4.0,4.0,0.0,4.32
2026-12-08 04:00,4.9,4.8,0.1,5.246
2026-12-08 05:00,7.4,7.3,0.1,6.368
2026-12-08 06:00,9.5,9.4,0.1,7.153
2026-12-08 07:00,10.4,10.2,0.2,7.499
2026-12-08 08:00,9.3,8.8,0.5,7.955
2026-12-08 09:00,9.2,8.2,1.0,8.4
2026-12-08 10:00,9.1,8.0,1.1,8.916
2026-12-08 11:00,8.8,7.7,1.1,9.437
2026-12-08 12:00,9.0,8.0,1.0,9.796
2026-12-08 13:00,8.0,7.2,0.8,9.906
2026-12-08 14:00,7.9,7.2,0.7,9.437
2026-12-08 15:00,8.6,8.0,0.6,8.208
2026-12-08 16:00,8.2,7.6,0.6,7.141
2026-12-08 17:00,8.5,8.0,0.6,6.487
2026-12-08 18:00,9.3,8.6,0.7,6.213
2026-12-08 19:00,9.7,8.9,0.8,6.2
2026-12-08 20:00,10.4,9.6,0.8,6.283
2026-12-08 21:00,9.4,8.8,0.6,6.262
2026-12-08 22:00,5.7,5.2,0.5,6.074
2026-12-08 23:00,5.5,5.2,0.3,5.732
2026-12-09 00:00,5.4,5.2,0.2,5.543
2026-12-09 01:00,5.6,5.5,0.1,5.663
2026-12-09 02:00,5.7,5.6,0.1,5.764
2026-12-09 03:00,5.9,5.9,0.0,5.737
2026-12-09 04:00,6.1,6.0,0.1,5.639
2026-12-09 05:00,9.8,9.7,0.1,5.523
2026-12-09 06:00,13.6,13.5,0.1,5.393
2026-12-09 07:00,14.4,14.2,0.2,5.045
2026-12-09 08:00,12.4,11.9,0.5,5.295
2026-12-09 09:00,12.3,11.3,1.0,5.976
2026-12-09 10:00,11.5,10.4,1.1,6.273
2026-12-09 11:00,10.5,9.4,1.1,6.304
2026-12-09 12:00,10.1,9.1,1.0,6.416
2026-12-09 13:00,9.4,8.6,0.8,6.485
2026-12-09 14:00,9.9,9.2,0.7,6.29
2026-12-09 15:00,10.8,10.2,0.6,5.891
2026-12-09 16:00,11.2,10.6,0.6,5.539
2026-12-09 17:00,11.2,10.6,0.6,5.203
2026-12-09 18:00,11.7,11.0,0.7,4.99
2026-12-09 19:00,11.8,11.1,0.7,4.351
2026-12-09 20:00,13.0,12.3,0.7,3.613
2026-12-09 21:00,12.2,11.6,0.6,2.901
2026-12-09 22:00,7.9,7.4,0.5,2.735
2026-12-09 23:00,6.2,5.9,0.3,2.489
2026-12-10 00:00,5.8,5.6,0.2,2.339
2026-12-10 01:00,5.3,5.2,0.1,2.174
2026-12-10 02:00,5.6,5.6,0.0,1.616
2026-12-10 03:00,5.0,5.0,0.0,1.188
2026-12-10 04:00,5.9,5.8,0.1,0.811
2026-12-10 05:00,8.3,8.0,0.3,0.123
2026-12-10 06:00,11.9,10.8,1.0,-0.281
2026-12-10 07:00,10.6,9.6,1.0,-0.037
2026-12-10 08:00,8.9,8.1,0.8,0.87
2026-12-10 09:00,7.7,7.1,0.6,1.84
2026-12-10 10:00,7.5,7.0,0.6,3.133
2026-12-10 11:00,6.8,6.3,0.5,4.349
2026-12-10 12:00,6.7,6.2,0.5,4.856
2026-12-10 13:00,7.3,6.8,0.5,4.743
2026-12-10 14:00,6.2,5.8,0.4,4.1
2026-12-10 15:00,6.9,6.5,0.4,2.875
2026-12-10 16:00,7.2,6.7,0.5,2.095
2026-12-10 17:00,7.5,6.9,0.6,1.695
2026-12-10 18:00,7.6,6.9,0.7,1.559
2026-12-10 19:00,8.6,7.7,0.9,1.682
2026-12-10 20:00,8.5,7.6,0.9,1.929
2026-12-10 21:00,8.2,7.3,0.9,2.116
2026-12-10 22:00,4.9,4.4,0.5,2.299
2026-12-10 23:00,4.3,4.0,0.3,2.426
2026-12-11 00:00,3.4,3.2,0.2,2.55
2026-12-11 01:00,3.3,3.2,0.1,2.598
2026-12-11 02:00,3.4,3.4,0.0,2.536
2026-12-11 03:00,3.5,3.5,0.0,2.411
2026-12-11 04:00,3.9,3.8,0.1,2.29
2026-12-11 05:00,6.0,5.7,0.3,2.147
2026-12-11 06:00,9.6,8.7,0.9,2.012
2026-12-11 07:00,8.5,7.6,0.9,1.794
2026-12-11 08:00,7.5,6.7,0.8,1.923
2026-12-11 09:00,7.2,6.5,0.7,2.204
2026-12-11 10:00,7.3,6.6,0.6,2.44
2026-12-11 11:00,6.5,6.0,0.5,2.691
2026-12-11 12:00,7.0,6.4,0.6,2.861
2026-12-11 13:00,5.9,5.4,0.5,2.918
2026-12-11 14:00,6.7,6.2,0.5,2.814
2026-12-11 15:00,6.0,5.6,0.4,2.363
2026-12-11 16:00,6.8,6.3,0.5,2.156
2026-12-11 17:00,7.6,7.0,0.6,2.144
2026-12-11 18:00,7.5,6.9,0.6,2.223
2026-12-11 19:00,8.7,7.8,0.9,2.657
2026-12-11 20:00,8.9,7.9,1.0,2.871
2026-12-11 21:00,8.3,7.4,0.9,2.734
2026-12-11 22:00,5.1,4.6,0.5,2.602
2026-12-11 23:00,4.6,4.3,0.3,2.456
2026-12-12 00:00,4.4,4.2,0.2,2.18
2026-12-12 01:00,4.3,4.2,0.1,2.099
2026-12-12 02:00,4.3,4.3,0.0,2.159
2026-12-12 03:00,4.5,4.5,0.0,2.115
2026-12-12 04:00,5.0,4.9,0.1,1.85
2026-12-12 05:00,8.1,7.8,0.3,1.887
2026-12-12 06:00,11.8,10.9,0.9,1.935
2026-12-12 07:00,10.4,9.5,0.9,1.96
2026-12-12 08:00,9.3,8.5,0.8,2.473
2026-12-12 09:00,8.6,8.0,0.7,3.245
2026-12-12 10:00,8.2,7.6,0.6,3.819
2026-12-12 11:00,8.4,7.8,0.6,4.25
2026-12-12 12:00,7.8,7.3,0.5,4.483
2026-12-12 13:00,8.1,7.6,0.5,4.305
2026-12-12 14:00,7.4,7.0,0.4,3.371
2026-12-12 15:00,8.6,8.1,0.5,1.881
2026-12-12 16:00,9.0,8.5,0.5,1.492
2026-12-12 17:00,9.4,8.8,0.6,1.6
2026-12-12 18:00,10.3,9.6,0.7,1.764
2026-12-12 19:00,10.3,9.4,0.9,1.78
2026-12-12 20:00,10.5,9.6,1.0,1.646
2026-12-12 21:00,10.6,9.6,1.0,1.486
2026-12-12 22:00,6.0,5.5,0.5,1.409
2026-12-12 23:00,4.6,4.3,0.3,1.368
2026-12-13 00:00,4.9,4.7,0.2,1.241
2026-12-13 01:00,4.4,4.3,0.1,1.089
2026-12-13 02:00,4.7,4.7,0.0,0.964
2026-12-13 03:00,5.2,5.2,0.0,0.774
2026-12-13 04:00,6.1,6.0,0.1,0.682
2026-12-13 05:00,8.2,7.9,0.3,0.574
2026-12-13 06:00,12.9,11.9,1.0,0.296
2026-12-13 07:00,10.9,10.0,0.9,0.398
2026-12-13 08:00,10.1,9.3,0.8,1.039
2026-12-13 09:00,8.9,8.2,0.7,1.687
2026-12-13 10:00,8.2,7.6,0.6,2.333
2026-12-13 11:00,7.7,7.2,0.5,3.085
2026-12-13 12:00,7.5,7.0,0.5,3.686
2026-12-13 13:00,7.2,6.6,0.5,3.791
2026-12-13 14:00,7.7,7.2,0.5,3.568
2026-12-13 15:00,7.3,6.9,0.4,3.518
2026-12-13 16:00,8.0,7.5,0.5,3.626
2026-12-13 17:00,9.0,8.4,0.6,3.702
2026-12-13 18:00,10.0,9.3,0.7,3.802
2026-12-13 19:00,9.7,8.8,0.8,3.845
2026-12-13 20:00,10.0,9.1,0.9,3.673
2026-12-13 21:00,10.6,9.7,1.0,3.448
2026-12-13 22:00,6.0,5.5,0.5,2.879
2026-12-13 23:00,5.5,5.2,0.3,2.185
2026-12-14 00:00,5.3,5.1,0.2,2.212
2026-12-14 01:00,5.1,5.0,0.1,2.423
2026-12-14 02:00,5.4,5.4,0.0,2.826
2026-12-14 03:00,5.4,5.4,0.0,2.766
2026-12-14 04:00,6.1,6.0,0.1,2.467
2026-12-14 05:00,8.7,8.4,0.3,2.447
2026-12-14 06:00,11.5,10.6,0.9,2.868
2026-12-14 07:00,12.1,11.1,1.0,3.692
2026-12-14 08:00,9.9,9.1,0.8,4.494
2026-12-14 09:00,9.0,8.4,0.6,4.754
2026-12-14 10:00,8.8,8.2,0.6,4.985
2026-12-14 11:00,9.1,8.5,0.6,5.305
2026-12-14 12:00,8.6,8.0,0.6,5.966
2026-12-14 13:00,7.5,7.0,0.5,6.447
2026-12-14 14:00,7.5,7.1,0.4,6.295
2026-12-14 15:00,7.9,7.5,0.4,5.611
2026-12-14 16:00,8.2,7.7,0.5,5.298
2026-12-14 17:00,8.8,8.2,0.6,5.481
2026-12-14 18:00,8.5,7.9,0.6,5.639
2026-12-14 19:00,10.0,9.1,0.9,5.542
2026-12-14 20:00,10.4,9.4,1.0,5.346
2026-12-14 21:00,9.4,8.5,0.9,4.949
2026-12-14 22:00,5.5,5.0,0.5,4.696
2026-12-14 23:00,5.0,4.7,0.3,4.605
2026-12-15 00:00,4.1,3.9,0.2,4.895
2026-12-15 01:00,4.0,3.9,0.1,5.248
2026-12-15 02:00,3.8,3.7,0.1,5.462
2026-12-15 03:00,4.1,4.1,0.0,5.374
2026-12-15 04:00,4.3,4.2,0.1,6.405
2026-12-15 05:00,6.2,6.0,0.1,8.684
2026-12-15 06:00,7.9,7.8,0.1,8.044
2026-12-15 07:00,7.8,7.6,0.2,6.484
2026-12-15 08:00,6.3,5.8,0.5,6.134
2026-12-15 09:00,7.3,6.3,1.0,6.713
2026-12-15 10:00,6.5,5.5,1.0,7.438
2026-12-15 11:00,6.3,5.3,1.0,7.929
2026-12-15 12:00,6.0,5.1,1.0,8.06
2026-12-15 13:00,6.1,5.3,0.8,7.766
2026-12-15 14:00,5.1,4.5,0.6,6.859
2026-12-15 15:00,5.2,4.6,0.6,5.676
2026-12-15 16:00,6.1,5.5,0.6,5.077
2026-12-15 17:00,6.4,5.7,0.7,4.569
2026-12-15 18:00,6.4,5.7,0.7,4.318
2026-12-15 19:00,6.8,6.0,0.8,4.151
2026-12-15 20:00,6.7,6.0,0.7,3.956
2026-12-15 21:00,6.8,6.2,0.6,3.951
2026-12-15 22:00,3.6,3.1,0.5,4.071
2026-12-15 23:00,2.6,2.3,0.3,4.2
2026-12-16 00:00,2.5,2.3,0.2,4.397
2026-12-16 01:00,2.3,2.2,0.1,4.561
2026-12-16 02:00,2.2,2.1,0.1,4.571
2026-12-16 03:00,2.2,2.2,0.0,4.49
2026-12-16 04:00,2.6,2.5,0.1,4.59
2026-12-16 05:00,3.9,3.8,0.1,4.679
2026-12-16 06:00,5.9,5.8,0.1,4.791
2026-12-16 07:00,5.1,4.9,0.2,4.884
2026-12-16 08:00,5.8,5.2,0.6,5.657
2026-12-16 09:00,5.2,4.2,1.0,6.437
2026-12-16 10:00,4.8,3.8,1.0,7.004
2026-12-16 11:00,4.8,3.7,1.1,7.422
2026-12-16 12:00,4.3,3.4,1.0,7.782
2026-12-16 13:00,4.4,3.6,0.8,7.817
2026-12-16 14:00,4.0,3.3,0.7,7.535
2026-12-16 15:00,4.3,3.7,0.6,7.072
2026-12-16 16:00,5.0,4.4,0.6,7.176
2026-12-16 17:00,5.2,4.6,0.6,7.147
2026-12-16 18:00,5.3,4.6,0.7,7.145
2026-12-16 19:00,5.8,5.0,0.8,7.264
2026-12-16 20:00,6.0,5.2,0.8,7.385
2026-12-16 21:00,5.3,4.7,0.6,7.563
2026-12-16 22:00,3.2,2.7,0.5,7.726
2026-12-16 23:00,2.5,2.2,0.3,7.958
2026-12-17 00:00,2.7,2.5,0.2,8.47
2026-12-17 01:00,2.7,2.6,0.1,8.883
2026-12-17 02:00,2.4,2.4,0.0,9.195
2026-12-17 03:00,2.5,2.5,0.0,9.458
2026-12-17 04:00,3.0,2.9,0.1,9.573
2026-12-17 05:00,4.5,4.2,0.3,9.611
2026-12-17 06:00,6.8,5.9,0.9,9.551
2026-12-17 07:00,6.3,5.4,0.9,9.497
2026-12-17 08:00,5.7,4.9,0.8,9.751
2026-12-17 09:00,5.3,4.6,0.7,10.356
2026-12-17 10:00,4.9,4.3,0.6,11.161
2026-12-17 11:00,4.7,4.1,0.6,12.076
2026-12-17 12:00,4.5,3.9,0.6,12.749
2026-12-17 13:00,4.2,3.7,0.5,13.079
2026-12-17 14:00,4.4,4.0,0.4,12.453
2026-12-17 15:00,4.6,4.2,0.4,11.403
2026-12-17 16:00,5.3,4.8,0.5,11.003
2026-12-17 17:00,5.5,4.9,0.6,10.852
2026-12-17 18:00,5.7,5.0,0.7,10.73
2026-12-17 19:00,6.4,5.4,1.0,10.836
2026-12-17 20:00,6.1,5.2,0.9,10.696
2026-12-17 21:00,5.6,4.7,0.8,10.461
2026-12-17 22:00,3.7,3.2,0.5,9.82
2026-12-17 23:00,3.1,2.8,0.3,8.826
2026-12-18 00:00,2.9,2.7,0.2,7.608
2026-12-18 01:00,2.8,2.6,0.1,6.721
2026-12-18 02:00,2.7,2.7,0.0,6.096
2026-12-18 03:00,2.6,2.6,0.0,5.728
2026-12-18 04:00,3.0,2.9,0.1,5.799
2026-12-18 05:00,4.8,4.5,0.3,5.886
2026-12-18 06:00,7.5,6.5,1.0,5.9
2026-12-18 07:00,6.5,5.6,0.9,5.652
2026-12-18 08:00,5.7,4.9,0.8,5.669
2026-12-18 09:00,5.0,4.4,0.6,6.971
2026-12-18 10:00,5.5,4.9,0.6,7.917
2026-12-18 11:00,4.6,4.0,0.6,8.709
2026-12-18 12:00,4.2,3.7,0.5,9.159
2026-12-18 13:00,4.5,4.0,0.5,9.027
2026-12-18 14:00,4.5,4.1,0.4,7.136
2026-12-18 15:00,4.8,4.4,0.4,4.565
2026-12-18 16:00,5.0,4.5,0.5,4.121
2026-12-18 17:00,5.4,4.8,0.6,5.011
2026-12-18 18:00,5.8,5.1,0.7,5.67
2026-12-18 19:00,6.3,5.4,0.9,5.491
2026-12-18 20:00,5.9,5.0,0.9,5.514
2026-12-18 21:00,6.1,5.2,0.9,5.683
2026-12-18 22:00,3.6,3.1,0.5,5.802
2026-12-18 23:00,3.0,2.7,0.3,5.917
2026-12-19 00:00,2.9,2.7,0.2,6.044
2026-12-19 01:00,2.6,2.6,0.1,6.214
2026-12-19 02:00,2.9,2.9,0.0,6.349
2026-12-19 03:00,2.8,2.8,0.0,6.376
2026-12-19 04:00,3.1,3.0,0.1,6.284
2026-12-19 05:00,5.7,5.4,0.4,6.127
2026-12-19 06:00,7.7,6.8,0.9,5.909
2026-12-19 07:00,8.1,7.1,1.0,5.826
2026-12-19 08:00,5.9,5.1,0.8,6.276
2026-12-19 09:00,5.5,4.9,0.6,7.846
2026-12-19 10:00,5.2,4.6,0.6,9.506
2026-12-19 11:00,5.5,4.9,0.6,10.84
2026-12-19 12:00,5.1,4.6,0.5,11.534
2026-12-19 13:00,4.9,4.4,0.5,11.353
2026-12-19 14:00,4.7,4.3,0.4,10.134
2026-12-19 15:00,5.4,4.9,0.5,8.386
2026-12-19 16:00,5.4,4.9,0.5,7.306
2026-12-19 17:00,5.7,5.1,0.6,6.627
2026-12-19 18:00,6.4,5.7,0.7,6.147
2026-12-19 19:00,6.8,5.9,0.9,5.796
2026-12-19 20:00,6.7,5.8,1.0,5.833
2026-12-19 21:00,7.0,6.0,1.0,6.008
2026-12-19 22:00,3.7,3.2,0.5,6.43
2026-12-19 23:00,3.4,3.1,0.3,6.83
2026-12-20 00:00,3.3,3.1,0.2,6.686
2026-12-20 01:00,3.0,2.9,0.1,6.412
2026-12-20 02:00,3.2,3.2,0.0,6.451
2026-12-20 03:00,3.5,3.5,0.0,6.439
2026-12-20 04:00,3.7,3.6,0.1,6.249
2026-12-20 05:00,5.9,5.6,0.3,5.906
2026-12-20 06:00,8.4,7.5,0.9,5.583
2026-12-20 07:00,7.8,6.9,0.9,5.634
2026-12-20 08:00,6.8,6.0,0.8,5.929
2026-12-20 09:00,6.1,5.5,0.6,6.389
2026-12-20 10:00,6.4,5.8,0.6,6.972
2026-12-20 11:00,5.7,5.2,0.5,7.365
2026-12-20 12:00,5.7,5.2,0.5,7.838
2026-12-20 13:00,5.3,4.8,0.5,8.3
2026-12-20 14:00,5.3,4.9,0.4,9.04
2026-12-20 15:00,5.4,5.0,0.4,9.104
2026-12-20 16:00,6.1,5.6,0.5,8.365
2026-12-20 17:00,6.2,5.6,0.6,7.781
2026-12-20 18:00,7.1,6.4,0.7,7.325
2026-12-20 19:00,7.8,6.9,1.0,6.767
2026-12-20 20:00,7.1,6.2,0.9,6.137
2026-12-20 21:00,7.1,6.2,0.9,5.863
2026-12-20 22:00,4.6,4.0,0.6,5.789
2026-12-20 23:00,3.7,3.4,0.3,5.822
2026-12-21 00:00,3.6,3.4,0.2,5.528
2026-12-21 01:00,3.4,3.3,0.1,5.083
2026-12-21 02:00,3.5,3.4,0.0,4.693
2026-12-21 03:00,3.8,3.8,0.0,4.52
2026-12-21 04:00,4.2,4.1,0.1,4.194
2026-12-21 05:00,6.3,6.0,0.3,3.902
2026-12-21 06:00,9.1,8.2,0.9,3.705
2026-12-21 07:00,8.4,7.5,0.9,3.599
2026-12-21 08:00,8.4,7.5,0.8,4.6
2026-12-21 09:00,6.9,6.3,0.6,5.724
2026-12-21 10:00,6.5,5.9,0.6,6.742
2026-12-21 11:00,6.8,6.2,0.6,7.583
2026-12-21 12:00,6.5,6.0,0.5,8.01
2026-12-21 13:00,6.5,6.0,0.5,7.882
2026-12-21 14:00,7.0,6.5,0.5,7.033
2026-12-21 15:00,6.7,6.4,0.4,5.452
2026-12-21 16:00,6.8,6.3,0.5,4.751
2026-12-21 17:00,7.5,6.9,0.6,4.618
2026-12-21 18:00,7.5,6.8,0.7,4.43
2026-12-21 19:00,8.1,7.2,0.9,4.247
2026-12-21 20:00,8.8,7.8,1.0,4.466
2026-12-21 21:00,8.5,7.6,0.9,4.391
2026-12-21 22:00,4.7,4.2,0.5,4.333
2026-12-21 23:00,4.0,3.7,0.3,4.345
2026-12-22 00:00,3.8,3.6,0.2,4.487
2026-12-22 01:00,3.9,3.8,0.1,4.71
2026-12-22 02:00,3.7,3.6,0.1,5.118
2026-12-22 03:00,3.8,3.8,0.0,5.796
2026-12-22 04:00,4.5,4.4,0.1,6.192
2026-12-22 05:00,6.4,6.3,0.1,6.035
2026-12-22 06:00,8.2,8.1,0.1,5.935
2026-12-22 07:00,7.6,7.4,0.2,6.111
2026-12-22 08:00,6.6,6.1,0.5,6.744
2026-12-22 09:00,6.6,5.7,0.9,7.514
2026-12-22 10:00,6.8,5.7,1.1,7.918
2026-12-22 11:00,6.9,5.8,1.2,8.092
2026-12-22 12:00,6.4,5.4,1.0,8.349
2026-12-22 13:00,5.8,5.0,0.8,8.577
2026-12-22 14:00,5.8,5.0,0.7,8.148
2026-12-22 15:00,5.9,5.3,0.6,7.131
2026-12-22 16:00,6.1,5.5,0.6,6.163
2026-12-22 17:00,6.4,5.8,0.6,5.576
2026-12-22 18:00,7.1,6.4,0.7,5.672
2026-12-22 19:00,7.2,6.4,0.8,6.108
2026-12-22 20:00,7.4,6.6,0.8,6.289
2026-12-22 21:00,7.2,6.6,0.6,6.209
2026-12-22 22:00,3.8,3.3,0.5,6.062
2026-12-22 23:00,3.3,3.0,0.3,6.017
2026-12-23 00:00,2.9,2.7,0.2,6.041
2026-12-23 01:00,2.9,2.8,0.1,6.099
2026-12-23 02:00,2.8,2.7,0.1,6.116
2026-12-23 03:00,2.9,2.9,0.0,6.162
2026-12-23 04:00,3.1,3.0,0.1,6.42
2026-12-23 05:00,5.0,5.0,0.1,6.556
2026-12-23 06:00,6.8,6.7,0.1,6.608
2026-12-23 07:00,6.5,6.3,0.2,6.468
2026-12-23 08:00,5.7,5.2,0.5,6.416
2026-12-23 09:00,5.5,4.6,0.9,6.559
2026-12-23 10:00,5.6,4.6,1.0,6.759
2026-12-23 11:00,5.8,4.7,1.2,6.946
2026-12-23 12:00,5.4,4.4,1.0,7.145
2026-12-23 13:00,5.2,4.4,0.8,7.16
2026-12-23 14:00,5.2,4.5,0.7,6.881
2026-12-23 15:00,5.1,4.5,0.6,6.569
2026-12-23 16:00,5.5,4.9,0.6,6.457
2026-12-23 17:00,6.3,5.6,0.7,5.951
2026-12-23 18:00,5.8,5.1,0.7,5.107
2026-12-23 19:00,6.1,5.4,0.7,4.405
2026-12-23 20:00,5.7,5.1,0.6,3.971
2026-12-23 21:00,6.5,5.9,0.6,3.918
2026-12-23 22:00,3.8,3.3,0.5,4.211
2026-12-23 23:00,3.2,2.9,0.3,4.852
2026-12-24 00:00,2.5,2.3,0.2,5.269
2026-12-24 01:00,2.2,2.1,0.1,5.649
2026-12-24 02:00,2.1,2.0,0.1,5.947
2026-12-24 03:00,1.9,1.8,0.0,5.53
2026-12-24 04:00,2.0,1.9,0.1,5.155
2026-12-24 05:00,2.5,2.4,0.1,4.919
2026-12-24 06:00,3.5,3.4,0.1,4.783
2026-12-24 07:00,3.7,3.4,0.2,4.721
2026-12-24 08:00,3.5,3.0,0.5,4.963
2026-12-24 09:00,3.7,2.7,1.0,5.482
2026-12-24 10:00,3.6,2.5,1.1,6.321
2026-12-24 11:00,3.7,2.5,1.2,7.851
2026-12-24 12:00,3.2,2.2,1.0,8.907
2026-12-24 13:00,3.1,2.3,0.8,8.889
2026-12-24 14:00,2.9,2.2,0.7,8.354
2026-12-24 15:00,2.8,2.2,0.6,7.821
2026-12-24 16:00,3.1,2.5,0.6,7.612
2026-12-24 17:00,3.8,3.2,0.6,7.324
2026-12-24 18:00,4.1,3.4,0.7,6.908
2026-12-24 19:00,4.2,3.5,0.7,6.748
2026-12-24 20:00,4.5,3.8,0.7,6.9
2026-12-24 21:00,4.5,3.9,0.6,7.026
2026-12-24 22:00,2.9,2.4,0.5,7.192
2026-12-24 23:00,2.4,2.1,0.3,7.345
2026-12-25 00:00,2.2,2.0,0.2,7.368
2026-12-25 01:00,2.1,2.0,0.1,7.352
2026-12-25 02:00,2.2,2.1,0.1,7.256
2026-12-25 03:00,2.4,2.4,0.0,7.206
2026-12-25 04:00,2.4,2.3,0.1,6.983
2026-12-25 05:00,3.5,3.4,0.1,6.606
2026-12-25 06:00,5.0,5.0,0.1,6.069
2026-12-25 07:00,4.4,4.2,0.2,5.81
2026-12-25 08:00,4.2,3.6,0.6,5.834
2026-12-25 09:00,3.9,2.9,1.0,5.969
2026-12-25 10:00,3.9,2.8,1.1,6.293
2026-12-25 11:00,3.8,2.7,1.1,6.732
2026-12-25 12:00,3.2,2.3,0.9,7.116
2026-12-25 13:00,3.1,2.3,0.8,7.147
2026-12-25 14:00,3.2,2.5,0.7,6.58
2026-12-25 15:00,3.3,2.7,0.6,5.682
2026-12-25 16:00,3.5,2.9,0.6,5.356
2026-12-25 17:00,3.7,3.1,0.6,5.162
2026-12-25 18:00,4.1,3.4,0.7,5.248
2026-12-25 19:00,4.1,3.3,0.8,5.276
2026-12-25 20:00,3.9,3.2,0.7,5.198
2026-12-25 21:00,4.0,3.4,0.6,5.013
2026-12-25 22:00,2.0,1.6,0.4,4.708
2026-12-25 23:00,2.1,1.8,0.3,4.454
2026-12-26 00:00,1.9,1.7,0.2,4.306
2026-12-26 01:00,1.9,1.8,0.1,4.063
2026-12-26 02:00,2.0,1.9,0.1,3.769
2026-12-26 03:00,2.4,2.4,0.0,3.576
2026-12-26 04:00,2.1,2.0,0.1,3.526
2026-12-26 05:00,3.0,2.9,0.1,3.402
2026-12-26 06:00,4.4,4.4,0.1,3.21
2026-12-26 07:00,3.8,3.6,0.2,2.849
2026-12-26 08:00,4.5,3.9,0.6,3.238
2026-12-26 09:00,5.5,4.4,1.1,3.882
2026-12-26 10:00,4.7,3.7,1.0,4.375
2026-12-26 11:00,5.0,3.9,1.2,4.783
2026-12-26 12:00,3.9,3.0,0.9,4.864
2026-12-26 13:00,4.0,3.2,0.8,4.632
2026-12-26 14:00,3.9,3.2,0.7,4.209
2026-12-26 15:00,4.0,3.4,0.6,3.802
2026-12-26 16:00,4.1,3.5,0.6,3.671
2026-12-26 17:00,4.6,3.9,0.7,3.474
2026-12-26 18:00,4.4,3.7,0.7,3.185
2026-12-26 19:00,4.9,4.1,0.8,2.785
2026-12-26 20:00,4.6,3.9,0.7,2.45
2026-12-26 21:00,4.8,4.2,0.6,2.446
2026-12-26 22:00,2.8,2.3,0.5,2.618
2026-12-26 23:00,2.2,1.9,0.3,2.819
2026-12-27 00:00,2.3,2.1,0.2,3.062
2026-12-27 01:00,2.1,2.0,0.1,3.26
2026-12-27 02:00,2.1,2.1,0.0,3.4
2026-12-27 03:00,2.6,2.6,0.0,3.402
2026-12-27 04:00,2.9,2.8,0.1,3.367
2026-12-27 05:00,4.4,4.1,0.3,3.292
2026-12-27 06:00,6.3,5.4,0.9,2.978
2026-12-27 07:00,6.6,5.6,1.0,2.552
2026-12-27 08:00,5.2,4.4,0.8,2.998
2026-12-27 09:00,5.4,4.7,0.7,3.795
2026-12-27 10:00,5.3,4.7,0.6,4.734
2026-12-27 11:00,4.9,4.3,0.6,5.568
2026-12-27 12:00,4.4,3.9,0.5,6.002
2026-12-27 13:00,4.3,3.8,0.5,5.9
2026-12-27 14:00,4.0,3.6,0.4,4.419
2026-12-27 15:00,4.2,3.8,0.4,2.232
2026-12-27 16:00,4.5,4.0,0.5,1.426
2026-12-27 17:00,4.8,4.2,0.6,0.775
2026-12-27 18:00,5.7,4.9,0.8,0.104
2026-12-27 19:00,5.7,4.8,0.9,-0.436
2026-12-27 20:00,6.3,5.2,1.1,-0.881
2026-12-27 21:00,5.4,4.5,1.0,-1.301
2026-12-27 22:00,3.1,2.6,0.5,-1.5
2026-12-27 23:00,2.4,2.1,0.3,-1.781
2026-12-28 00:00,2.3,2.1,0.2,-2.164
2026-12-28 01:00,2.2,2.1,0.1,-2.445
2026-12-28 02:00,1.9,1.9,0.0,-2.537
2026-12-28 03:00,2.2,2.2,0.0,-2.639
2026-12-28 04:00,2.9,2.8,0.1,-2.806
2026-12-28 05:00,4.5,4.2,0.4,-2.919
2026-12-28 06:00,6.2,5.3,0.9,-2.961
2026-12-28 07:00,5.9,5.0,1.0,-2.879
2026-12-28 08:00,5.5,4.6,0.9,-1.29
2026-12-28 09:00,5.0,4.3,0.7,0.163
2026-12-28 10:00,4.4,3.8,0.6,1.391
2026-12-28 11:00,4.2,3.7,0.5,2.454
2026-12-28 12:00,4.1,3.6,0.5,2.833
2026-12-28 13:00,4.0,3.5,0.5,2.24
2026-12-28 14:00,4.0,3.5,0.5,0.679
2026-12-28 15:00,4.4,4.0,0.4,-0.434
2026-12-28 16:00,4.8,4.3,0.5,-0.547
2026-12-28 17:00,5.2,4.6,0.6,-0.27
2026-12-28 18:00,5.6,4.8,0.8,0.009
2026-12-28 19:00,6.1,5.2,1.0,-0.234
2026-12-28 20:00,6.1,5.0,1.0,-1.08
2026-12-28 21:00,5.7,4.8,0.9,-2.354
2026-12-28 22:00,3.6,3.1,0.5,-2.503
2026-12-28 23:00,3.1,2.8,0.3,-2.617
2026-12-29 00:00,2.9,2.7,0.2,-2.597
2026-12-29 01:00,2.8,2.7,0.1,-2.515
2026-12-29 02:00,3.1,3.0,0.1,-2.644
2026-12-29 03:00,2.9,2.9,0.0,-2.805
2026-12-29 04:00,3.5,3.4,0.1,-2.312
2026-12-29 05:00,5.1,5.0,0.1,-2.06
2026-12-29 06:00,7.0,6.9,0.1,-1.88
2026-12-29 07:00,6.2,6.0,0.2,-1.644
2026-12-29 08:00,5.9,5.4,0.5,-1.031
2026-12-29 09:00,5.5,4.6,0.9,-0.096
2026-12-29 10:00,6.0,4.9,1.1,0.855
2026-12-29 11:00,5.6,4.5,1.1,1.349
2026-12-29 12:00,5.2,4.2,1.0,1.55
2026-12-29 13:00,5.1,4.3,0.8,1.717
2026-12-29 14:00,4.7,4.0,0.7,1.256
2026-12-29 15:00,5.1,4.5,0.6,-0.083
2026-12-29 16:00,5.4,4.8,0.6,-0.184
2026-12-29 17:00,5.7,5.0,0.7,-0.084
2026-12-29 18:00,5.8,5.1,0.7,0.218
2026-12-29 19:00,6.1,5.3,0.8,0.587
2026-12-29 20:00,5.8,5.1,0.7,0.69
2026-12-29 21:00,5.9,5.3,0.6,0.733
2026-12-29 22:00,3.6,3.1,0.5,0.803
2026-12-29 23:00,2.7,2.4,0.3,0.66
2026-12-30 00:00,2.1,1.9,0.2,0.179
2026-12-30 01:00,2.3,2.2,0.1,-0.186
2026-12-30 02:00,2.2,2.1,0.1,-0.366
2026-12-30 03:00,2.1,2.1,0.0,-0.513
2026-12-30 04:00,2.4,2.3,0.1,-0.605
2026-12-30 05:00,3.5,3.4,0.1,-0.675
2026-12-30 06:00,5.0,4.9,0.1,-0.732
2026-12-30 07:00,4.8,4.6,0.2,-0.705
2026-12-30 08:00,4.1,3.6,0.5,0.435
2026-12-30 09:00,4.1,3.2,0.9,2.031
2026-12-30 10:00,4.4,3.3,1.1,3.719
2026-12-30 11:00,4.2,3.1,1.1,5.111
2026-12-30 12:00,3.5,2.6,0.9,5.863
2026-12-30 13:00,3.7,2.9,0.8,5.696
2026-12-30 14:00,3.8,3.1,0.7,3.996
2026-12-30 15:00,3.7,3.1,0.6,1.566
2026-12-30 16:00,4.1,3.6,0.6,0.772
2026-12-30 17:00,4.1,3.5,0.6,0.121
2026-12-30 18:00,4.1,3.4,0.7,-0.313
2026-12-30 19:00,4.2,3.5,0.7,-0.378
2026-12-30 20:00,5.0,4.2,0.8,-0.282
2026-12-30 21:00,4.0,3.4,0.6,-0.09
2026-12-30 22:00,2.4,1.9,0.5,0.23
2026-12-30 23:00,1.8,1.6,0.3,0.424
2026-12-31 00:00,2.2,2.0,0.2,0.372
2026-12-31 01:00,2.1,2.0,0.1,0.179
2026-12-31 02:00,2.1,2.0,0.1,0.215
2026-12-31 03:00,2.3,2.3,0.0,0.068
2026-12-31 04:00,3.1,3.0,0.1,0.413
2026-12-31 05:00,4.3,4.2,0.1,0.886
2026-12-31 06:00,6.0,6.0,0.1,1.058
2026-12-31 07:00,5.7,5.5,0.2,1.047
2026-12-31 08:00,5.3,4.8,0.5,1.262
2026-12-31 09:00,5.6,4.6,1.0,1.883
2026-12-31 10:00,5.3,4.2,1.1,2.475
2026-12-31 11:00,5.8,4.7,1.1,3.219
2026-12-31 12:00,4.8,3.9,0.9,3.863
2026-12-31 13:00,4.6,3.8,0.8,3.948
2026-12-31 14:00,4.7,4.0,0.7,3.113
2026-12-31 15:00,4.8,4.2,0.6,1.961
2026-12-31 16:00,4.9,4.3,0.6,1.931
2026-12-31 17:00,5.3,4.6,0.7,1.81
2026-12-31 18:00,5.7,4.9,0.8,1.616
2026-12-31 19:00,5.6,4.8,0.8,1.449
2026-12-31 20:00,6.0,5.3,0.7,1.141
2026-12-31 21:00,5.2,4.6,0.6,0.377
2026-12-31 22:00,3.2,2.7,0.5,-0.572
2026-12-31 23:00,2.8,2.5,0.3,-1.444
