Zeit (TT-MM hh:mm);Waerme gesamt (kW);Zone 2-Raumwaerme (kW);Zone 2-Trinkwarmwasser (kW);Temp C
01.01.2026 00:00;1,9;1,700000048;0,200000003;6,286
01.01.2026 01:00;1,8;1,700000048;0,100000001;5,997
01.01.2026 02:00;1,9;1,799999952;0,100000001;5,705
01.01.2026 03:00;1,7;1,700000048;0;5,534
01.01.2026 04:00;1,9;1,799999952;0,100000001;5,451
01.01.2026 05:00;2,7;2,599999905;0,100000001;5,241
01.01.2026 06:00;3,7;3,599999905;0,100000001;5,217
01.01.2026 07:00;3,5;3,299999952;0,200000003;5,286
01.01.2026 08:00;3,6;3,099999905;0,5;5,491
01.01.2026 09:00;3,8;2,799999952;1;5,688
01.01.2026 10:00;3,8;2,700000048;1,100000024;5,828
01.01.2026 11:00;3,4;2,299999952;1,100000024;5,999
01.01.2026 12:00;3;2;1;6,31
01.01.2026 13:00;2,6;1,799999952;0,800000012;6,725
01.01.2026 14:00;2,9;2,200000048;0,699999988;6,698
01.01.2026 15:00;3;2,400000095;0,600000024;6,085
01.01.2026 16:00;2,7;2,099999905;0,600000024;5,25
01.01.2026 17:00;2,7;2,099999905;0,600000024;4,751
01.01.2026 18:00;3;2,299999952;0,699999988;4,214
01.01.2026 19:00;3,1;2,400000095;0,699999988;3,543
01.01.2026 20:00;3,2;2,5;0,699999988;3
01.01.2026 21:00;3;2,400000095;0,600000024;2,71
01.01.2026 22:00;1,6;1,100000024;0,5;2,373
01.01.2026 23:00;1,2;0,899999976;0,300000012;1,691
02.01.2026 00:00;1,2;1;0,200000003;1,013
02.01.2026 01:00;2;1,899999976;0,100000001;1,227
02.01.2026 02:00;1,8;1,799999952;0;1,679
02.01.2026 03:00;2;2;0;1,818
02.01.2026 04:00;2,7;2,599999905;0,100000001;1,477
02.01.2026 05:00;3,9;3,599999905;0,300000012;1,127
02.01.2026 06:00;6,5;5,5;1;0,765
02.01.2026 07:00;6;5,099999905;0,899999976;0,51
02.01.2026 08:00;5,3;4,5;0,800000012;1,148
02.01.2026 09:00;5,1;4,400000095;0,699999988;2,368
02.01.2026 10:00;4,7;4,099999905;0,600000024;3,581
02.01.2026 11:00;4,5;4;0,5;4,443
02.01.2026 12:00;4,3;3,799999952;0,5;4,72
02.01.2026 13:00;4,4;3,900000095;0,5;4,549
02.01.2026 14:00;4;3,599999905;0,400000006;3,514
02.01.2026 15:00;4,2;3,799999952;0,400000006;1,164
02.01.2026 16:00;4,8;4,300000191;0,5;0,193
02.01.2026 17:00;4,9;4,300000191;0,600000024;-0,57
02.01.2026 18:00;5,7;5;0,699999988;-1,408
02.01.2026 19:00;5,9;5;0,899999976;-2,167
02.01.2026 20:00;6,1;5,199999809;0,899999976;-2,645
02.01.2026 21:00;6,6;5,599999905;1;-2,733
02.01.2026 22:00;4,1;3,599999905;0,5;-2,325
02.01.2026 23:00;3,7;3,400000095;0,300000012;-1,55
03.01.2026 00:00;3,8;3,599999905;0,200000003;-0,877
03.01.2026 01:00;3,5;3,400000095;0,100000001;-0,699
03.01.2026 02:00;3,3;3,299999952;0;-0,711
03.01.2026 03:00;3,2;3,200000048;0;-0,693
03.01.2026 04:00;3,7;3,599999905;0,100000001;-0,576
03.01.2026 05:00;5,7;5,300000191;0,400000006;-0,261
03.01.2026 06:00;7,6;6,599999905;1;0,114
03.01.2026 07:00;7;6;1;0,414
03.01.2026 08:00;5,5;4,699999809;0,800000012;0,861
03.01.2026 09:00;4,7;4,099999905;0,600000024;1,458
03.01.2026 10:00;5,1;4,5;0,600000024;2,221
03.01.2026 11:00;4,4;3,900000095;0,5;2,915
03.01.2026 12:00;4,4;3,900000095;0,5;3,333
03.01.2026 13:00;4,3;3,799999952;0,5;3,431
03.01.2026 14:00;4,3;3,799999952;0,5;3,076
03.01.2026 15:00;3,9;3,5;0,400000006;2,237
03.01.2026 16:00;4;3,5;0,5;2,097
03.01.2026 17:00;4,5;3,799999952;0,699999988;1,97
03.01.2026 18:00;4,3;3,599999905;0,699999988;1,588
03.01.2026 19:00;5,4;4,5;0,899999976;1,191
03.01.2026 20:00;5,7;4,699999809;1;0,779
03.01.2026 21:00;5;4,199999809;0,800000012;0,71
03.01.2026 22:00;3,3;2,799999952;0,5;0,869
03.01.2026 23:00;2,7;2,400000095;0,300000012;0,809
04.01.2026 00:00;2,7;2,5;0,200000003;0,573
04.01.2026 01:00;2,7;2,599999905;0,100000001;0,357
04.01.2026 02:00;2,7;2,700000048;0;0,226
04.01.2026 03:00;2,9;2,900000095;0;0,213
04.01.2026 04:00;3,3;3,200000048;0,100000001;0,258
04.01.2026 05:00;4,9;4,599999905;0,300000012;0,321
04.01.2026 06:00;7;6,099999905;0,899999976;0,467
04.01.2026 07:00;7,4;6,400000095;1;0,651
04.01.2026 08:00;6,2;5,400000095;0,800000012;0,945
04.01.2026 09:00;5;4,400000095;0,600000024;1,26
04.01.2026 10:00;5,2;4,599999905;0,600000024;1,682
04.01.2026 11:00;5,1;4,599999905;0,5;2,364
04.01.2026 12:00;4,8;4,300000191;0,5;2,969
04.01.2026 13:00;4,7;4,199999809;0,5;3,146
04.01.2026 14:00;4,7;4,199999809;0,5;2,976
04.01.2026 15:00;4,9;4,5;0,400000006;2,51
04.01.2026 16:00;5,4;4,900000095;0,5;2,143
04.01.2026 17:00;5,4;4,800000191;0,600000024;1,808
04.01.2026 18:00;5,7;5;0,699999988;1,599
04.01.2026 19:00;6,1;5,199999809;0,899999976;1,52
04.01.2026 20:00;6,3;5,400000095;1;1,548
04.01.2026 21:00;5,9;5;0,899999976;1,699
04.01.2026 22:00;3,6;3,099999905;0,5;1,947
04.01.2026 23:00;3;2,700000048;0,300000012;2,178
05.01.2026 00:00;2,8;2,599999905;0,200000003;2,37
05.01.2026 01:00;2,6;2,5;0,100000001;2,523
05.01.2026 02:00;2,4;2,400000095;0;2,683
05.01.2026 03:00;2,4;2,400000095;0;2,903
05.01.2026 04:00;2,8;2,599999905;0,100000001;3,359
05.01.2026 05:00;4,4;4,099999905;0,300000012;3,898
05.01.2026 06:00;6,3;5,400000095;0,899999976;3,974
05.01.2026 07:00;6,6;5,599999905;1;4,009
05.01.2026 08:00;5,8;5;0,800000012;4,222
05.01.2026 09:00;5,2;4,599999905;0,600000024;4,58
05.01.2026 10:00;5,4;4,800000191;0,600000024;4,986
05.01.2026 11:00;5,1;4,5;0,600000024;5,414
05.01.2026 12:00;4,2;3,700000048;0,5;5,644
05.01.2026 13:00;4,3;3,799999952;0,5;5,597
05.01.2026 14:00;4,5;4;0,5;5,424
05.01.2026 15:00;4,6;4,199999809;0,400000006;5,162
05.01.2026 16:00;4,9;4,400000095;0,5;4,937
05.01.2026 17:00;5,1;4,5;0,600000024;4,743
05.01.2026 18:00;6,6;5,900000095;0,699999988;4,563
05.01.2026 19:00;7,1;6,099999905;1;4,387
05.01.2026 20:00;6,9;5,900000095;1;4,261
05.01.2026 21:00;6,5;5,599999905;1;4,163
05.01.2026 22:00;3,9;3,400000095;0,5;3,995
05.01.2026 23:00;3,6;3,299999952;0,300000012;3,819
06.01.2026 00:00;3,4;3,200000048;0,200000003;3,679
06.01.2026 01:00;3,3;3,200000048;0,100000001;3,573
06.01.2026 02:00;3,1;3;0,100000001;3,598
06.01.2026 03:00;3,2;3,200000048;0;3,518
06.01.2026 04:00;4;3,900000095;0,100000001;3,398
06.01.2026 05:00;5,3;5,199999809;0,100000001;3,278
06.01.2026 06:00;7,2;7,099999905;0,100000001;3,112
06.01.2026 07:00;6,7;6,5;0,200000003;2,934
06.01.2026 08:00;6,2;5,699999809;0,5;2,928
06.01.2026 09:00;6,5;5,5;1;3,156
06.01.2026 10:00;6,3;5,199999809;1,100000024;3,615
06.01.2026 11:00;5,9;4,800000191;1,100000024;4,237
06.01.2026 12:00;5,7;4,800000191;0,899999976;4,733
06.01.2026 13:00;5,4;4,599999905;0,800000012;5
06.01.2026 14:00;5,5;4,800000191;0,699999988;4,716
06.01.2026 15:00;5,8;5,199999809;0,600000024;3,8
06.01.2026 16:00;5,5;4,900000095;0,600000024;3,367
06.01.2026 17:00;6,2;5,5;0,699999988;2,976
06.01.2026 18:00;6,2;5,5;0,699999988;2,485
06.01.2026 19:00;6,7;5,900000095;0,800000012;2,135
06.01.2026 20:00;7,1;6,300000191;0,800000012;1,876
06.01.2026 21:00;6,6;6;0,600000024;1,647
06.01.2026 22:00;3,8;3,299999952;0,5;1,665
06.01.2026 23:00;3,7;3,400000095;0,300000012;1,656
07.01.2026 00:00;3,3;3,099999905;0,200000003;1,593
07.01.2026 01:00;3,5;3,400000095;0,100000001;1,504
07.01.2026 02:00;3,2;3,099999905;0,100000001;1,52
07.01.2026 03:00;3,3;3,299999952;0;1,38
07.01.2026 04:00;3,8;3,700000048;0,100000001;1,235
07.01.2026 05:00;5;5;0,100000001;1,265
07.01.2026 06:00;7,2;7,099999905;0,100000001;1,345
07.01.2026 07:00;6,9;6,699999809;0,200000003;1,353
07.01.2026 08:00;6,6;6;0,600000024;1,693
07.01.2026 09:00;5,8;4,800000191;1;2,563
07.01.2026 10:00;5,8;4,699999809;1,100000024;3,531
07.01.2026 11:00;5,9;4,800000191;1,200000048;4,371
07.01.2026 12:00;5,4;4,400000095;1;4,835
07.01.2026 13:00;5,5;4,699999809;0,800000012;4,844
07.01.2026 14:00;4,7;4,099999905;0,600000024;4,596
07.01.2026 15:00;5,5;4,900000095;0,600000024;4,456
07.01.2026 16:00;5,7;5,099999905;0,600000024;4,612
07.01.2026 17:00;6,2;5,5;0,699999988;4,749
07.01.2026 18:00;6,9;6,099999905;0,800000012;5,004
07.01.2026 19:00;7,3;6,5;0,800000012;5,067
07.01.2026 20:00;6,8;6,099999905;0,699999988;5,415
07.01.2026 21:00;6,5;5,900000095;0,600000024;5,796
07.01.2026 22:00;3,7;3,299999952;0,400000006;6,057
07.01.2026 23:00;3,1;2,799999952;0,300000012;6,558
08.01.2026 00:00;3;2,799999952;0,200000003;6,855
08.01.2026 01:00;2,8;2,700000048;0,100000001;6,495
08.01.2026 02:00;2,6;2,599999905;0;5,455
08.01.2026 03:00;2,6;2,599999905;0;4,667
08.01.2026 04:00;3,5;3,400000095;0,100000001;4,23
08.01.2026 05:00;5,5;5,199999809;0,300000012;4,039
08.01.2026 06:00;7,4;6,5;0,899999976;4,088
08.01.2026 07:00;7,5;6,5;1;4,354
08.01.2026 08:00;6,2;5,400000095;0,800000012;4,742
08.01.2026 09:00;5,9;5,199999809;0,699999988;5,047
08.01.2026 10:00;5,5;4,900000095;0,600000024;5,356
08.01.2026 11:00;5,3;4,699999809;0,600000024;5,556
08.01.2026 12:00;4,9;4,400000095;0,5;5,59
08.01.2026 13:00;4,7;4,199999809;0,5;5,842
08.01.2026 14:00;5,3;4,800000191;0,5;5,798
08.01.2026 15:00;5,1;4,599999905;0,400000006;5,375
08.01.2026 16:00;5,5;5;0,5;4,923
08.01.2026 17:00;5,7;5,099999905;0,600000024;4,579
08.01.2026 18:00;6,4;5,699999809;0,699999988;4,372
08.01.2026 19:00;6,7;5,800000191;0,899999976;4,2
08.01.2026 20:00;7,2;6,199999809;1;4,011
08.01.2026 21:00;6,8;5,900000095;0,899999976;3,855
08.01.2026 22:00;4;3,5;0,5;3,674
08.01.2026 23:00;3,3;3;0,300000012;3,493
09.01.2026 00:00;3;2,799999952;0,200000003;3,365
09.01.2026 01:00;2,8;2,700000048;0,100000001;3,186
09.01.2026 02:00;3;3;0;3,011
09.01.2026 03:00;3;3;0;2,89
09.01.2026 04:00;3,4;3,299999952;0,100000001;2,736
09.01.2026 05:00;4,6;4,300000191;0,300000012;2,593
09.01.2026 06:00;7,1;6,199999809;0,899999976;2,457
09.01.2026 07:00;7,2;6,199999809;1;2,247
09.01.2026 08:00;5,8;5;0,800000012;2,222
09.01.2026 09:00;5,7;5;0,699999988;2,566
09.01.2026 10:00;5;4,400000095;0,600000024;3,364
09.01.2026 11:00;4,8;4,199999809;0,600000024;4,109
09.01.2026 12:00;4,4;3,900000095;0,5;4,373
09.01.2026 13:00;4,5;4;0,5;4,201
09.01.2026 14:00;4,6;4,099999905;0,5;3,52
09.01.2026 15:00;4,2;3,799999952;0,400000006;2,363
09.01.2026 16:00;4,6;4;0,5;1,346
09.01.2026 17:00;4,7;4,099999905;0,600000024;0,508
09.01.2026 18:00;5,4;4,699999809;0,699999988;0,105
09.01.2026 19:00;5,8;5;0,899999976;-0,051
09.01.2026 20:00;5,8;4,900000095;1;-0,147
09.01.2026 21:00;5,6;4,699999809;0,899999976;-0,344
09.01.2026 22:00;3,5;2,900000095;0,600000024;-0,653
09.01.2026 23:00;2,7;2,400000095;0,300000012;-1,441
10.01.2026 00:00;2,4;2,200000048;0,200000003;-2,364
10.01.2026 01:00;2,2;2,099999905;0,100000001;-2,992
10.01.2026 02:00;2,2;2,200000048;0;-2,96
10.01.2026 03:00;2,5;2,5;0;-2,581
10.01.2026 04:00;3;2,900000095;0,100000001;-2,081
10.01.2026 05:00;4,4;4,099999905;0,300000012;-1,832
10.01.2026 06:00;6,8;5,900000095;0,899999976;-1,719
10.01.2026 07:00;6,5;5,599999905;1;-1,62
10.01.2026 08:00;5,6;4,800000191;0,800000012;-1,296
10.01.2026 09:00;5,1;4,400000095;0,699999988;-0,812
10.01.2026 10:00;4,9;4,300000191;0,600000024;-0,277
10.01.2026 11:00;4,4;3,900000095;0,5;0,13
10.01.2026 12:00;4,4;3,799999952;0,600000024;0,333
10.01.2026 13:00;4;3,5;0,5;0,35
10.01.2026 14:00;4,3;3,799999952;0,5;0,032
10.01.2026 15:00;3,9;3,5;0,400000006;-0,847
10.01.2026 16:00;4,5;4;0,5;-1,019
10.01.2026 17:00;5,1;4,5;0,600000024;-0,98
10.01.2026 18:00;5,8;5;0,800000012;-1,057
10.01.2026 19:00;5,8;4,900000095;0,899999976;-1,257
10.01.2026 20:00;6,1;5,099999905;1;-1,287
10.01.2026 21:00;6;5;1;-1,171
10.01.2026 22:00;3,3;2,799999952;0,5;-0,953
10.01.2026 23:00;2,6;2,299999952;0,300000012;-0,941
11.01.2026 00:00;2,5;2,299999952;0,200000003;-0,926
11.01.2026 01:00;2,3;2,200000048;0,100000001;-0,81
11.01.2026 02:00;2,2;2,200000048;0;-0,69
11.01.2026 03:00;2,2;2,200000048;0;-0,51
11.01.2026 04:00;2,6;2,5;0,100000001;-0,453
11.01.2026 05:00;4;3,700000048;0,300000012;-0,313
11.01.2026 06:00;6,6;5,599999905;1;-0,041
11.01.2026 07:00;5,7;4,800000191;0,899999976;0,28
11.01.2026 08:00;5;4,199999809;0,800000012;0,717
11.01.2026 09:00;4,6;3,900000095;0,699999988;1,383
11.01.2026 10:00;4,1;3,400000095;0,600000024;2,329
11.01.2026 11:00;4,2;3,599999905;0,600000024;3,26
11.01.2026 12:00;3,8;3,299999952;0,5;3,773
11.01.2026 13:00;3,9;3,400000095;0,5;3,973
11.01.2026 14:00;3,4;3;0,400000006;4,29
11.01.2026 15:00;3,7;3,299999952;0,400000006;4,429
11.01.2026 16:00;4,2;3,700000048;0,5;4,546
11.01.2026 17:00;4,6;4;0,600000024;4,771
11.01.2026 18:00;5;4,300000191;0,699999988;4,948
11.01.2026 19:00;5,2;4,300000191;0,899999976;4,949
11.01.2026 20:00;5,5;4,5;1;4,938
11.01.2026 21:00;4,6;3,799999952;0,800000012;4,963
11.01.2026 22:00;3,2;2,599999905;0,5;4,897
11.01.2026 23:00;2,8;2,5;0,300000012;4,695
12.01.2026 00:00;2,6;2,400000095;0,200000003;4,434
12.01.2026 01:00;2,4;2,299999952;0,100000001;4,092
12.01.2026 02:00;2,4;2,400000095;0;3,932
12.01.2026 03:00;2,5;2,5;0;3,777
12.01.2026 04:00;2,8;2,700000048;0,100000001;3,637
12.01.2026 05:00;4,2;3,900000095;0,300000012;3,509
12.01.2026 06:00;6,2;5,300000191;0,899999976;3,388
12.01.2026 07:00;6,2;5,199999809;1;3,237
12.01.2026 08:00;5,3;4,5;0,800000012;3,143
12.01.2026 09:00;5;4,300000191;0,699999988;3,449
12.01.2026 10:00;4,4;3,799999952;0,600000024;3,958
12.01.2026 11:00;4,4;3,799999952;0,600000024;4,543
12.01.2026 12:00;4;3,5;0,5;4,94
12.01.2026 13:00;4,3;3,799999952;0,5;4,922
12.01.2026 14:00;4,3;3,799999952;0,5;4,955
12.01.2026 15:00;4,1;3,700000048;0,400000006;5,115
12.01.2026 16:00;4,7;4,199999809;0,5;5,359
12.01.2026 17:00;4,8;4,199999809;0,600000024;5,623
12.01.2026 18:00;5,7;4,900000095;0,800000012;5,666
12.01.2026 19:00;5,7;4,800000191;0,899999976;5,6
12.01.2026 20:00;6,2;5,199999809;1;5,574
12.01.2026 21:00;5,7;4,800000191;0,899999976;5,491
12.01.2026 22:00;3,7;3,200000048;0,5;5,44
12.01.2026 23:00;3;2,700000048;0,300000012;5,258
13.01.2026 00:00;3,4;3,200000048;0,200000003;5,211
13.01.2026 01:00;3,4;3,299999952;0,100000001;5,345
13.01.2026 02:00;3,6;3,5;0,100000001;5,411
13.01.2026 03:00;3,4;3,400000095;0;5,383
13.01.2026 04:00;3,9;3,799999952;0,100000001;5,378
13.01.2026 05:00;5,8;5,699999809;0,100000001;5,391
13.01.2026 06:00;7,3;7,199999809;0,100000001;5,864
13.01.2026 07:00;7;6,800000191;0,200000003;6,418
13.01.2026 08:00;6,5;6;0,5;6,771
13.01.2026 09:00;6,6;5,599999905;1;7,029
13.01.2026 10:00;6,4;5,300000191;1,100000024;7,216
13.01.2026 11:00;6,5;5,400000095;1,100000024;7,395
13.01.2026 12:00;6;5;1;7,463
13.01.2026 13:00;6,4;5,5;0,800000012;7,465
13.01.2026 14:00;5,7;5;0,699999988;7,428
13.01.2026 15:00;5,4;4,800000191;0,600000024;7,381
13.01.2026 16:00;6,4;5,800000191;0,600000024;7,375
13.01.2026 17:00;6,1;5,5;0,600000024;7,414
13.01.2026 18:00;5,9;5,400000095;0,600000024;7,433
13.01.2026 19:00;7,2;6,400000095;0,800000012;7,298
13.01.2026 20:00;7,5;6,699999809;0,800000012;6,859
13.01.2026 21:00;7,5;6,900000095;0,600000024;6,278
13.01.2026 22:00;4,4;3,900000095;0,5;5,785
13.01.2026 23:00;3,4;3,099999905;0,300000012;5,394
14.01.2026 00:00;3,6;3,400000095;0,200000003;5,33
14.01.2026 01:00;3,5;3,400000095;0,100000001;5,299
14.01.2026 02:00;3,4;3,299999952;0,100000001;5,193
14.01.2026 03:00;3,6;3,599999905;0;5,083
14.01.2026 04:00;4,3;4,199999809;0,100000001;4,998
14.01.2026 05:00;6,1;6;0,100000001;4,747
14.01.2026 06:00;8,8;8,699999809;0,100000001;4,479
14.01.2026 07:00;7,9;7,699999809;0,200000003;4,285
14.01.2026 08:00;6,9;6,400000095;0,5;4,227
14.01.2026 09:00;8;7;1;4,224
14.01.2026 10:00;7,8;6,699999809;1,100000024;4,459
14.01.2026 11:00;7,1;6;1,100000024;4,731
14.01.2026 12:00;7,2;6,199999809;1;4,895
14.01.2026 13:00;6,6;5,800000191;0,800000012;4,731
14.01.2026 14:00;5,8;5,199999809;0,600000024;4,047
14.01.2026 15:00;6,5;5,900000095;0,600000024;2,941
14.01.2026 16:00;7;6,400000095;0,600000024;2,165
14.01.2026 17:00;7,6;6,900000095;0,699999988;1,601
14.01.2026 18:00;7,6;6,900000095;0,699999988;1,268
14.01.2026 19:00;8,1;7,400000095;0,699999988;0,797
14.01.2026 20:00;9,5;8,699999809;0,800000012;0,363
14.01.2026 21:00;8,7;8,100000381;0,600000024;0,366
14.01.2026 22:00;5,4;5;0,5;0,264
14.01.2026 23:00;4,8;4,5;0,300000012;0,265
15.01.2026 00:00;4,6;4,400000095;0,200000003;0,192
15.01.2026 01:00;4,5;4,400000095;0,100000001;0,167
15.01.2026 02:00;4,2;4,199999809;0;-0,011
15.01.2026 03:00;4,4;4,400000095;0;0,064
15.01.2026 04:00;6;5,900000095;0,100000001;0,118
15.01.2026 05:00;8,5;8,199999809;0,300000012;0,248
15.01.2026 06:00;11,4;10,5;0,899999976;0,917
15.01.2026 07:00;11,1;10,19999981;0,899999976;1,4
15.01.2026 08:00;9,4;8,600000381;0,800000012;2,21
15.01.2026 09:00;9,3;8,600000381;0,699999988;3,068
15.01.2026 10:00;8,7;8,100000381;0,600000024;4,156
15.01.2026 11:00;9;8,399999619;0,600000024;5,309
15.01.2026 12:00;7,2;6,699999809;0,5;6,036
15.01.2026 13:00;7,9;7,400000095;0,5;6,211
15.01.2026 14:00;6,9;6,5;0,400000006;5,815
15.01.2026 15:00;7,6;7,199999809;0,400000006;5,033
15.01.2026 16:00;8,3;7,800000191;0,5;4,565
15.01.2026 17:00;8,8;8,199999809;0,600000024;4,365
15.01.2026 18:00;9,2;8,5;0,699999988;4,177
15.01.2026 19:00;10,9;9,800000191;1;4,058
15.01.2026 20:00;10,3;9,399999619;0,899999976;4,12
15.01.2026 21:00;11,2;10,19999981;1;4,136
15.01.2026 22:00;6,4;5,900000095;0,5;4,197
15.01.2026 23:00;5,6;5,300000191;0,300000012;4,442
16.01.2026 00:00;5,8;5,599999905;0,200000003;4,551
16.01.2026 01:00;5,3;5,199999809;0,100000001;4,337
16.01.2026 02:00;5,5;5,5;0;3,941
16.01.2026 03:00;5,1;5,099999905;0;3,51
16.01.2026 04:00;5,8;5,699999809;0,100000001;3,067
16.01.2026 05:00;8,6;8,300000191;0,300000012;2,288
16.01.2026 06:00;12,6;11,60000038;1;1,935
16.01.2026 07:00;12,1;11,10000038;1;2,17
16.01.2026 08:00;9,6;8,800000191;0,800000012;2,741
16.01.2026 09:00;8,6;7,900000095;0,699999988;3,371
16.01.2026 10:00;8,5;7,900000095;0,600000024;4,278
16.01.2026 11:00;7,8;7,199999809;0,600000024;5,073
16.01.2026 12:00;7,3;6,800000191;0,5;5,333
16.01.2026 13:00;6,9;6,400000095;0,5;5,295
16.01.2026 14:00;6,8;6,400000095;0,400000006;4,802
16.01.2026 15:00;7,5;7;0,5;3,771
16.01.2026 16:00;8;7,5;0,5;3,132
16.01.2026 17:00;8,7;8,100000381;0,600000024;2,88
16.01.2026 18:00;9,6;8,899999619;0,699999988;2,524
16.01.2026 19:00;10,3;9,399999619;0,899999976;1,999
16.01.2026 20:00;10,9;9,899999619;1;1,684
16.01.2026 21:00;10,1;9,199999809;0,899999976;1,739
16.01.2026 22:00;6,3;5,800000191;0,5;2,166
16.01.2026 23:00;5;4,699999809;0,300000012;2,631
17.01.2026 00:00;4,9;4,699999809;0,200000003;2,891
17.01.2026 01:00;4,2;4,099999905;0,100000001;3,175
17.01.2026 02:00;5,2;5,199999809;0;3,288
17.01.2026 03:00;5,1;5,099999905;0;3,151
17.01.2026 04:00;6,3;6,199999809;0,100000001;2,997
17.01.2026 05:00;8,7;8,399999619;0,300000012;2,952
17.01.2026 06:00;12,1;11,19999981;0,899999976;2,834
17.01.2026 07:00;12,5;11,5;1;2,577
17.01.2026 08:00;10,4;9,600000381;0,800000012;2,866
17.01.2026 09:00;9,1;8,399999619;0,699999988;3,571
17.01.2026 10:00;8,2;7,599999905;0,600000024;4,315
17.01.2026 11:00;7,8;7,199999809;0,600000024;4,663
17.01.2026 12:00;7;6,5;0,5;4,327
17.01.2026 13:00;7;6,5;0,5;3,506
17.01.2026 14:00;6,7;6,199999809;0,5;2,765
17.01.2026 15:00;6,7;6,300000191;0,400000006;2,102
17.01.2026 16:00;8,2;7,599999905;0,5;1,54
17.01.2026 17:00;8,4;7,800000191;0,600000024;1,179
17.01.2026 18:00;9,2;8,5;0,699999988;0,98
17.01.2026 19:00;10,6;9,600000381;1;0,85
17.01.2026 20:00;10,7;9,699999809;1;0,706
17.01.2026 21:00;9,1;8,199999809;0,800000012;0,601
17.01.2026 22:00;5,7;5,199999809;0,5;0,331
17.01.2026 23:00;5,4;5,099999905;0,300000012;-0,04
18.01.2026 00:00;4,9;4,699999809;0,200000003;-0,621
18.01.2026 01:00;4,7;4,599999905;0,100000001;-1,289
18.01.2026 02:00;4,6;4,599999905;0;-1,93
18.01.2026 03:00;4,9;4,900000095;0;-2,292
18.01.2026 04:00;5,3;5,199999809;0,100000001;-2,499
18.01.2026 05:00;7,6;7,300000191;0,300000012;-2,698
18.01.2026 06:00;11;10,10000038;0,899999976;-2,975
18.01.2026 07:00;10,3;9,399999619;0,899999976;-3,181
18.01.2026 08:00;9,2;8,399999619;0,800000012;-2,39
18.01.2026 09:00;8;7,300000191;0,699999988;-0,952
18.01.2026 10:00;6,9;6,400000095;0,5;0,989
18.01.2026 11:00;7,3;6,699999809;0,600000024;2,158
18.01.2026 12:00;6,6;6;0,5;2,525
18.01.2026 13:00;6,3;5,800000191;0,5;2,41
18.01.2026 14:00;6,4;5,900000095;0,5;1,254
18.01.2026 15:00;6,2;5,800000191;0,400000006;-0,791
18.01.2026 16:00;7,3;6,800000191;0,5;-1,866
18.01.2026 17:00;7,3;6,699999809;0,600000024;-2,282
18.01.2026 18:00;8,4;7,599999905;0,800000012;-2,27
18.01.2026 19:00;8,4;7,5;0,899999976;-2,191
18.01.2026 20:00;8,8;7,800000191;1;-2,193
18.01.2026 21:00;8,7;7,699999809;1;-2,217
18.01.2026 22:00;4,6;4,099999905;0,5;-2,274
18.01.2026 23:00;4,1;3,799999952;0,300000012;-2,32
19.01.2026 00:00;3,4;3,200000048;0,200000003;-2,381
19.01.2026 01:00;3,2;3,099999905;0,100000001;-2,501
19.01.2026 02:00;2,9;2,900000095;0;-2,706
19.01.2026 03:00;3,5;3,5;0;-2,933
19.01.2026 04:00;3,3;3,200000048;0,100000001;-3,152
19.01.2026 05:00;4,7;4,400000095;0,300000012;-3,309
19.01.2026 06:00;7,3;6,400000095;0,899999976;-3,372
19.01.2026 07:00;6,5;5,599999905;0,899999976;-3,248
19.01.2026 08:00;5,9;5;0,800000012;-2,272
19.01.2026 09:00;5,3;4,599999905;0,699999988;-0,842
19.01.2026 10:00;4,9;4,400000095;0,600000024;0,891
19.01.2026 11:00;4,4;3,799999952;0,600000024;1,927
19.01.2026 12:00;3,9;3,400000095;0,5;2,292
19.01.2026 13:00;4;3,5;0,5;2,119
19.01.2026 14:00;4,3;3,900000095;0,400000006;0,679
19.01.2026 15:00;4,3;3,900000095;0,400000006;-1,998
19.01.2026 16:00;5,1;4,599999905;0,5;-2,793
19.01.2026 17:00;5;4,400000095;0,600000024;-2,797
19.01.2026 18:00;6;5,199999809;0,800000012;-2,941
19.01.2026 19:00;5,8;4,900000095;0,899999976;-3,157
19.01.2026 20:00;6,1;5,199999809;0,899999976;-3,382
19.01.2026 21:00;6,1;5,199999809;0,899999976;-3,604
19.01.2026 22:00;3,5;3;0,5;-3,846
19.01.2026 23:00;3,1;2,799999952;0,300000012;-4,076
20.01.2026 00:00;3,2;3;0,200000003;-4,277
20.01.2026 01:00;2,8;2,700000048;0,100000001;-4,438
20.01.2026 02:00;3,6;3,5;0,100000001;-4,557
20.01.2026 03:00;3,2;3,200000048;0;-4,605
20.01.2026 04:00;3,5;3,400000095;0,100000001;-4,62
20.01.2026 05:00;6;5,900000095;0,100000001;-4,638
20.01.2026 06:00;7,3;7,199999809;0,100000001;-4,671
20.01.2026 07:00;7,4;7,199999809;0,200000003;-4,482
20.01.2026 08:00;7;6,5;0,5;-2,971
20.01.2026 09:00;7;6;1;-1,401
20.01.2026 10:00;7,5;6,400000095;1,200000048;-0,098
20.01.2026 11:00;6,9;5,800000191;1,100000024;0,753
20.01.2026 12:00;6,9;5,900000095;1;1,235
20.01.2026 13:00;5,9;5,099999905;0,800000012;1,198
20.01.2026 14:00;5,9;5,199999809;0,699999988;0,15
20.01.2026 15:00;6,2;5,599999905;0,600000024;-2,251
20.01.2026 16:00;6,5;5,900000095;0,600000024;-3,233
20.01.2026 17:00;6,3;5,699999809;0,600000024;-3,452
20.01.2026 18:00;6,9;6,199999809;0,699999988;-3,636
20.01.2026 19:00;7,8;7;0,800000012;-3,814
20.01.2026 20:00;8,5;7,699999809;0,800000012;-3,992
20.01.2026 21:00;8;7,400000095;0,600000024;-4,169
20.01.2026 22:00;4,9;4,400000095;0,5;-4,391
20.01.2026 23:00;4;3,599999905;0,300000012;-4,601
21.01.2026 00:00;4;3,799999952;0,200000003;-4,745
21.01.2026 01:00;3,9;3,799999952;0,100000001;-4,892
21.01.2026 02:00;3,9;3,799999952;0,100000001;-5,189
21.01.2026 03:00;3,9;3,900000095;0;-5,49
21.01.2026 04:00;4,3;4,199999809;0,100000001;-5,79
21.01.2026 05:00;5,8;5,699999809;0,100000001;-6,066
21.01.2026 06:00;7,4;7,300000191;0,100000001;-6,426
21.01.2026 07:00;7,1;6,900000095;0,200000003;-6,615
21.01.2026 08:00;7,1;6,5;0,600000024;-5,138
21.01.2026 09:00;6,2;5,300000191;1;-3,58
21.01.2026 10:00;5,6;4,599999905;1;-1,56
21.01.2026 11:00;5,5;4,400000095;1,100000024;-0,08
21.01.2026 12:00;5,3;4,300000191;1;0,611
21.01.2026 13:00;5,2;4,400000095;0,800000012;0,779
21.01.2026 14:00;4,9;4,199999809;0,699999988;0,046
21.01.2026 15:00;5;4,400000095;0,600000024;-1,508
21.01.2026 16:00;5,1;4,5;0,600000024;-2,332
21.01.2026 17:00;5,7;5,099999905;0,600000024;-3,014
21.01.2026 18:00;6,8;6;0,800000012;-3,873
21.01.2026 19:00;6,6;5,800000191;0,800000012;-4,842
21.01.2026 20:00;6,5;5,800000191;0,699999988;-5,69
21.01.2026 21:00;6,2;5,599999905;0,600000024;-6,235
21.01.2026 22:00;3,7;3,200000048;0,5;-6,605
21.01.2026 23:00;2,9;2,599999905;0,300000012;-6,903
22.01.2026 00:00;2,7;2,5;0,200000003;-7,119
22.01.2026 01:00;2,5;2,400000095;0,100000001;-7,219
22.01.2026 02:00;2,7;2,700000048;0;-7,25
22.01.2026 03:00;3;3;0;-7,297
22.01.2026 04:00;3,3;3,200000048;0,100000001;-7,318
22.01.2026 05:00;4,8;4,5;0,300000012;-7,271
22.01.2026 06:00;7;6,099999905;0,899999976;-7,177
22.01.2026 07:00;6,8;5,900000095;0,899999976;-6,944
22.01.2026 08:00;6;5,199999809;0,800000012;-5,978
22.01.2026 09:00;5,6;4,900000095;0,699999988;-4,456
22.01.2026 10:00;5,7;5,099999905;0,600000024;-2,885
22.01.2026 11:00;5,8;5,199999809;0,600000024;-1,704
22.01.2026 12:00;5;4,5;0,5;-1,036
22.01.2026 13:00;4,9;4,400000095;0,5;-0,928
22.01.2026 14:00;4,8;4,300000191;0,5;-1,385
22.01.2026 15:00;4,8;4,300000191;0,5;-2,255
22.01.2026 16:00;5;4,5;0,5;-2,841
22.01.2026 17:00;4,9;4,300000191;0,600000024;-3,111
22.01.2026 18:00;5,6;4,900000095;0,699999988;-3,274
22.01.2026 19:00;6,3;5,400000095;0,899999976;-3,395
22.01.2026 20:00;6,5;5,5;1;-3,538
22.01.2026 21:00;6,6;5,599999905;1;-3,547
22.01.2026 22:00;3,4;2,900000095;0,5;-3,476
22.01.2026 23:00;3,7;3,400000095;0,300000012;-3,493
23.01.2026 00:00;3,2;3;0,200000003;-3,479
23.01.2026 01:00;2,9;2,799999952;0,100000001;-3,409
23.01.2026 02:00;3,3;3,299999952;0;-3,335
23.01.2026 03:00;2,8;2,799999952;0;-3,309
23.01.2026 04:00;3,6;3,5;0,100000001;-3,413
23.01.2026 05:00;5,5;5,199999809;0,300000012;-3,667
23.01.2026 06:00;8;7,099999905;0,899999976;-3,898
23.01.2026 07:00;7,4;6,5;0,899999976;-3,936
23.01.2026 08:00;6,2;5,400000095;0,800000012;-3,204
23.01.2026 09:00;6,1;5,400000095;0,699999988;-2,383
23.01.2026 10:00;6,3;5,599999905;0,600000024;-1,683
23.01.2026 11:00;6;5,400000095;0,600000024;-1,169
23.01.2026 12:00;5,3;4,800000191;0,5;-0,887
23.01.2026 13:00;5,4;4,900000095;0,5;-0,861
23.01.2026 14:00;4,7;4,300000191;0,400000006;-1,181
23.01.2026 15:00;5,6;5,199999809;0,400000006;-2,324
23.01.2026 16:00;5,9;5,400000095;0,5;-3,253
23.01.2026 17:00;6,3;5,699999809;0,600000024;-3,639
23.01.2026 18:00;6,1;5,5;0,600000024;-4,065
23.01.2026 19:00;6,8;5,900000095;0,899999976;-4,416
23.01.2026 20:00;7,2;6,300000191;1;-4,713
23.01.2026 21:00;6,8;5,900000095;0,899999976;-4,994
23.01.2026 22:00;4,5;4;0,5;-5,174
23.01.2026 23:00;3,8;3,599999905;0,300000012;-5,386
24.01.2026 00:00;3,7;3,5;0,200000003;-5,479
24.01.2026 01:00;3,8;3,700000048;0,100000001;-5,625
24.01.2026 02:00;3,7;3,700000048;0;-5,683
24.01.2026 03:00;3,7;3,700000048;0;-5,664
24.01.2026 04:00;4,3;4,199999809;0,100000001;-5,697
24.01.2026 05:00;6,9;6,599999905;0,400000006;-5,776
24.01.2026 06:00;9,6;8,699999809;1;-5,807
24.01.2026 07:00;8,7;7,800000191;0,899999976;-5,608
24.01.2026 08:00;8;7,199999809;0,800000012;-4,437
24.01.2026 09:00;6,9;6,199999809;0,699999988;-3,681
24.01.2026 10:00;6,6;6;0,600000024;-3,248
24.01.2026 11:00;5,6;5,099999905;0,5;-2,814
24.01.2026 12:00;6,2;5,699999809;0,5;-2,421
24.01.2026 13:00;6,2;5,699999809;0,5;-2,227
24.01.2026 14:00;6,1;5,599999905;0,5;-2,467
24.01.2026 15:00;6;5,599999905;0,400000006;-3,562
24.01.2026 16:00;6,3;5,800000191;0,5;-4,241
24.01.2026 17:00;6,8;6,199999809;0,600000024;-4,315
24.01.2026 18:00;7,4;6,699999809;0,699999988;-4,44
24.01.2026 19:00;7,3;6,5;0,800000012;-4,509
24.01.2026 20:00;7,6;6,599999905;0,899999976;-4,78
24.01.2026 21:00;8,1;7,199999809;0,899999976;-5,012
24.01.2026 22:00;5,2;4,699999809;0,5;-5,143
24.01.2026 23:00;4,2;3,900000095;0,300000012;-5,091
25.01.2026 00:00;4,1;3,900000095;0,200000003;-5,108
25.01.2026 01:00;4,2;4,099999905;0,100000001;-5,048
25.01.2026 02:00;4;4;0;-4,957
25.01.2026 03:00;4,4;4,400000095;0;-4,992
25.01.2026 04:00;4,8;4,699999809;0,100000001;-5,022
25.01.2026 05:00;6,9;6,599999905;0,300000012;-5,026
25.01.2026 06:00;9,9;9;0,899999976;-5,022
25.01.2026 07:00;10,2;9,199999809;1;-4,806
25.01.2026 08:00;8,4;7,599999905;0,800000012;-3,258
25.01.2026 09:00;6,8;6,199999809;0,600000024;-1,704
25.01.2026 10:00;6,7;6,099999905;0,600000024;-0,279
25.01.2026 11:00;6,9;6,300000191;0,600000024;0,743
25.01.2026 12:00;6,3;5,800000191;0,5;1,512
25.01.2026 13:00;7;6,5;0,5;1,714
25.01.2026 14:00;6,4;5,900000095;0,5;1,241
25.01.2026 15:00;6;5,599999905;0,400000006;0,454
25.01.2026 16:00;7;6,5;0,5;0,185
25.01.2026 17:00;7,9;7,199999809;0,699999988;0,058
25.01.2026 18:00;8;7,300000191;0,699999988;-0,043
25.01.2026 19:00;8,8;7,900000095;1;0,113
25.01.2026 20:00;8,2;7,300000191;0,899999976;0,406
25.01.2026 21:00;8,5;7,599999905;0,899999976;0,899
25.01.2026 22:00;4,9;4,400000095;0,5;1,399
25.01.2026 23:00;4;3,700000048;0,300000012;1,801
26.01.2026 00:00;3,7;3,5;0,200000003;2,283
26.01.2026 01:00;3,6;3,5;0,100000001;2,7
26.01.2026 02:00;3,8;3,799999952;0;3,317
26.01.2026 03:00;4;4;0;3,806
26.01.2026 04:00;4,6;4,5;0,100000001;3,626
26.01.2026 05:00;6,9;6,599999905;0,300000012;3,346
26.01.2026 06:00;10,6;9,600000381;1;3,514
26.01.2026 07:00;9,5;8,600000381;1;3,402
26.01.2026 08:00;8,6;7,699999809;0,800000012;3,6
26.01.2026 09:00;7,6;7;0,699999988;3,591
26.01.2026 10:00;6,8;6,199999809;0,600000024;3,773
26.01.2026 11:00;7,1;6,5;0,600000024;4,436
26.01.2026 12:00;7;6,5;0,5;4,946
26.01.2026 13:00;6,2;5,699999809;0,5;4,986
26.01.2026 14:00;6,6;6,099999905;0,5;4,354
26.01.2026 15:00;6,4;6;0,400000006;3,511
26.01.2026 16:00;7;6,5;0,5;3,282
26.01.2026 17:00;8;7,300000191;0,699999988;3,418
26.01.2026 18:00;8;7,300000191;0,699999988;3,386
26.01.2026 19:00;8,7;7,800000191;0,899999976;3,105
26.01.2026 20:00;8,5;7,599999905;1;2,867
26.01.2026 21:00;8,6;7,699999809;1;2,855
26.01.2026 22:00;4,9;4,400000095;0,5;2,744
26.01.2026 23:00;4,1;3,799999952;0,300000012;2,785
27.01.2026 00:00;3,8;3,599999905;0,200000003;2,791
27.01.2026 01:00;3,8;3,700000048;0,100000001;2,971
27.01.2026 02:00;4;3,900000095;0,100000001;3,219
27.01.2026 03:00;4;4;0;3,386
27.01.2026 04:00;4,6;4,5;0,100000001;3,174
27.01.2026 05:00;6,7;6,599999905;0,100000001;2,698
27.01.2026 06:00;9,1;9;0,100000001;2,405
27.01.2026 07:00;8,5;8,300000191;0,200000003;2,654
27.01.2026 08:00;7,9;7,400000095;0,5;3,704
27.01.2026 09:00;7,4;6,400000095;1;4,765
27.01.2026 10:00;6,9;5,900000095;1;5,097
27.01.2026 11:00;6,5;5,400000095;1,100000024;4,493
27.01.2026 12:00;6,3;5,300000191;1;3,783
27.01.2026 13:00;6,3;5,5;0,800000012;3,616
27.01.2026 14:00;6,2;5,5;0,699999988;3,581
27.01.2026 15:00;6,2;5,599999905;0,600000024;3,246
27.01.2026 16:00;6,5;5,900000095;0,600000024;2,689
27.01.2026 17:00;6,7;6,099999905;0,600000024;2,085
27.01.2026 18:00;8,2;7,400000095;0,800000012;1,641
27.01.2026 19:00;7,8;7,099999905;0,699999988;1,343
27.01.2026 20:00;8,3;7,599999905;0,699999988;1,169
27.01.2026 21:00;8,4;7,800000191;0,600000024;0,938
27.01.2026 22:00;4,8;4,300000191;0,5;0,777
27.01.2026 23:00;4,1;3,799999952;0,300000012;0,668
28.01.2026 00:00;4,3;4,099999905;0,200000003;0,616
28.01.2026 01:00;3,8;3,700000048;0,100000001;0,587
28.01.2026 02:00;4,3;4,199999809;0,100000001;0,572
28.01.2026 03:00;4,3;4,300000191;0;0,44
28.01.2026 04:00;4,5;4,400000095;0,100000001;0,41
28.01.2026 05:00;7;6,900000095;0,100000001;0,44
28.01.2026 06:00;10,8;10,69999981;0,100000001;0,48
28.01.2026 07:00;9,3;9,100000381;0,200000003;0,586
28.01.2026 08:00;8,2;7,699999809;0,5;0,885
28.01.2026 09:00;8,7;7,599999905;1,100000024;1,443
28.01.2026 10:00;8,1;7;1,100000024;1,947
28.01.2026 11:00;8,3;7,099999905;1,200000048;2,089
28.01.2026 12:00;7,3;6,300000191;1;2,028
28.01.2026 13:00;6,8;6;0,800000012;1,924
28.01.2026 14:00;6,3;5,599999905;0,600000024;1,814
28.01.2026 15:00;6,6;6;0,600000024;1,653
28.01.2026 16:00;7,2;6,599999905;0,600000024;1,481
28.01.2026 17:00;7,5;6,900000095;0,600000024;1,293
28.01.2026 18:00;8,3;7,599999905;0,699999988;1,059
28.01.2026 19:00;9,3;8,5;0,800000012;0,806
28.01.2026 20:00;8,8;8,100000381;0,699999988;0,637
28.01.2026 21:00;8,4;7,800000191;0,600000024;0,415
28.01.2026 22:00;5;4,5;0,5;0,145
28.01.2026 23:00;4,3;4;0,300000012;-0,13
29.01.2026 00:00;4,6;4,400000095;0,200000003;-0,298
29.01.2026 01:00;4,1;4;0,100000001;-0,44
29.01.2026 02:00;4;4;0;-0,61
29.01.2026 03:00;4,6;4,599999905;0;-0,796
29.01.2026 04:00;5,1;5;0,100000001;-1,01
29.01.2026 05:00;7,6;7,300000191;0,300000012;-1,258
29.01.2026 06:00;10,8;9,899999619;0,899999976;-1,44
29.01.2026 07:00;10;9,100000381;0,899999976;-1,512
29.01.2026 08:00;8,9;8,100000381;0,800000012;-0,764
29.01.2026 09:00;8,7;8;0,699999988;0,473
29.01.2026 10:00;7,6;7;0,600000024;1,795
29.01.2026 11:00;7,6;7;0,5;2,679
29.01.2026 12:00;7,5;7;0,5;3,121
29.01.2026 13:00;7,4;6,900000095;0,5;3,016
29.01.2026 14:00;6,9;6,5;0,400000006;2,179
29.01.2026 15:00;7,3;6,900000095;0,400000006;-0,12
29.01.2026 16:00;7,8;7,300000191;0,5;-1,799
29.01.2026 17:00;8,2;7,599999905;0,600000024;-1,746
29.01.2026 18:00;9,7;8,899999619;0,800000012;-1,566
29.01.2026 19:00;9,2;8,300000191;0,899999976;-1,445
29.01.2026 20:00;10,5;9,5;1;-1,353
29.01.2026 21:00;9,7;8,800000191;0,899999976;-1,323
29.01.2026 22:00;5,5;5;0,5;-1,582
29.01.2026 23:00;4,9;4,599999905;0,300000012;-1,713
30.01.2026 00:00;4,4;4,199999809;0,200000003;-1,718
30.01.2026 01:00;4,4;4,300000191;0,100000001;-1,715
30.01.2026 02:00;4,7;4,699999809;0;-1,64
30.01.2026 03:00;4,6;4,599999905;0;-1,64
30.01.2026 04:00;5,3;5,199999809;0,100000001;-1,701
30.01.2026 05:00;8,1;7,800000191;0,300000012;-1,768
30.01.2026 06:00;10,6;9,699999809;0,899999976;-1,763
30.01.2026 07:00;10,2;9,300000191;0,899999976;-1,615
30.01.2026 08:00;9,2;8,399999619;0,800000012;-1,135
30.01.2026 09:00;8,4;7,699999809;0,699999988;-0,49
30.01.2026 10:00;8,3;7,699999809;0,600000024;0,179
30.01.2026 11:00;8,1;7,5;0,600000024;0,669
30.01.2026 12:00;7,6;7,099999905;0,5;0,887
30.01.2026 13:00;7,4;6,900000095;0,5;0,713
30.01.2026 14:00;7,2;6,800000191;0,400000006;0,159
30.01.2026 15:00;7,6;7,199999809;0,400000006;-0,663
30.01.2026 16:00;8,5;8;0,5;-1,142
30.01.2026 17:00;8,6;8;0,600000024;-1,209
30.01.2026 18:00;8,9;8,199999809;0,699999988;-1,177
30.01.2026 19:00;10,3;9,300000191;1;-0,969
30.01.2026 20:00;9,8;8,800000191;1;-0,643
30.01.2026 21:00;8,6;7,800000191;0,800000012;-0,386
30.01.2026 22:00;5,2;4,699999809;0,5;-0,636
30.01.2026 23:00;4,8;4,5;0,300000012;-1,359
31.01.2026 00:00;4,6;4,400000095;0,200000003;-2,713
31.01.2026 01:00;4,3;4,199999809;0,100000001;-3,849
31.01.2026 02:00;4,4;4,400000095;0;-4,823
31.01.2026 03:00;4,7;4,699999809;0;-5,352
31.01.2026 04:00;5,4;5,300000191;0,100000001;-5,442
31.01.2026 05:00;7,8;7,5;0,300000012;-4,83
31.01.2026 06:00;11,7;10,80000019;0,899999976;-4,102
31.01.2026 07:00;11,3;10,39999962;0,899999976;-3,293
31.01.2026 08:00;9,9;9;0,800000012;-2,13
31.01.2026 09:00;9,3;8,600000381;0,699999988;-1,062
31.01.2026 10:00;8,6;8;0,600000024;-0,158
31.01.2026 11:00;8,6;8;0,600000024;0,447
31.01.2026 12:00;8,7;8,100000381;0,600000024;0,843
31.01.2026 13:00;7,6;7;0,5;0,882
31.01.2026 14:00;7,4;7;0,400000006;0,573
31.01.2026 15:00;8;7,5;0,5;-0,848
31.01.2026 16:00;8,3;7,800000191;0,5;-2,455
31.01.2026 17:00;8,7;8,100000381;0,600000024;-3,533
31.01.2026 18:00;9,4;8,699999809;0,699999988;-4,237
31.01.2026 19:00;11;10;0,899999976;-4,233
31.01.2026 20:00;11,1;10,10000038;1;-3,744
31.01.2026 21:00;10,8;9,899999619;0,899999976;-2,953
31.01.2026 22:00;6,3;5,800000191;0,5;-2,229
31.01.2026 23:00;5,6;5,400000095;0,300000012;-1,816
01.02.2026 00:00;5,6;5,400000095;0,200000003;-1,447
01.02.2026 01:00;5,5;5,400000095;0,100000001;-1,159
01.02.2026 02:00;5,3;5,300000191;0;-1,152
01.02.2026 03:00;5,3;5,300000191;0;-0,97
01.02.2026 04:00;6,2;6,099999905;0,100000001;-1,081
01.02.2026 05:00;9,5;9,199999809;0,300000012;-1,758
01.02.2026 06:00;13,7;12,80000019;1;-1,76
01.02.2026 07:00;12,6;11,69999981;0,899999976;-1,157
01.02.2026 08:00;11,4;10,60000038;0,800000012;1,104
01.02.2026 09:00;10,3;9,600000381;0,699999988;2,062
01.02.2026 10:00;10;9,399999619;0,600000024;2,823
01.02.2026 11:00;9,5;9;0,5;3,469
01.02.2026 12:00;8,9;8,399999619;0,5;3,935
01.02.2026 13:00;8,6;8,100000381;0,5;3,559
01.02.2026 14:00;9;8,5;0,5;2,635
01.02.2026 15:00;9,3;8,800000191;0,5;1,298
01.02.2026 16:00;9,5;9;0,5;0,159
01.02.2026 17:00;10,5;9,800000191;0,699999988;-0,175
01.02.2026 18:00;10,3;9,600000381;0,699999988;-0,462
01.02.2026 19:00;10,8;10;0,899999976;-0,463
01.02.2026 20:00;11;10,10000038;1;-0,279
01.02.2026 21:00;11,5;10,5;1;-0,092
01.02.2026 22:00;6,1;5,599999905;0,5;-0,025
01.02.2026 23:00;5,3;5;0,300000012;0,001
02.02.2026 00:00;4,9;4,699999809;0,200000003;-0,054
02.02.2026 01:00;4,2;4,099999905;0,100000001;0,07
02.02.2026 02:00;4,8;4,800000191;0;0,156
02.02.2026 03:00;4,7;4,699999809;0;-0,152
02.02.2026 04:00;5,4;5,300000191;0,100000001;-0,328
02.02.2026 05:00;7,3;7;0,300000012;-0,372
02.02.2026 06:00;11,4;10,5;0,899999976;-0,564
02.02.2026 07:00;11,5;10,5;1;-0,554
02.02.2026 08:00;8,6;7,800000191;0,800000012;0,456
02.02.2026 09:00;8;7,400000095;0,600000024;1,176
02.02.2026 10:00;7,9;7,300000191;0,600000024;1,74
02.02.2026 11:00;7,9;7,300000191;0,600000024;2,15
02.02.2026 12:00;8;7,400000095;0,600000024;2,169
02.02.2026 13:00;7,2;6,699999809;0,5;1,917
02.02.2026 14:00;7,2;6,599999905;0,5;1,368
02.02.2026 15:00;7,3;6,900000095;0,400000006;0,365
02.02.2026 16:00;7,6;7,099999905;0,5;-0,542
02.02.2026 17:00;8,8;8,199999809;0,600000024;-0,738
02.02.2026 18:00;8,5;7,800000191;0,699999988;-0,928
02.02.2026 19:00;9,3;8,399999619;0,899999976;-1,26
02.02.2026 20:00;10,2;9,199999809;1;-1,567
02.02.2026 21:00;9,4;8,5;0,899999976;-1,778
02.02.2026 22:00;5,6;5,099999905;0,5;-1,937
02.02.2026 23:00;4,4;4,099999905;0,300000012;-2,058
03.02.2026 00:00;4,4;4,199999809;0,200000003;-2,086
03.02.2026 01:00;4;3,900000095;0,100000001;-2,298
03.02.2026 02:00;4;3,900000095;0,100000001;-2,395
03.02.2026 03:00;3,9;3,900000095;0;-2,377
03.02.2026 04:00;4,3;4,199999809;0,100000001;-2,391
03.02.2026 05:00;6,1;6;0,100000001;-2,393
03.02.2026 06:00;9,1;9;0,100000001;-2,244
03.02.2026 07:00;8,4;8,199999809;0,200000003;-1,706
03.02.2026 08:00;7,6;7;0,5;-0,551
03.02.2026 09:00;7,5;6,5;1;0,527
03.02.2026 10:00;6,7;5,699999809;1;1,425
03.02.2026 11:00;6,4;5,400000095;1;2,173
03.02.2026 12:00;6,4;5,400000095;1;2,712
03.02.2026 13:00;6,1;5,300000191;0,800000012;2,854
03.02.2026 14:00;5,9;5,199999809;0,699999988;2,478
03.02.2026 15:00;6,4;5,800000191;0,600000024;1,173
03.02.2026 16:00;6,3;5,699999809;0,600000024;-0,202
03.02.2026 17:00;6,7;6,099999905;0,600000024;-0,665
03.02.2026 18:00;7,1;6,400000095;0,699999988;-1,349
03.02.2026 19:00;8,6;7,800000191;0,800000012;-2,117
03.02.2026 20:00;8,6;7,800000191;0,800000012;-2,861
03.02.2026 21:00;7,8;7,199999809;0,600000024;-2,988
03.02.2026 22:00;4,7;4,300000191;0,400000006;-2,223
03.02.2026 23:00;4,4;4;0,300000012;-1,897
04.02.2026 00:00;3,5;3,299999952;0,200000003;-1,929
04.02.2026 01:00;3,7;3,599999905;0,100000001;-2,239
04.02.2026 02:00;3,1;3;0,100000001;-2,592
04.02.2026 03:00;3,5;3,5;0;-3,12
04.02.2026 04:00;3,6;3,5;0,100000001;-3,683
04.02.2026 05:00;4,7;4,599999905;0,100000001;-4,179
04.02.2026 06:00;6,7;6,599999905;0,100000001;-4,624
04.02.2026 07:00;7,1;6,900000095;0,200000003;-4,224
04.02.2026 08:00;5,9;5,400000095;0,600000024;-2,259
04.02.2026 09:00;5,8;4,800000191;1;-0,235
04.02.2026 10:00;5,5;4,400000095;1,100000024;1,325
04.02.2026 11:00;5,4;4,400000095;1,100000024;2,167
04.02.2026 12:00;5,5;4,5;1;2,545
04.02.2026 13:00;5;4,199999809;0,800000012;2,349
04.02.2026 14:00;4,8;4,099999905;0,699999988;1,787
04.02.2026 15:00;4,6;4;0,600000024;1,153
04.02.2026 16:00;4,7;4,099999905;0,600000024;0,699
04.02.2026 17:00;4,8;4,199999809;0,600000024;0,568
04.02.2026 18:00;5,4;4,599999905;0,699999988;0,435
04.02.2026 19:00;5,9;5,099999905;0,800000012;0,105
04.02.2026 20:00;5,2;4,5;0,699999988;0,153
04.02.2026 21:00;5,2;4,599999905;0,600000024;0,31
04.02.2026 22:00;2,6;2,200000048;0,400000006;0,302
04.02.2026 23:00;2,2;1,899999976;0,300000012;0,178
05.02.2026 00:00;1,8;1,600000024;0,200000003;0,098
05.02.2026 01:00;1,7;1,600000024;0,100000001;0,111
05.02.2026 02:00;1,6;1,600000024;0;0,125
05.02.2026 03:00;1,7;1,700000048;0;0,227
05.02.2026 04:00;2;1,799999952;0,100000001;0,031
05.02.2026 05:00;3,3;3;0,300000012;-0,269
05.02.2026 06:00;4,8;3,900000095;0,899999976;-0,538
05.02.2026 07:00;4,9;3,900000095;1;-0,323
05.02.2026 08:00;4,1;3,299999952;0,800000012;0,584
05.02.2026 09:00;3,6;3;0,600000024;1,202
05.02.2026 10:00;3,2;2,599999905;0,600000024;1,831
05.02.2026 11:00;3,4;2,799999952;0,600000024;2,407
05.02.2026 12:00;3,1;2,599999905;0,5;3,006
05.02.2026 13:00;3,2;2,700000048;0,5;3,361
05.02.2026 14:00;3,1;2,700000048;0,400000006;3,069
05.02.2026 15:00;3,4;2,900000095;0,5;1,697
05.02.2026 16:00;3,5;3;0,5;0,152
05.02.2026 17:00;3,3;2,700000048;0,600000024;-0,69
05.02.2026 18:00;3,8;3,099999905;0,699999988;-1,369
05.02.2026 19:00;3,9;3;0,899999976;-1,55
05.02.2026 20:00;4,1;3,200000048;0,899999976;-1,37
05.02.2026 21:00;4;3,099999905;0,899999976;-1,463
05.02.2026 22:00;2,3;1,799999952;0,5;-1,78
05.02.2026 23:00;1,9;1,600000024;0,300000012;-1,998
06.02.2026 00:00;1,6;1,399999976;0,200000003;-2,15
06.02.2026 01:00;1,7;1,600000024;0,100000001;-2,14
06.02.2026 02:00;1,6;1,600000024;0;-1,93
06.02.2026 03:00;1,7;1,700000048;0;-1,598
06.02.2026 04:00;2;1,899999976;0,100000001;-1,265
06.02.2026 05:00;3,3;3;0,300000012;-1,096
06.02.2026 06:00;5;4,099999905;0,899999976;-1,113
06.02.2026 07:00;4,9;4;0,899999976;-0,969
06.02.2026 08:00;4,2;3,400000095;0,800000012;-0,134
06.02.2026 09:00;3,8;3,200000048;0,600000024;1,249
06.02.2026 10:00;4;3,400000095;0,600000024;2,807
06.02.2026 11:00;3,4;2,900000095;0,5;4,308
06.02.2026 12:00;3,2;2,700000048;0,5;5,105
06.02.2026 13:00;3,4;2,900000095;0,5;5,135
06.02.2026 14:00;3,5;3;0,5;4,37
06.02.2026 15:00;3,7;3,299999952;0,400000006;2,745
06.02.2026 16:00;3,9;3,400000095;0,5;1,324
06.02.2026 17:00;4,1;3,5;0,600000024;1,185
06.02.2026 18:00;4,6;3,900000095;0,699999988;1,043
06.02.2026 19:00;5,3;4,400000095;0,899999976;1,095
06.02.2026 20:00;5,4;4,400000095;1;1,298
06.02.2026 21:00;5;4,099999905;0,899999976;1,313
06.02.2026 22:00;3;2,5;0,5;1,231
06.02.2026 23:00;2,5;2,200000048;0,300000012;1,241
07.02.2026 00:00;2,4;2,200000048;0,200000003;1,153
07.02.2026 01:00;2,5;2,400000095;0,100000001;1,012
07.02.2026 02:00;2,2;2,200000048;0;0,938
07.02.2026 03:00;2,6;2,599999905;0;0,922
07.02.2026 04:00;2,9;2,799999952;0,100000001;0,965
07.02.2026 05:00;4,4;4,099999905;0,300000012;0,978
07.02.2026 06:00;6,4;5,5;1;1,113
07.02.2026 07:00;6,4;5,400000095;1;1,522
07.02.2026 08:00;5,4;4,599999905;0,800000012;2,714
07.02.2026 09:00;5;4,300000191;0,699999988;3,805
07.02.2026 10:00;4,2;3,599999905;0,600000024;4,997
07.02.2026 11:00;4,1;3,5;0,600000024;6,257
07.02.2026 12:00;3,3;2,799999952;0,5;7,027
07.02.2026 13:00;3;2,400000095;0,5;7,169
07.02.2026 14:00;2,6;2,200000048;0,400000006;6,485
07.02.2026 15:00;2,7;2,299999952;0,400000006;5,276
07.02.2026 16:00;3,1;2,599999905;0,5;4,125
07.02.2026 17:00;3,8;3,200000048;0,600000024;4,023
07.02.2026 18:00;4,3;3,599999905;0,699999988;3,942
07.02.2026 19:00;4,5;3,599999905;0,899999976;3,757
07.02.2026 20:00;5,2;4,199999809;1;3,282
07.02.2026 21:00;4,8;3,900000095;1;2,568
07.02.2026 22:00;2,5;2;0,5;2,549
07.02.2026 23:00;2,1;1,799999952;0,300000012;1,921
08.02.2026 00:00;2,1;1,899999976;0,200000003;1,531
08.02.2026 01:00;2,2;2,099999905;0,100000001;1,537
08.02.2026 02:00;2,5;2,5;0;1,553
08.02.2026 03:00;2,6;2,599999905;0;1,425
08.02.2026 04:00;3;2,900000095;0,100000001;1,583
08.02.2026 05:00;5,2;4,900000095;0,300000012;2,287
08.02.2026 06:00;7,3;6,400000095;0,899999976;2,456
08.02.2026 07:00;7,4;6,400000095;1;2,894
08.02.2026 08:00;6,1;5,300000191;0,800000012;3,958
08.02.2026 09:00;5,7;5;0,699999988;4,981
08.02.2026 10:00;4,8;4,199999809;0,600000024;5,715
08.02.2026 11:00;4,6;4,099999905;0,5;6,207
08.02.2026 12:00;4,9;4,300000191;0,600000024;6,25
08.02.2026 13:00;4,7;4,199999809;0,5;5,919
08.02.2026 14:00;3,9;3,599999905;0,400000006;5,553
08.02.2026 15:00;4;3,599999905;0,400000006;5,359
08.02.2026 16:00;4,7;4,300000191;0,400000006;5,217
08.02.2026 17:00;5,5;4,900000095;0,600000024;5,167
08.02.2026 18:00;6,3;5,599999905;0,699999988;5,022
08.02.2026 19:00;7;6,099999905;0,899999976;4,764
08.02.2026 20:00;7,9;6,900000095;1;4,505
08.02.2026 21:00;8,1;7,099999905;1;4,402
08.02.2026 22:00;5,1;4,599999905;0,5;4,332
08.02.2026 23:00;4,7;4,400000095;0,300000012;4,25
09.02.2026 00:00;4,8;4,599999905;0,200000003;4,211
09.02.2026 01:00;4,4;4,300000191;0,100000001;4,101
09.02.2026 02:00;4,4;4,400000095;0;4,163
09.02.2026 03:00;4,7;4,699999809;0;4,118
09.02.2026 04:00;5;4,900000095;0,100000001;4,653
09.02.2026 05:00;7,3;7;0,300000012;5,082
09.02.2026 06:00;10,4;9,5;1;5,435
09.02.2026 07:00;9,1;8,199999809;0,899999976;5,763
09.02.2026 08:00;7,7;6,900000095;0,800000012;6,304
09.02.2026 09:00;6,6;5,900000095;0,699999988;7,01
09.02.2026 10:00;5,8;5,199999809;0,600000024;7,62
09.02.2026 11:00;5,5;4,900000095;0,600000024;8,063
09.02.2026 12:00;4,9;4,400000095;0,5;8,23
09.02.2026 13:00;5,1;4,599999905;0,5;7,972
09.02.2026 14:00;4,8;4,300000191;0,5;7,597
09.02.2026 15:00;4,4;4;0,400000006;7,155
09.02.2026 16:00;5,4;4,900000095;0,5;6,483
09.02.2026 17:00;5,9;5,300000191;0,600000024;6,028
09.02.2026 18:00;6,5;5,800000191;0,699999988;5,568
09.02.2026 19:00;6;5,199999809;0,800000012;5,091
09.02.2026 20:00;7,4;6,400000095;1;4,7
09.02.2026 21:00;7;6,099999905;0,899999976;4,194
09.02.2026 22:00;4;3,5;0,5;3,99
09.02.2026 23:00;3,5;3,200000048;0,300000012;3,962
10.02.2026 00:00;3,2;3;0,200000003;3,863
10.02.2026 01:00;3;2,900000095;0,100000001;3,651
10.02.2026 02:00;3;2,900000095;0,100000001;3,276
10.02.2026 03:00;2,8;2,799999952;0;3,075
10.02.2026 04:00;3,5;3,400000095;0,100000001;3,594
10.02.2026 05:00;4,9;4,800000191;0,100000001;4,98
10.02.2026 06:00;6,6;6,5;0,100000001;6,24
10.02.2026 07:00;6,8;6,599999905;0,200000003;6,787
10.02.2026 08:00;6,3;5,800000191;0,5;7,078
10.02.2026 09:00;6,1;5,099999905;1;7,204
10.02.2026 10:00;5,9;4,800000191;1,100000024;7,481
10.02.2026 11:00;5,3;4,199999809;1,100000024;7,818
10.02.2026 12:00;4,7;3,799999952;1;7,303
10.02.2026 13:00;4,8;4;0,800000012;6,772
10.02.2026 14:00;4,3;3,700000048;0,600000024;7,052
10.02.2026 15:00;5;4,400000095;0,600000024;6,518
10.02.2026 16:00;5;4,400000095;0,600000024;5,466
10.02.2026 17:00;5,6;4,900000095;0,699999988;4,666
10.02.2026 18:00;5,4;4,699999809;0,699999988;4,368
10.02.2026 19:00;5,8;5;0,699999988;3,839
10.02.2026 20:00;6,5;5,699999809;0,800000012;3,448
10.02.2026 21:00;5,5;4,900000095;0,600000024;3,423
10.02.2026 22:00;3,1;2,599999905;0,5;3,334
10.02.2026 23:00;2,4;2,099999905;0,300000012;3,061
11.02.2026 00:00;2,2;2;0,200000003;2,809
11.02.2026 01:00;1,9;1,799999952;0,100000001;2,604
11.02.2026 02:00;1,7;1,600000024;0,100000001;2,541
11.02.2026 03:00;1,8;1,799999952;0;2,624
11.02.2026 04:00;2,2;2,099999905;0,100000001;2,331
11.02.2026 05:00;3,3;3,200000048;0,100000001;1,735
11.02.2026 06:00;4,4;4,300000191;0,100000001;1,307
11.02.2026 07:00;4,3;4,099999905;0,200000003;1,371
11.02.2026 08:00;3,9;3,400000095;0,5;1,897
11.02.2026 09:00;4,1;3,200000048;0,899999976;2,563
11.02.2026 10:00;4,1;3,099999905;1;3,22
11.02.2026 11:00;4,1;3;1,100000024;3,969
11.02.2026 12:00;3,9;2,900000095;1;4,522
11.02.2026 13:00;4;3,200000048;0,800000012;5,092
11.02.2026 14:00;3,8;3,099999905;0,699999988;5,567
11.02.2026 15:00;3,6;3;0,600000024;4,922
11.02.2026 16:00;3,8;3,200000048;0,600000024;3,061
11.02.2026 17:00;4;3,400000095;0,600000024;2,21
11.02.2026 18:00;4,3;3,599999905;0,699999988;1,509
11.02.2026 19:00;4,6;3,799999952;0,800000012;0,336
11.02.2026 20:00;5,1;4,300000191;0,800000012;-0,994
11.02.2026 21:00;4,4;3,799999952;0,600000024;-1,607
11.02.2026 22:00;3;2,5;0,5;-1,681
11.02.2026 23:00;2,4;2,099999905;0,300000012;-1,196
12.02.2026 00:00;2,5;2,299999952;0,200000003;-0,549
12.02.2026 01:00;2,4;2,400000095;0,100000001;-0,222
12.02.2026 02:00;2,4;2,400000095;0;-0,196
12.02.2026 03:00;2,6;2,599999905;0;-0,252
12.02.2026 04:00;3;2,900000095;0,100000001;-0,451
12.02.2026 05:00;4,3;4;0,300000012;-0,661
12.02.2026 06:00;6,7;5,800000191;0,899999976;-0,671
12.02.2026 07:00;6,6;5,699999809;0,899999976;-0,22
12.02.2026 08:00;5,9;5,099999905;0,800000012;0,781
12.02.2026 09:00;5,6;4,900000095;0,699999988;1,929
12.02.2026 10:00;5,4;4,800000191;0,600000024;2,862
12.02.2026 11:00;5,2;4,599999905;0,600000024;3,898
12.02.2026 12:00;4,8;4,300000191;0,5;4,947
12.02.2026 13:00;4,9;4,400000095;0,5;5,699
12.02.2026 14:00;4,7;4,199999809;0,5;5,92
12.02.2026 15:00;4,8;4,400000095;0,400000006;4,434
12.02.2026 16:00;5,1;4,599999905;0,5;1,468
12.02.2026 17:00;5,7;5,099999905;0,600000024;0,581
12.02.2026 18:00;6,1;5,400000095;0,699999988;0,324
12.02.2026 19:00;6,2;5,300000191;0,899999976;0,168
12.02.2026 20:00;6,3;5,400000095;1;-0,101
12.02.2026 21:00;6;5,099999905;0,899999976;-0,404
12.02.2026 22:00;3,6;3,099999905;0,5;-0,588
12.02.2026 23:00;3,2;2,900000095;0,300000012;-0,804
13.02.2026 00:00;2,9;2,700000048;0,200000003;-1,005
13.02.2026 01:00;2,8;2,700000048;0,100000001;-1,053
13.02.2026 02:00;2,7;2,700000048;0;-0,931
13.02.2026 03:00;3;3;0;-0,754
13.02.2026 04:00;3,5;3,400000095;0,100000001;-1,01
13.02.2026 05:00;5,4;5,099999905;0,300000012;-1,522
13.02.2026 06:00;7,8;6,900000095;0,899999976;-1,745
13.02.2026 07:00;8,1;7,099999905;1;-0,155
13.02.2026 08:00;6,6;5,800000191;0,800000012;1,703
13.02.2026 09:00;5,9;5,199999809;0,699999988;3,579
13.02.2026 10:00;5;4,400000095;0,600000024;5,374
13.02.2026 11:00;4,8;4,300000191;0,5;6,296
13.02.2026 12:00;4,6;4;0,5;6,922
13.02.2026 13:00;4,8;4,300000191;0,5;7,115
13.02.2026 14:00;4,7;4,199999809;0,5;6,659
13.02.2026 15:00;4,6;4,199999809;0,400000006;4,899
13.02.2026 16:00;5,2;4,699999809;0,5;3,209
13.02.2026 17:00;5,4;4,800000191;0,600000024;2,418
13.02.2026 18:00;5,7;5;0,699999988;2,013
13.02.2026 19:00;6,4;5,5;0,899999976;1,689
13.02.2026 20:00;6;5,099999905;0,899999976;1,374
13.02.2026 21:00;6,3;5,400000095;0,899999976;1,126
13.02.2026 22:00;3,7;3,200000048;0,5;0,923
13.02.2026 23:00;3,2;2,900000095;0,300000012;0,653
14.02.2026 00:00;3,2;3;0,200000003;0,264
14.02.2026 01:00;3;2,900000095;0,100000001;-0,116
14.02.2026 02:00;2,9;2,900000095;0;-0,234
14.02.2026 03:00;2,8;2,799999952;0;-0,263
14.02.2026 04:00;3,5;3,400000095;0,100000001;-0,378
14.02.2026 05:00;5,3;5;0,300000012;-0,444
14.02.2026 06:00;7,4;6,5;0,899999976;-0,365
14.02.2026 07:00;7;6,099999905;0,899999976;1,25
14.02.2026 08:00;5,8;5;0,800000012;3,938
14.02.2026 09:00;5,8;5,099999905;0,699999988;5,605
14.02.2026 10:00;5,3;4,699999809;0,600000024;7,326
14.02.2026 11:00;4,7;4,199999809;0,5;9,088
14.02.2026 12:00;4,8;4,300000191;0,5;10,543
14.02.2026 13:00;4,6;4,099999905;0,5;11,019
14.02.2026 14:00;4,3;3,900000095;0,400000006;10,402
14.02.2026 15:00;4,5;4,099999905;0,400000006;7,839
14.02.2026 16:00;4,9;4,400000095;0,5;4,621
14.02.2026 17:00;5,1;4,5;0,600000024;3,286
14.02.2026 18:00;5,4;4,699999809;0,699999988;2,674
14.02.2026 19:00;6,2;5,300000191;0,899999976;2,282
14.02.2026 20:00;6,5;5,5;1;1,965
14.02.2026 21:00;6,1;5,199999809;0,899999976;1,713
14.02.2026 22:00;3,8;3,299999952;0,5;1,446
14.02.2026 23:00;3,2;2,900000095;0,300000012;1,179
15.02.2026 00:00;3,4;3,200000048;0,200000003;0,95
15.02.2026 01:00;3,2;3,099999905;0,100000001;0,743
15.02.2026 02:00;2,9;2,900000095;0;0,542
15.02.2026 03:00;3,3;3,299999952;0;0,332
15.02.2026 04:00;3,6;3,599999905;0,100000001;0,175
15.02.2026 05:00;5,9;5,599999905;0,300000012;0,129
15.02.2026 06:00;8,4;7,5;0,899999976;0,238
15.02.2026 07:00;7,7;6,800000191;0,899999976;2,266
15.02.2026 08:00;7,1;6,300000191;0,800000012;4,52
15.02.2026 09:00;6;5,400000095;0,600000024;6,897
15.02.2026 10:00;5,7;5,099999905;0,600000024;9,476
15.02.2026 11:00;5,7;5,099999905;0,600000024;11,823
15.02.2026 12:00;4,8;4,400000095;0,5;12,939
15.02.2026 13:00;5,2;4,699999809;0,5;13,189
15.02.2026 14:00;5;4,599999905;0,400000006;12,447
15.02.2026 15:00;5,2;4,800000191;0,400000006;9,836
15.02.2026 16:00;5,7;5,199999809;0,5;6,672
15.02.2026 17:00;5,8;5,199999809;0,600000024;5,875
15.02.2026 18:00;6;5,400000095;0,600000024;5,402
15.02.2026 19:00;6,7;5,800000191;0,899999976;4,867
15.02.2026 20:00;6,7;5,800000191;0,899999976;4,448
15.02.2026 21:00;6,6;5,699999809;0,899999976;4,122
15.02.2026 22:00;4;3,400000095;0,5;3,741
15.02.2026 23:00;3,3;3;0,300000012;3,293
16.02.2026 00:00;3;2,799999952;0,200000003;2,827
16.02.2026 01:00;2,8;2,700000048;0,100000001;2,368
16.02.2026 02:00;3,1;3,099999905;0;1,999
16.02.2026 03:00;3;3;0;1,734
16.02.2026 04:00;3,4;3,299999952;0,100000001;1,435
16.02.2026 05:00;5;4,599999905;0,300000012;1,121
16.02.2026 06:00;8;7,099999905;0,899999976;0,892
16.02.2026 07:00;7,1;6,199999809;0,899999976;2,763
16.02.2026 08:00;6,1;5,300000191;0,800000012;4,971
16.02.2026 09:00;5,3;4,699999809;0,600000024;7,264
16.02.2026 10:00;5,1;4,5;0,600000024;9,838
16.02.2026 11:00;5,5;4,900000095;0,600000024;12,289
16.02.2026 12:00;4,9;4,400000095;0,5;13,868
16.02.2026 13:00;4,5;4;0,5;14,243
16.02.2026 14:00;4,7;4,199999809;0,5;13,698
16.02.2026 15:00;4,7;4,300000191;0,400000006;11,296
16.02.2026 16:00;5,3;4,800000191;0,5;8,7
16.02.2026 17:00;5,5;4,900000095;0,600000024;7,128
16.02.2026 18:00;6,6;5,900000095;0,699999988;5,662
16.02.2026 19:00;7,5;6,5;1;4,468
16.02.2026 20:00;7,3;6,300000191;1;3,575
16.02.2026 21:00;6,6;5,699999809;0,800000012;2,874
16.02.2026 22:00;4,3;3,799999952;0,5;2,305
16.02.2026 23:00;3,9;3,599999905;0,300000012;1,81
17.02.2026 00:00;4,3;4,099999905;0,200000003;1,378
17.02.2026 01:00;4,4;4,300000191;0,100000001;1,038
17.02.2026 02:00;4,7;4,599999905;0,100000001;0,949
17.02.2026 03:00;4,3;4,300000191;0;0,964
17.02.2026 04:00;4,9;4,800000191;0,100000001;1,115
17.02.2026 05:00;7,1;7;0,100000001;1,21
17.02.2026 06:00;9,5;9,399999619;0,100000001;1,16
17.02.2026 07:00;8,7;8,5;0,200000003;2,37
17.02.2026 08:00;8,4;7,800000191;0,600000024;4,056
17.02.2026 09:00;7;6,099999905;0,899999976;6,42
17.02.2026 10:00;6,6;5,599999905;1;9,183
17.02.2026 11:00;6,5;5,400000095;1,100000024;11,445
17.02.2026 12:00;6,4;5,400000095;1;12,836
17.02.2026 13:00;5,4;4,599999905;0,800000012;13,438
17.02.2026 14:00;5,5;4,699999809;0,800000012;13,049
17.02.2026 15:00;5;4,400000095;0,600000024;10,689
17.02.2026 16:00;5,8;5,199999809;0,600000024;7,414
17.02.2026 17:00;6;5,400000095;0,600000024;6,497
17.02.2026 18:00;7;6,300000191;0,699999988;5,961
17.02.2026 19:00;8,4;7,599999905;0,800000012;5,306
17.02.2026 20:00;8,2;7,5;0,699999988;4,757
17.02.2026 21:00;7,8;7,199999809;0,600000024;4,244
17.02.2026 22:00;4,7;4,300000191;0,400000006;3,643
17.02.2026 23:00;4;3,700000048;0,300000012;3,118
18.02.2026 00:00;3,8;3,599999905;0,200000003;2,682
18.02.2026 01:00;3,9;3,799999952;0,100000001;2,289
18.02.2026 02:00;4;3,900000095;0,100000001;1,929
18.02.2026 03:00;4;4;0;1,638
18.02.2026 04:00;4,9;4,800000191;0,100000001;1,457
18.02.2026 05:00;6,6;6,5;0,100000001;1,282
18.02.2026 06:00;10,1;10;0,100000001;1,232
18.02.2026 07:00;9,1;8,899999619;0,200000003;3,64
18.02.2026 08:00;8,2;7,699999809;0,5;6,161
18.02.2026 09:00;8;7;1;8,281
18.02.2026 10:00;8,2;7,099999905;1,100000024;10,634
18.02.2026 11:00;7,5;6,5;1;12,967
18.02.2026 12:00;7,9;6,900000095;1;14,095
18.02.2026 13:00;6,5;5,800000191;0,699999988;14,1
18.02.2026 14:00;7;6,400000095;0,699999988;13,242
18.02.2026 15:00;7,1;6,5;0,600000024;10,872
18.02.2026 16:00;7,1;6,5;0,600000024;7,474
18.02.2026 17:00;7,9;7,300000191;0,600000024;6,281
18.02.2026 18:00;8,1;7,400000095;0,699999988;5,752
18.02.2026 19:00;8,4;7,699999809;0,699999988;5,229
18.02.2026 20:00;8,6;7,900000095;0,699999988;4,741
18.02.2026 21:00;8,5;7,900000095;0,600000024;4,632
18.02.2026 22:00;4,6;4,099999905;0,5;4,494
18.02.2026 23:00;3,9;3,599999905;0,300000012;4,341
19.02.2026 00:00;3,5;3,299999952;0,200000003;4,126
19.02.2026 01:00;3,9;3,799999952;0,100000001;3,93
19.02.2026 02:00;3,6;3,599999905;0;3,891
19.02.2026 03:00;3,6;3,599999905;0;4,097
19.02.2026 04:00;4,1;4;0,100000001;4,515
19.02.2026 05:00;6,2;5,900000095;0,300000012;4,454
19.02.2026 06:00;8,9;8;0,899999976;4,433
19.02.2026 07:00;8,3;7,400000095;0,899999976;5,229
19.02.2026 08:00;7,5;6,699999809;0,800000012;6,198
19.02.2026 09:00;6,6;6;0,600000024;7,407
19.02.2026 10:00;6,4;5,800000191;0,600000024;8,643
19.02.2026 11:00;6,7;6,099999905;0,600000024;9,527
19.02.2026 12:00;5,9;5,400000095;0,5;9,963
19.02.2026 13:00;6;5,5;0,5;10,015
19.02.2026 14:00;5,5;5,099999905;0,400000006;9,618
19.02.2026 15:00;5,1;4,699999809;0,400000006;8,453
19.02.2026 16:00;6,2;5,699999809;0,5;5,788
19.02.2026 17:00;6,6;6;0,600000024;5,163
19.02.2026 18:00;7;6,300000191;0,699999988;5,102
19.02.2026 19:00;7,7;6,800000191;0,899999976;4,597
19.02.2026 20:00;7,9;7;0,899999976;3,947
19.02.2026 21:00;8,4;7,400000095;1;3,285
19.02.2026 22:00;4,6;4,099999905;0,5;2,983
19.02.2026 23:00;4,3;4;0,300000012;2,476
20.02.2026 00:00;4,4;4,199999809;0,200000003;1,931
20.02.2026 01:00;4,2;4;0,100000001;1,386
20.02.2026 02:00;3,8;3,799999952;0;1,025
20.02.2026 03:00;4,2;4,199999809;0;0,964
20.02.2026 04:00;4,4;4,300000191;0,100000001;1,117
20.02.2026 05:00;6,6;6,400000095;0,300000012;1,034
20.02.2026 06:00;10,3;9,399999619;0,899999976;1,147
20.02.2026 07:00;9,8;8,800000191;0,899999976;2,65
20.02.2026 08:00;8,6;7,800000191;0,800000012;4,246
20.02.2026 09:00;8,4;7,699999809;0,699999988;6,175
20.02.2026 10:00;8,2;7,599999905;0,600000024;7,943
20.02.2026 11:00;7,7;7,099999905;0,600000024;8,97
20.02.2026 12:00;7,1;6,599999905;0,5;9,547
20.02.2026 13:00;7;6,5;0,5;10,023
20.02.2026 14:00;7,3;6,800000191;0,5;9,93
20.02.2026 15:00;7,2;6,800000191;0,400000006;8,665
20.02.2026 16:00;7,4;7;0,5;6,3
20.02.2026 17:00;7,8;7,199999809;0,600000024;4,962
20.02.2026 18:00;8,5;7,800000191;0,699999988;4,142
20.02.2026 19:00;8,9;8;0,899999976;3,719
20.02.2026 20:00;9,5;8,600000381;0,899999976;3,515
20.02.2026 21:00;8,9;8;0,899999976;3,248
20.02.2026 22:00;5,5;5;0,5;2,947
20.02.2026 23:00;4,9;4,599999905;0,300000012;2,672
21.02.2026 00:00;4,7;4,5;0,200000003;2,435
21.02.2026 01:00;5,2;5,099999905;0,100000001;2,052
21.02.2026 02:00;4,7;4,699999809;0;2,198
21.02.2026 03:00;5,2;5,199999809;0;2,939
21.02.2026 04:00;5,8;5,699999809;0,100000001;3,388
21.02.2026 05:00;8,3;8;0,300000012;3,593
21.02.2026 06:00;12,5;11,60000038;0,899999976;3,482
21.02.2026 07:00;11,7;10,80000019;0,899999976;4,992
21.02.2026 08:00;10,6;9,800000191;0,800000012;6,585
21.02.2026 09:00;9,6;8,899999619;0,699999988;8,269
21.02.2026 10:00;8;7,5;0,5;10,37
21.02.2026 11:00;8,5;8;0,5;11,826
21.02.2026 12:00;8;7,5;0,5;12,449
21.02.2026 13:00;8,8;8,300000191;0,5;12,51
21.02.2026 14:00;7,7;7,199999809;0,5;11,84
21.02.2026 15:00;8,8;8,300000191;0,5;10,344
21.02.2026 16:00;8,4;7,900000095;0,5;8,947
21.02.2026 17:00;9;8,399999619;0,600000024;8,501
21.02.2026 18:00;9,3;8,600000381;0,699999988;8,344
21.02.2026 19:00;10,2;9,300000191;0,899999976;8,226
21.02.2026 20:00;10;9,199999809;0,899999976;7,899
21.02.2026 21:00;11,1;10,10000038;1;7,696
21.02.2026 22:00;6,1;5,599999905;0,5;7,475
21.02.2026 23:00;5,5;5,199999809;0,300000012;7,318
22.02.2026 00:00;5,4;5,199999809;0,200000003;7,214
22.02.2026 01:00;5,3;5,199999809;0,100000001;7,181
22.02.2026 02:00;5,6;5,599999905;0;7,088
22.02.2026 03:00;5,6;5,599999905;0;6,91
22.02.2026 04:00;6,6;6,5;0,100000001;6,443
22.02.2026 05:00;9,4;9,100000381;0,300000012;6,264
22.02.2026 06:00;12,7;11,80000019;0,899999976;6,268
22.02.2026 07:00;12,1;11,19999981;0,899999976;6,889
22.02.2026 08:00;9,5;8,800000191;0,699999988;7,656
22.02.2026 09:00;9,1;8,5;0,600000024;9,115
22.02.2026 10:00;9;8,399999619;0,600000024;10,264
22.02.2026 11:00;7,8;7,300000191;0,5;11,146
22.02.2026 12:00;8;7,5;0,5;11,927
22.02.2026 13:00;7,5;7;0,5;12,376
22.02.2026 14:00;7,2;6,800000191;0,400000006;12,235
22.02.2026 15:00;7,2;6,800000191;0,400000006;11,323
22.02.2026 16:00;7,4;7;0,400000006;8,311
22.02.2026 17:00;8,6;8;0,600000024;6,735
22.02.2026 18:00;9,4;8,699999809;0,699999988;6,023
22.02.2026 19:00;10,8;9,899999619;0,899999976;5,332
22.02.2026 20:00;10,4;9,5;0,899999976;4,648
22.02.2026 21:00;10,3;9,399999619;0,899999976;4,122
22.02.2026 22:00;6,2;5,699999809;0,5;3,828
22.02.2026 23:00;5,4;5,099999905;0,300000012;3,378
23.02.2026 00:00;5,3;5,099999905;0,200000003;2,693
23.02.2026 01:00;5,4;5,300000191;0,100000001;2,063
23.02.2026 02:00;5,1;5,099999905;0;1,595
23.02.2026 03:00;5,2;5,199999809;0;1,144
23.02.2026 04:00;5,7;5,599999905;0,100000001;0,576
23.02.2026 05:00;8,7;8,399999619;0,300000012;0,025
23.02.2026 06:00;11,8;10,89999962;0,899999976;-0,284
23.02.2026 07:00;10,9;10;0,899999976;0,838
23.02.2026 08:00;9,8;9;0,800000012;3,061
23.02.2026 09:00;9;8,300000191;0,699999988;5,718
23.02.2026 10:00;8,2;7,599999905;0,600000024;7,425
23.02.2026 11:00;7,5;7;0,5;8,628
23.02.2026 12:00;7,3;6,800000191;0,5;9,316
23.02.2026 13:00;6,8;6,300000191;0,5;9,459
23.02.2026 14:00;6,6;6,199999809;0,400000006;9,031
23.02.2026 15:00;6,8;6,400000095;0,400000006;7,715
23.02.2026 16:00;7;6,599999905;0,400000006;4,727
23.02.2026 17:00;8;7,400000095;0,600000024;3,478
23.02.2026 18:00;8,7;8;0,699999988;3,169
23.02.2026 19:00;9,5;8,600000381;0,899999976;2,668
23.02.2026 20:00;9,8;8,800000191;1;2,166
23.02.2026 21:00;9,4;8,5;0,899999976;1,746
23.02.2026 22:00;5,3;4,800000191;0,5;1,357
23.02.2026 23:00;4,4;4,099999905;0,300000012;0,952
24.02.2026 00:00;3,7;3,5;0,200000003;0,55
24.02.2026 01:00;4;3,900000095;0,100000001;0,171
24.02.2026 02:00;4;3,900000095;0,100000001;-0,159
24.02.2026 03:00;4,5;4,5;0;-0,408
24.02.2026 04:00;4,9;4,800000191;0,100000001;-0,611
24.02.2026 05:00;7,2;7;0,100000001;-0,808
24.02.2026 06:00;9,8;9,699999809;0,100000001;-0,727
24.02.2026 07:00;9,1;8,899999619;0,200000003;0,997
24.02.2026 08:00;7,9;7,400000095;0,5;3,28
24.02.2026 09:00;8,3;7,300000191;1;6,267
24.02.2026 10:00;8,3;7,199999809;1,100000024;8,961
24.02.2026 11:00;7,9;6,800000191;1,100000024;10,86
24.02.2026 12:00;7,8;6,800000191;1;12,081
24.02.2026 13:00;7,4;6,599999905;0,800000012;12,72
24.02.2026 14:00;6,8;6,099999905;0,699999988;12,515
24.02.2026 15:00;7;6,400000095;0,600000024;10,968
24.02.2026 16:00;7,8;7,199999809;0,600000024;7,604
24.02.2026 17:00;7,4;6,800000191;0,600000024;5,863
24.02.2026 18:00;7,4;6,800000191;0,600000024;5,095
24.02.2026 19:00;8;7,300000191;0,699999988;4,485
24.02.2026 20:00;8,6;7,900000095;0,699999988;3,984
24.02.2026 21:00;8;7,400000095;0,600000024;3,491
24.02.2026 22:00;4,8;4,300000191;0,5;3,081
24.02.2026 23:00;4,3;4;0,300000012;2,726
25.02.2026 00:00;3,7;3,5;0,200000003;2,238
25.02.2026 01:00;3,8;3,599999905;0,100000001;1,659
25.02.2026 02:00;3,7;3,599999905;0,100000001;1,155
25.02.2026 03:00;4;4;0;0,808
25.02.2026 04:00;4,1;4;0,100000001;0,561
25.02.2026 05:00;6,3;6,199999809;0,100000001;0,282
25.02.2026 06:00;8;7,900000095;0,100000001;0,427
25.02.2026 07:00;7,7;7,5;0,200000003;3,579
25.02.2026 08:00;7,1;6,599999905;0,5;6,292
25.02.2026 09:00;7,1;6,099999905;1;8,534
25.02.2026 10:00;6,6;5,599999905;1;11,272
25.02.2026 11:00;6,5;5,5;1;13,766
25.02.2026 12:00;6,4;5,400000095;1;14,878
25.02.2026 13:00;6;5,199999809;0,800000012;15,258
25.02.2026 14:00;6;5,300000191;0,699999988;14,969
25.02.2026 15:00;5,8;5,199999809;0,600000024;13,361
25.02.2026 16:00;5,8;5,300000191;0,5;10,741
25.02.2026 17:00;6,6;6;0,600000024;9,831
25.02.2026 18:00;6,9;6,199999809;0,699999988;9,436
25.02.2026 19:00;7,5;6,699999809;0,800000012;8,688
25.02.2026 20:00;7,6;6,900000095;0,699999988;7,832
25.02.2026 21:00;6,8;6,199999809;0,600000024;6,967
25.02.2026 22:00;4,2;3,700000048;0,5;6,269
25.02.2026 23:00;3,6;3,299999952;0,300000012;5,674
26.02.2026 00:00;3;2,799999952;0,200000003;5,065
26.02.2026 01:00;2,9;2,799999952;0,100000001;4,482
26.02.2026 02:00;3,1;3,099999905;0;4,08
26.02.2026 03:00;2,8;2,799999952;0;3,779
26.02.2026 04:00;3,3;3,200000048;0,100000001;3,659
26.02.2026 05:00;5,4;5,099999905;0,300000012;3,95
26.02.2026 06:00;7,5;6,599999905;0,899999976;4,701
26.02.2026 07:00;6,7;5,800000191;0,800000012;6,942
26.02.2026 08:00;6,1;5,300000191;0,800000012;9,567
26.02.2026 09:00;5,5;5;0,600000024;11,405
26.02.2026 10:00;5,4;4,800000191;0,600000024;13,628
26.02.2026 11:00;4,7;4,199999809;0,5;15,795
26.02.2026 12:00;4,5;4;0,5;17,059
26.02.2026 13:00;4,5;4;0,5;17,306
26.02.2026 14:00;4,5;4;0,400000006;16,978
26.02.2026 15:00;4,6;4,199999809;0,400000006;15,556
26.02.2026 16:00;5,4;4,900000095;0,5;12,993
26.02.2026 17:00;5,8;5,199999809;0,600000024;11,173
26.02.2026 18:00;6;5,300000191;0,699999988;10,014
26.02.2026 19:00;6,4;5,5;0,899999976;8,92
26.02.2026 20:00;6,2;5,400000095;0,899999976;7,763
26.02.2026 21:00;5,9;5;0,899999976;6,698
26.02.2026 22:00;3,5;3;0,5;5,887
26.02.2026 23:00;3,3;3;0,300000012;5,201
27.02.2026 00:00;3,1;2,900000095;0,200000003;4,575
27.02.2026 01:00;2,9;2,799999952;0,100000001;4,068
27.02.2026 02:00;2,8;2,799999952;0;3,714
27.02.2026 03:00;3,1;3,099999905;0;3,416
27.02.2026 04:00;3,6;3,5;0,100000001;3,124
27.02.2026 05:00;5,3;5;0,300000012;2,856
27.02.2026 06:00;8,3;7,400000095;0,899999976;3,082
27.02.2026 07:00;7,2;6,300000191;0,899999976;6,317
27.02.2026 08:00;6,8;6;0,800000012;8,959
27.02.2026 09:00;5,8;5,199999809;0,600000024;11,224
27.02.2026 10:00;5,9;5,300000191;0,600000024;13,84
27.02.2026 11:00;5,4;4,900000095;0,5;16,627
27.02.2026 12:00;5,4;4,900000095;0,5;17,907
27.02.2026 13:00;5,4;4,900000095;0,5;18,33
27.02.2026 14:00;4,9;4,5;0,400000006;18,094
27.02.2026 15:00;5,6;5,199999809;0,400000006;16,578
27.02.2026 16:00;6,1;5,599999905;0,5;13,718
27.02.2026 17:00;6;5,400000095;0,600000024;11,051
27.02.2026 18:00;6,4;5,699999809;0,699999988;9,224
27.02.2026 19:00;7;6,099999905;0,899999976;8,215
27.02.2026 20:00;7,1;6,199999809;0,899999976;7,475
27.02.2026 21:00;7;6;0,899999976;6,614
27.02.2026 22:00;4,3;3,799999952;0,5;5,69
27.02.2026 23:00;3,5;3,200000048;0,300000012;4,928
28.02.2026 00:00;3,4;3,200000048;0,200000003;4,373
28.02.2026 01:00;3,3;3,200000048;0,100000001;3,948
28.02.2026 02:00;3,6;3,599999905;0;3,612
28.02.2026 03:00;3,3;3,299999952;0;3,354
28.02.2026 04:00;4,3;4,199999809;0,100000001;3,098
28.02.2026 05:00;6,2;5,900000095;0,300000012;2,887
28.02.2026 06:00;9,2;8,300000191;0,899999976;3,082
28.02.2026 07:00;8,2;7,300000191;0,899999976;5,404
28.02.2026 08:00;7,2;6,400000095;0,800000012;7,627
28.02.2026 09:00;6,7;6,099999905;0,600000024;10,221
28.02.2026 10:00;6,1;5,5;0,600000024;11,68
28.02.2026 11:00;6,1;5,599999905;0,5;12,642
28.02.2026 12:00;5,7;5,199999809;0,5;13,538
28.02.2026 13:00;5,5;5;0,5;13,646
28.02.2026 14:00;5,2;4,800000191;0,400000006;13,015
28.02.2026 15:00;5,6;5,199999809;0,400000006;11,808
28.02.2026 16:00;6,3;5,800000191;0,5;10,309
28.02.2026 17:00;6,6;6;0,600000024;9,274
28.02.2026 18:00;7;6,300000191;0,699999988;8,451
28.02.2026 19:00;7,7;6,800000191;0,899999976;7,959
28.02.2026 20:00;7,9;7;0,899999976;7,623
28.02.2026 21:00;8,1;7,199999809;0,899999976;7,561
28.02.2026 22:00;4,9;4,400000095;0,5;7,583
28.02.2026 23:00;3,9;3,599999905;0,300000012;7,507
01.03.2026 00:00;4,2;4;0,200000003;7,539
01.03.2026 01:00;3,9;3,799999952;0,100000001;7,638
01.03.2026 02:00;4;4;0;7,663
01.03.2026 03:00;4,1;4;0;7,563
01.03.2026 04:00;4,4;4,300000191;0,100000001;7,423
01.03.2026 05:00;5,8;5,5;0,300000012;7,22
01.03.2026 06:00;8,4;7,5;0,899999976;6,951
01.03.2026 07:00;8;7,099999905;0,899999976;6,981
01.03.2026 08:00;6,3;5,5;0,800000012;7,053
01.03.2026 09:00;5,2;4,599999905;0,600000024;7,061
01.03.2026 10:00;4,4;3,799999952;0,600000024;7,024
01.03.2026 11:00;4;3,5;0,5;7,095
01.03.2026 12:00;3,4;2,900000095;0,5;7,165
01.03.2026 13:00;3,3;2,799999952;0,5;7,134
01.03.2026 14:00;2,8;2,400000095;0,400000006;7,045
01.03.2026 15:00;3,1;2,700000048;0,400000006;6,783
01.03.2026 16:00;3,3;2,799999952;0,5;6,22
01.03.2026 17:00;4,3;3,700000048;0,600000024;5,574
01.03.2026 18:00;4,9;4,199999809;0,699999988;4,992
01.03.2026 19:00;5,8;5;0,899999976;4,398
01.03.2026 20:00;6,1;5,199999809;0,899999976;4,098
01.03.2026 21:00;5,9;5;0,899999976;3,876
01.03.2026 22:00;3,6;3,099999905;0,5;3,662
01.03.2026 23:00;3,6;3,299999952;0,300000012;3,327
02.03.2026 00:00;3,6;3,400000095;0,200000003;3,109
02.03.2026 01:00;3,3;3,200000048;0,100000001;2,985
02.03.2026 02:00;3,4;3,400000095;0;2,702
02.03.2026 03:00;3,4;3,400000095;0;2,456
02.03.2026 04:00;3,7;3,599999905;0,100000001;2,399
02.03.2026 05:00;5,2;4,900000095;0,300000012;2,13
02.03.2026 06:00;7,1;6,199999809;0,899999976;2,623
02.03.2026 07:00;6,4;5,5;0,899999976;4,244
02.03.2026 08:00;4,6;3,799999952;0,800000012;5,693
02.03.2026 09:00;4,2;3,599999905;0,699999988;7,569
02.03.2026 10:00;3,5;2,900000095;0,600000024;9,057
02.03.2026 11:00;3,1;2,599999905;0,5;10,171
02.03.2026 12:00;2,6;2,099999905;0,5;10,939
02.03.2026 13:00;2,4;1,899999976;0,5;11,356
02.03.2026 14:00;2;1,600000024;0,400000006;11,245
02.03.2026 15:00;2,1;1,700000048;0,400000006;10,396
02.03.2026 16:00;2,3;1,899999976;0,400000006;8,977
02.03.2026 17:00;3,1;2,5;0,600000024;8,196
02.03.2026 18:00;3,8;3,099999905;0,699999988;7,885
02.03.2026 19:00;4,5;3,599999905;0,899999976;7,578
02.03.2026 20:00;4,5;3,599999905;0,899999976;7,088
02.03.2026 21:00;4,4;3,5;0,800000012;6,172
02.03.2026 22:00;2,6;2,099999905;0,5;6,236
02.03.2026 23:00;2,7;2,400000095;0,300000012;6,579
03.03.2026 00:00;2,4;2,200000048;0,200000003;6,627
03.03.2026 01:00;2,6;2,400000095;0,100000001;6,796
03.03.2026 02:00;2,4;2,400000095;0,100000001;6,866
03.03.2026 03:00;2,5;2,5;0;6,786
03.03.2026 04:00;2,6;2,5;0,100000001;6,7
03.03.2026 05:00;3,9;3,799999952;0,100000001;6,668
03.03.2026 06:00;5,4;5,300000191;0,100000001;6,865
03.03.2026 07:00;5,1;4,900000095;0,200000003;7,499
03.03.2026 08:00;4,2;3,599999905;0,5;8,134
03.03.2026 09:00;3,9;2,900000095;1;8,605
03.03.2026 10:00;3,3;2,400000095;1;9,156
03.03.2026 11:00;3;1,899999976;1,100000024;9,758
03.03.2026 12:00;2,5;1,600000024;0,899999976;10,406
03.03.2026 13:00;2,1;1,399999976;0,699999988;11,109
03.03.2026 14:00;2,1;1,399999976;0,699999988;11,341
03.03.2026 15:00;2,1;1,5;0,600000024;11,164
03.03.2026 16:00;2,5;1,899999976;0,600000024;10,408
03.03.2026 17:00;3,1;2,5;0,600000024;9,778
03.03.2026 18:00;3,7;3;0,699999988;9,549
03.03.2026 19:00;4,2;3,400000095;0,800000012;9,284
03.03.2026 20:00;4,4;3,700000048;0,699999988;9,344
03.03.2026 21:00;4,7;4,099999905;0,600000024;9,406
03.03.2026 22:00;3,1;2,599999905;0,5;9,463
03.03.2026 23:00;3,2;2,900000095;0,300000012;9,346
04.03.2026 00:00;3,2;3;0,200000003;9,39
04.03.2026 01:00;3,1;3;0,100000001;9,637
04.03.2026 02:00;3,2;3,099999905;0,100000001;9,351
04.03.2026 03:00;3;3;0;8,605
04.03.2026 04:00;3,9;3,799999952;0,100000001;8,481
04.03.2026 05:00;5,4;5,400000095;0,100000001;8,449
04.03.2026 06:00;7,4;7,300000191;0,100000001;8,657
04.03.2026 07:00;6,7;6,5;0,200000003;9,547
04.03.2026 08:00;5,9;5,400000095;0,5;10,016
04.03.2026 09:00;5,8;4,900000095;0,899999976;9,969
04.03.2026 10:00;5,8;4,800000191;1;9,728
04.03.2026 11:00;5,7;4,599999905;1,100000024;8,784
04.03.2026 12:00;5,3;4,400000095;0,899999976;7,874
04.03.2026 13:00;5,1;4,400000095;0,699999988;7,67
04.03.2026 14:00;5,6;4,900000095;0,699999988;7,948
04.03.2026 15:00;6;5,400000095;0,600000024;7,621
04.03.2026 16:00;6,2;5,599999905;0,600000024;6,615
04.03.2026 17:00;7,2;6,5;0,699999988;5,539
04.03.2026 18:00;7,3;6,599999905;0,699999988;5,117
04.03.2026 19:00;7,7;6,900000095;0,800000012;4,994
04.03.2026 20:00;7,7;7;0,699999988;4,888
04.03.2026 21:00;6,9;6,300000191;0,600000024;4,787
04.03.2026 22:00;4;3,599999905;0,400000006;4,355
04.03.2026 23:00;3,8;3,5;0,300000012;3,92
05.03.2026 00:00;3,7;3,5;0,200000003;3,869
05.03.2026 01:00;3,5;3,400000095;0,100000001;4,021
05.03.2026 02:00;4;4;0;4,079
05.03.2026 03:00;3,9;3,900000095;0;3,917
05.03.2026 04:00;4,3;4,199999809;0,100000001;3,834
05.03.2026 05:00;6,8;6,5;0,300000012;3,949
05.03.2026 06:00;8,6;7,800000191;0,800000012;3,985
05.03.2026 07:00;9,3;8,399999619;0,899999976;4,595
05.03.2026 08:00;7,3;6,5;0,800000012;5,074
05.03.2026 09:00;6,8;6,199999809;0,600000024;5,087
05.03.2026 10:00;7,3;6,699999809;0,600000024;5,207
05.03.2026 11:00;6,6;6;0,600000024;6,458
05.03.2026 12:00;5,9;5,400000095;0,5;7,81
05.03.2026 13:00;6,1;5,599999905;0,5;8,47
05.03.2026 14:00;5,6;5,199999809;0,400000006;8,477
05.03.2026 15:00;6,1;5,699999809;0,400000006;8,091
05.03.2026 16:00;6;5,599999905;0,400000006;6,474
05.03.2026 17:00;7,7;7;0,699999988;5,065
05.03.2026 18:00;8,4;7,699999809;0,699999988;4,857
05.03.2026 19:00;9,3;8,399999619;0,899999976;4,666
05.03.2026 20:00;9,1;8,199999809;0,899999976;4,472
05.03.2026 21:00;9,1;8,199999809;0,899999976;3,601
05.03.2026 22:00;6,1;5,599999905;0,5;3,72
05.03.2026 23:00;5,2;5;0,300000012;4,38
06.03.2026 00:00;5,1;4,900000095;0,200000003;5,044
06.03.2026 01:00;5,2;5,099999905;0,100000001;5,22
06.03.2026 02:00;5;5;0;5,062
06.03.2026 03:00;5,2;5,199999809;0;4,778
06.03.2026 04:00;6,3;6,199999809;0,100000001;4,615
06.03.2026 05:00;8,2;7,900000095;0,300000012;4,444
06.03.2026 06:00;11,1;10,19999981;0,800000012;4,446
06.03.2026 07:00;9,8;8,899999619;0,899999976;5,216
06.03.2026 08:00;8,5;7,699999809;0,800000012;6,127
06.03.2026 09:00;7;6,400000095;0,600000024;7,253
06.03.2026 10:00;6,5;5,900000095;0,600000024;8,752
06.03.2026 11:00;5,9;5,400000095;0,5;10,639
06.03.2026 12:00;6,5;6;0,600000024;11,778
06.03.2026 13:00;5,7;5,199999809;0,5;12,054
06.03.2026 14:00;5,4;5;0,400000006;11,738
06.03.2026 15:00;5,3;5;0,400000006;11,331
06.03.2026 16:00;5,7;5,199999809;0,5;10,959
06.03.2026 17:00;6,9;6,300000191;0,600000024;10,565
06.03.2026 18:00;6,9;6,300000191;0,600000024;10,376
06.03.2026 19:00;8,9;8;0,899999976;10,182
06.03.2026 20:00;8,9;8;1;9,944
06.03.2026 21:00;8,9;8;0,899999976;9,816
06.03.2026 22:00;5;4,5;0,5;9,867
06.03.2026 23:00;5;4,699999809;0,300000012;10,053
07.03.2026 00:00;5;4,800000191;0,200000003;10,168
07.03.2026 01:00;4,5;4,400000095;0,100000001;9,842
07.03.2026 02:00;4,6;4,599999905;0;9,471
07.03.2026 03:00;4,9;4,900000095;0;9,373
07.03.2026 04:00;5,9;5,800000191;0,100000001;9,701
07.03.2026 05:00;8,2;7,900000095;0,300000012;9,484
07.03.2026 06:00;11,1;10,30000019;0,800000012;8,818
07.03.2026 07:00;10,1;9,199999809;0,899999976;8,281
07.03.2026 08:00;8,4;7,599999905;0,800000012;8,532
07.03.2026 09:00;7,6;7;0,699999988;9,067
07.03.2026 10:00;7,3;6,699999809;0,600000024;9,929
07.03.2026 11:00;6,1;5,599999905;0,5;10,524
07.03.2026 12:00;5,8;5,300000191;0,5;10,748
07.03.2026 13:00;5,6;5,099999905;0,5;10,56
07.03.2026 14:00;6;5,5;0,5;10,109
07.03.2026 15:00;5,7;5,300000191;0,400000006;9,349
07.03.2026 16:00;6,1;5,699999809;0,400000006;8,183
07.03.2026 17:00;7,2;6,599999905;0,600000024;7,174
07.03.2026 18:00;8,1;7,400000095;0,699999988;6,764
07.03.2026 19:00;9;8,100000381;0,899999976;6,524
07.03.2026 20:00;8,8;7,900000095;0,899999976;6,284
07.03.2026 21:00;9;8,100000381;0,899999976;6,078
07.03.2026 22:00;5,5;5;0,5;5,939
07.03.2026 23:00;4,7;4,400000095;0,300000012;5,876
08.03.2026 00:00;4,5;4,300000191;0,200000003;5,884
08.03.2026 01:00;4,1;4;0,100000001;5,877
08.03.2026 02:00;4,1;4,099999905;0;5,854
08.03.2026 03:00;4,3;4,300000191;0;5,697
08.03.2026 04:00;4,9;4,800000191;0,100000001;5,423
08.03.2026 05:00;7,1;6,800000191;0,300000012;5,171
08.03.2026 06:00;10,6;9,699999809;0,899999976;5,051
08.03.2026 07:00;9,9;9;0,899999976;5,469
08.03.2026 08:00;7,7;7;0,699999988;6,595
08.03.2026 09:00;6,9;6,300000191;0,600000024;7,665
08.03.2026 10:00;6,4;5,900000095;0,5;8,284
08.03.2026 11:00;6,4;5,900000095;0,5;8,745
08.03.2026 12:00;5,9;5,400000095;0,5;9,087
08.03.2026 13:00;5,8;5,300000191;0,5;9,259
08.03.2026 14:00;5,8;5,400000095;0,400000006;9,132
08.03.2026 15:00;5,8;5,400000095;0,400000006;8,681
08.03.2026 16:00;6,4;6;0,5;7,344
08.03.2026 17:00;6,7;6,099999905;0,600000024;6,458
08.03.2026 18:00;8,1;7,400000095;0,699999988;6,685
08.03.2026 19:00;7,7;6,900000095;0,800000012;6,456
08.03.2026 20:00;8,5;7,599999905;0,899999976;6,061
08.03.2026 21:00;8,4;7,5;0,899999976;5,837
08.03.2026 22:00;4,9;4,400000095;0,5;5,631
08.03.2026 23:00;4,4;4,099999905;0,300000012;5,451
09.03.2026 00:00;4;3,799999952;0,200000003;5,33
09.03.2026 01:00;4,2;4,099999905;0,100000001;5,264
09.03.2026 02:00;3,8;3,799999952;0;5,635
09.03.2026 03:00;4,1;4,099999905;0;6,21
09.03.2026 04:00;4,8;4,699999809;0,100000001;6,726
09.03.2026 05:00;7,1;6,800000191;0,300000012;7,224
09.03.2026 06:00;9,2;8,300000191;0,800000012;7,722
09.03.2026 07:00;8,7;7,800000191;0,899999976;8,504
09.03.2026 08:00;7,7;6,900000095;0,800000012;9,513
09.03.2026 09:00;7;6,400000095;0,600000024;10,165
09.03.2026 10:00;6,3;5,800000191;0,5;10,19
09.03.2026 11:00;6,3;5,800000191;0,5;10,679
09.03.2026 12:00;6,4;5,900000095;0,5;11,398
09.03.2026 13:00;6,1;5,599999905;0,5;11,778
09.03.2026 14:00;5,9;5,5;0,400000006;11,514
09.03.2026 15:00;6,2;5,800000191;0,400000006;10,852
09.03.2026 16:00;6,2;5,699999809;0,5;9,82
09.03.2026 17:00;5,8;5,300000191;0,5;8,935
09.03.2026 18:00;6,9;6,199999809;0,699999988;8,324
09.03.2026 19:00;7,1;6,300000191;0,800000012;7,866
09.03.2026 20:00;7,3;6,400000095;0,899999976;7,643
09.03.2026 21:00;6,9;6,099999905;0,800000012;7,473
09.03.2026 22:00;4,5;4;0,5;7,179
09.03.2026 23:00;3,7;3,400000095;0,300000012;6,79
10.03.2026 00:00;3;2,799999952;0,200000003;6,201
10.03.2026 01:00;3,2;3,099999905;0,100000001;5,61
10.03.2026 02:00;3,4;3,299999952;0,100000001;5,36
10.03.2026 03:00;3,4;3,400000095;0;5,038
10.03.2026 04:00;3,7;3,599999905;0,100000001;5,049
10.03.2026 05:00;4,9;4,800000191;0,100000001;4,849
10.03.2026 06:00;6,5;6,400000095;0,100000001;4,585
10.03.2026 07:00;6,2;6;0,200000003;5,6
10.03.2026 08:00;5,8;5,300000191;0,5;8,566
10.03.2026 09:00;5,5;4,599999905;0,899999976;11,124
10.03.2026 10:00;5,2;4,199999809;1;12,112
10.03.2026 11:00;5;3,900000095;1,100000024;11,793
10.03.2026 12:00;4,5;3,599999905;1;11,418
10.03.2026 13:00;4,2;3,400000095;0,800000012;10,355
10.03.2026 14:00;4,1;3,400000095;0,699999988;8,622
10.03.2026 15:00;3,8;3,200000048;0,600000024;7,307
10.03.2026 16:00;4,2;3,599999905;0,600000024;6,468
10.03.2026 17:00;4,4;3,799999952;0,600000024;5,892
10.03.2026 18:00;5,1;4,400000095;0,699999988;4,928
10.03.2026 19:00;5,5;4,699999809;0,800000012;3,939
10.03.2026 20:00;5,3;4,599999905;0,699999988;3,35
10.03.2026 21:00;5,4;4,800000191;0,600000024;3,08
10.03.2026 22:00;3,4;2,900000095;0,5;3,126
10.03.2026 23:00;2,8;2,5;0,300000012;3,231
11.03.2026 00:00;2,6;2,400000095;0,200000003;3,056
11.03.2026 01:00;2,1;2;0,100000001;2,865
11.03.2026 02:00;2,3;2,200000048;0,100000001;2,715
11.03.2026 03:00;2,2;2,200000048;0;2,55
11.03.2026 04:00;2,5;2,400000095;0,100000001;2,294
11.03.2026 05:00;3,6;3,5;0,100000001;1,85
11.03.2026 06:00;4,9;4,800000191;0,100000001;1,71
11.03.2026 07:00;4,5;4,300000191;0,200000003;1,878
11.03.2026 08:00;4,3;3,799999952;0,5;1,659
11.03.2026 09:00;4,3;3,400000095;1;2,117
11.03.2026 10:00;4,2;3,200000048;1;3,517
11.03.2026 11:00;3,6;2,5;1,100000024;5,079
11.03.2026 12:00;3,2;2,200000048;1;6,223
11.03.2026 13:00;2,7;2;0,699999988;6,418
11.03.2026 14:00;2,9;2,200000048;0,699999988;6,1
11.03.2026 15:00;3,1;2,5;0,600000024;5,504
11.03.2026 16:00;3,2;2,700000048;0,5;4,938
11.03.2026 17:00;3,7;3,099999905;0,600000024;4,423
11.03.2026 18:00;3,9;3,299999952;0,600000024;4,109
11.03.2026 19:00;4,9;4,099999905;0,800000012;3,795
11.03.2026 20:00;5;4,300000191;0,699999988;3,447
11.03.2026 21:00;4,8;4,199999809;0,600000024;3,009
11.03.2026 22:00;3,1;2,700000048;0,400000006;2,075
11.03.2026 23:00;2,8;2,5;0,300000012;0,7
12.03.2026 00:00;3;2,799999952;0,200000003;0,506
12.03.2026 01:00;2,8;2,700000048;0,100000001;0,678
12.03.2026 02:00;2,7;2,700000048;0;0,881
12.03.2026 03:00;2,8;2,799999952;0;0,999
12.03.2026 04:00;3,2;3,099999905;0,100000001;0,989
12.03.2026 05:00;4,7;4,400000095;0,300000012;1,159
12.03.2026 06:00;6,5;5,699999809;0,800000012;1,48
12.03.2026 07:00;6,3;5,400000095;0,899999976;2,496
12.03.2026 08:00;5;4,300000191;0,699999988;4,134
12.03.2026 09:00;4,8;4,199999809;0,600000024;5,621
12.03.2026 10:00;4,5;3,900000095;0,600000024;6,43
12.03.2026 11:00;4;3,599999905;0,5;7,077
12.03.2026 12:00;4,1;3,599999905;0,5;7,844
12.03.2026 13:00;3,8;3,400000095;0,400000006;8,366
12.03.2026 14:00;3,9;3,5;0,400000006;8,504
12.03.2026 15:00;4;3,599999905;0,400000006;7,94
12.03.2026 16:00;4,7;4,300000191;0,400000006;7,214
12.03.2026 17:00;5,1;4,5;0,600000024;6,822
12.03.2026 18:00;5,6;5;0,600000024;6,728
12.03.2026 19:00;6,4;5,5;0,899999976;6,567
12.03.2026 20:00;5,5;4,699999809;0,800000012;6,228
12.03.2026 21:00;6;5,099999905;0,899999976;5,971
12.03.2026 22:00;3,5;3;0,5;4,849
12.03.2026 23:00;2,9;2,599999905;0,300000012;3,491
13.03.2026 00:00;2,9;2,599999905;0,200000003;2,625
13.03.2026 01:00;2,6;2,400000095;0,100000001;2,389
13.03.2026 02:00;2,7;2,700000048;0;2,71
13.03.2026 03:00;2,5;2,5;0;3,444
13.03.2026 04:00;2,9;2,799999952;0,100000001;3,734
13.03.2026 05:00;4,6;4,300000191;0,300000012;3,555
13.03.2026 06:00;6,8;5,900000095;0,899999976;3,771
13.03.2026 07:00;6,3;5,400000095;0,899999976;4,777
13.03.2026 08:00;6,2;5,400000095;0,800000012;5,85
13.03.2026 09:00;5,4;4,599999905;0,699999988;6,584
13.03.2026 10:00;4,4;3,900000095;0,5;6,673
13.03.2026 11:00;4,3;3,799999952;0,5;6,527
13.03.2026 12:00;4,3;3,799999952;0,5;6,906
13.03.2026 13:00;4,1;3,599999905;0,5;7,192
13.03.2026 14:00;3,9;3,5;0,400000006;7,171
13.03.2026 15:00;3,9;3,5;0,400000006;6,791
13.03.2026 16:00;4,4;3,900000095;0,5;6,295
13.03.2026 17:00;4,9;4,300000191;0,600000024;5,877
13.03.2026 18:00;5,4;4,699999809;0,699999988;5,621
13.03.2026 19:00;6,1;5,199999809;0,899999976;5,272
13.03.2026 20:00;6,1;5,199999809;0,899999976;4,956
13.03.2026 21:00;6,6;5,699999809;0,899999976;4,586
13.03.2026 22:00;4,1;3,599999905;0,5;4,49
13.03.2026 23:00;3,5;3,200000048;0,300000012;4,41
14.03.2026 00:00;3,4;3,200000048;0,200000003;4,579
14.03.2026 01:00;3,1;3;0,100000001;4,744
14.03.2026 02:00;3,2;3,200000048;0;4,718
14.03.2026 03:00;3,1;3,099999905;0;4,501
14.03.2026 04:00;3,9;3,799999952;0,100000001;4,324
14.03.2026 05:00;5,9;5,599999905;0,300000012;4,334
14.03.2026 06:00;7,6;6,800000191;0,800000012;4,431
14.03.2026 07:00;7,4;6,5;0,899999976;4,576
14.03.2026 08:00;6,2;5,400000095;0,800000012;4,619
14.03.2026 09:00;5,8;5,199999809;0,600000024;4,55
14.03.2026 10:00;5,7;5,099999905;0,600000024;4,867
14.03.2026 11:00;5,5;5;0,5;5,616
14.03.2026 12:00;4,9;4,400000095;0,5;6,331
14.03.2026 13:00;4,7;4,300000191;0,400000006;7,267
14.03.2026 14:00;4,9;4,400000095;0,5;8,58
14.03.2026 15:00;4,9;4,5;0,400000006;9,379
14.03.2026 16:00;4,8;4,400000095;0,400000006;8,748
14.03.2026 17:00;5,5;4,900000095;0,600000024;7,318
14.03.2026 18:00;6,2;5,5;0,699999988;6,2
14.03.2026 19:00;6,8;5,900000095;0,899999976;5,322
14.03.2026 20:00;6,6;5,699999809;0,899999976;4,839
14.03.2026 21:00;6,9;6;0,899999976;4,918
14.03.2026 22:00;4,3;3,799999952;0,5;5,063
14.03.2026 23:00;3,9;3,599999905;0,300000012;5,212
15.03.2026 00:00;3,5;3,299999952;0,200000003;5,351
15.03.2026 01:00;3,3;3,200000048;0,100000001;5,288
15.03.2026 02:00;3,3;3,299999952;0;5,315
15.03.2026 03:00;3,1;3,099999905;0;5,047
15.03.2026 04:00;3,4;3,299999952;0,100000001;4,874
15.03.2026 05:00;5,2;4,900000095;0,300000012;4,687
15.03.2026 06:00;7,5;6,699999809;0,800000012;4,623
15.03.2026 07:00;7,4;6,5;0,899999976;5,014
15.03.2026 08:00;6,3;5,5;0,800000012;6,668
15.03.2026 09:00;6,2;5,5;0,699999988;8,81
15.03.2026 10:00;5,4;4,800000191;0,600000024;9,958
15.03.2026 11:00;5,3;4,800000191;0,5;10,611
15.03.2026 12:00;4,9;4,400000095;0,5;11,188
15.03.2026 13:00;4,8;4,300000191;0,5;11,709
15.03.2026 14:00;4,1;3,700000048;0,400000006;11,828
15.03.2026 15:00;4,5;4,099999905;0,400000006;11,397
15.03.2026 16:00;5,1;4,599999905;0,5;10,943
15.03.2026 17:00;6;5,400000095;0,600000024;10,563
15.03.2026 18:00;5,7;5,099999905;0,600000024;10,397
15.03.2026 19:00;6,9;6;0,899999976;10,204
15.03.2026 20:00;6,9;6;0,899999976;9,915
15.03.2026 21:00;6,7;5,800000191;0,899999976;9,513
15.03.2026 22:00;3,8;3,299999952;0,5;9,046
15.03.2026 23:00;3,4;3,099999905;0,300000012;8,665
16.03.2026 00:00;3,4;3,200000048;0,200000003;8,324
16.03.2026 01:00;3,1;3;0,100000001;8,08
16.03.2026 02:00;2,9;2,900000095;0;7,832
16.03.2026 03:00;3,4;3,400000095;0;7,491
16.03.2026 04:00;3,7;3,599999905;0,100000001;7,172
16.03.2026 05:00;5,6;5,300000191;0,300000012;7,398
16.03.2026 06:00;7,8;6,900000095;0,899999976;7,998
16.03.2026 07:00;7,5;6,599999905;0,899999976;8,694
16.03.2026 08:00;5,9;5,199999809;0,699999988;9,199
16.03.2026 09:00;5,8;5,199999809;0,600000024;9,58
16.03.2026 10:00;5,8;5,199999809;0,600000024;10,314
16.03.2026 11:00;4,9;4,400000095;0,5;11,327
16.03.2026 12:00;5;4,5;0,5;11,987
16.03.2026 13:00;4,9;4,400000095;0,5;12,189
16.03.2026 14:00;4,8;4,400000095;0,400000006;11,704
16.03.2026 15:00;5,9;5,5;0,400000006;11,115
16.03.2026 16:00;5,8;5,300000191;0,5;10,288
16.03.2026 17:00;6;5,400000095;0,600000024;9,219
16.03.2026 18:00;6;5,400000095;0,600000024;8,531
16.03.2026 19:00;6,9;6;0,899999976;8,034
16.03.2026 20:00;7;6,099999905;0,899999976;7,578
16.03.2026 21:00;6,7;5,800000191;0,899999976;7,296
16.03.2026 22:00;4,3;3,799999952;0,5;7,155
16.03.2026 23:00;3,5;3,200000048;0,300000012;6,952
17.03.2026 00:00;3,4;3,200000048;0,200000003;6,757
17.03.2026 01:00;3,3;3,200000048;0,100000001;6,482
17.03.2026 02:00;3,2;3,099999905;0,100000001;6,24
17.03.2026 03:00;3,6;3,599999905;0;6,219
17.03.2026 04:00;3,9;3,799999952;0,100000001;6,261
17.03.2026 05:00;5,5;5,400000095;0,100000001;6,321
17.03.2026 06:00;7,8;7,699999809;0,100000001;6,644
17.03.2026 07:00;7,5;7,300000191;0,200000003;6,932
17.03.2026 08:00;6,3;5,800000191;0,5;7,326
17.03.2026 09:00;7;6;1;7,892
17.03.2026 10:00;6,3;5,300000191;1;8,553
17.03.2026 11:00;6,3;5,300000191;1;9,117
17.03.2026 12:00;6,2;5,199999809;1;9,25
17.03.2026 13:00;5,3;4,599999905;0,699999988;8,865
17.03.2026 14:00;5,6;4,900000095;0,699999988;8,316
17.03.2026 15:00;5,7;5,099999905;0,600000024;7,496
17.03.2026 16:00;5,2;4,699999809;0,5;6,339
17.03.2026 17:00;6,4;5,800000191;0,600000024;4,94
17.03.2026 18:00;7,3;6,599999905;0,699999988;3,938
17.03.2026 19:00;6,7;6;0,699999988;3,167
17.03.2026 20:00;7,3;6,599999905;0,699999988;2,626
17.03.2026 21:00;7,8;7,199999809;0,600000024;2,267
17.03.2026 22:00;4,7;4,300000191;0,400000006;2,077
17.03.2026 23:00;4,8;4,5;0,300000012;1,938
18.03.2026 00:00;4,3;4,099999905;0,200000003;1,749
18.03.2026 01:00;4,9;4,800000191;0,100000001;1,67
18.03.2026 02:00;4,5;4,400000095;0,100000001;1,803
18.03.2026 03:00;4,9;4,900000095;0;1,953
18.03.2026 04:00;4,7;4,599999905;0,100000001;2,181
18.03.2026 05:00;6,9;6,800000191;0,100000001;2,424
18.03.2026 06:00;9,3;9,199999809;0,100000001;2,795
18.03.2026 07:00;8,7;8,5;0,200000003;3,48
18.03.2026 08:00;8,1;7,599999905;0,5;4,609
18.03.2026 09:00;7,6;6,699999809;0,899999976;6,039
18.03.2026 10:00;6,8;5,900000095;1;7,092
18.03.2026 11:00;7;6;1;7,964
18.03.2026 12:00;6,5;5,599999905;0,899999976;8,449
18.03.2026 13:00;6,2;5,400000095;0,800000012;8,655
18.03.2026 14:00;6,1;5,400000095;0,699999988;8,612
18.03.2026 15:00;6,1;5,5;0,600000024;7,986
18.03.2026 16:00;6,7;6,099999905;0,600000024;6,662
18.03.2026 17:00;6,5;5,900000095;0,600000024;4,32
18.03.2026 18:00;7,7;7;0,699999988;2,805
18.03.2026 19:00;8,2;7,400000095;0,800000012;1,86
18.03.2026 20:00;8,6;7,900000095;0,699999988;1,008
18.03.2026 21:00;6,9;6,400000095;0,5;0,267
18.03.2026 22:00;4,5;4,099999905;0,400000006;-0,272
18.03.2026 23:00;3,9;3,599999905;0,300000012;-0,6
19.03.2026 00:00;4,1;3,900000095;0,200000003;-0,751
19.03.2026 01:00;3,9;3,799999952;0,100000001;-0,815
19.03.2026 02:00;3,9;3,900000095;0;-0,961
19.03.2026 03:00;4,2;4,199999809;0;-1,255
19.03.2026 04:00;4,6;4,5;0,100000001;-1,402
19.03.2026 05:00;7,1;6,800000191;0,300000012;-1,487
19.03.2026 06:00;9,8;8,899999619;0,899999976;0,005
19.03.2026 07:00;8,7;7,800000191;0,899999976;2,327
19.03.2026 08:00;7,2;6,400000095;0,800000012;5,331
19.03.2026 09:00;7;6,300000191;0,699999988;7,041
19.03.2026 10:00;6;5,400000095;0,600000024;8,196
19.03.2026 11:00;5,9;5,400000095;0,5;9,153
19.03.2026 12:00;5,3;4,800000191;0,5;9,836
19.03.2026 13:00;4,6;4,199999809;0,400000006;10,123
19.03.2026 14:00;5,5;5,099999905;0,400000006;9,952
19.03.2026 15:00;5,2;4,800000191;0,400000006;9,454
19.03.2026 16:00;5,5;5,099999905;0,400000006;8,09
19.03.2026 17:00;6,8;6,199999809;0,600000024;6,264
19.03.2026 18:00;6,9;6,199999809;0,699999988;5,929
19.03.2026 19:00;7,8;6,900000095;0,899999976;5,871
19.03.2026 20:00;8,1;7,199999809;0,899999976;5,275
19.03.2026 21:00;8,7;7,800000191;0,899999976;4,273
19.03.2026 22:00;5,1;4,599999905;0,5;3,467
19.03.2026 23:00;4,4;4,099999905;0,300000012;2,41
20.03.2026 00:00;4,2;4;0,200000003;1,516
20.03.2026 01:00;3,9;3,799999952;0,100000001;0,925
20.03.2026 02:00;4;4;0;0,487
20.03.2026 03:00;4,3;4,300000191;0;0,098
20.03.2026 04:00;4,4;4,300000191;0,100000001;-0,147
20.03.2026 05:00;7,1;6,800000191;0,300000012;-0,234
20.03.2026 06:00;9,6;8,699999809;0,800000012;2,214
20.03.2026 07:00;8,9;8;0,899999976;4,972
20.03.2026 08:00;7,1;6,400000095;0,699999988;7,363
20.03.2026 09:00;6,6;6;0,600000024;9,897
20.03.2026 10:00;5,8;5,300000191;0,5;11,284
20.03.2026 11:00;5,7;5,199999809;0,5;12,154
20.03.2026 12:00;5,3;4,800000191;0,5;12,771
20.03.2026 13:00;5,4;4,900000095;0,5;12,999
20.03.2026 14:00;4,8;4,400000095;0,400000006;12,849
20.03.2026 15:00;5,1;4,699999809;0,400000006;12,393
20.03.2026 16:00;5,4;5;0,400000006;11,308
20.03.2026 17:00;6,1;5,5;0,600000024;9,838
20.03.2026 18:00;6,7;6;0,699999988;9,538
20.03.2026 19:00;7,1;6,199999809;0,899999976;9,044
20.03.2026 20:00;7,5;6,599999905;0,899999976;8,466
20.03.2026 21:00;7,5;6,599999905;0,899999976;8,034
20.03.2026 22:00;4;3,5;0,5;7,642
20.03.2026 23:00;3,3;3;0,300000012;7,112
21.03.2026 00:00;2,8;2,599999905;0,200000003;6,503
21.03.2026 01:00;3,1;3;0,100000001;5,739
21.03.2026 02:00;2,9;2,900000095;0;4,811
21.03.2026 03:00;3;3;0;3,871
21.03.2026 04:00;3,5;3,400000095;0,100000001;3,085
21.03.2026 05:00;5,4;5,099999905;0,300000012;2,612
21.03.2026 06:00;7,2;6,400000095;0,800000012;4,506
21.03.2026 07:00;7,6;6,699999809;0,899999976;7,09
21.03.2026 08:00;6,4;5,599999905;0,800000012;9,59
21.03.2026 09:00;6,1;5,400000095;0,699999988;12,518
21.03.2026 10:00;5,5;4,900000095;0,600000024;13,848
21.03.2026 11:00;5,7;5;0,600000024;14,762
21.03.2026 12:00;4,8;4,300000191;0,5;15,448
21.03.2026 13:00;4,5;4,099999905;0,400000006;15,84
21.03.2026 14:00;4,4;4;0,400000006;15,837
21.03.2026 15:00;4,5;4,099999905;0,400000006;15,436
21.03.2026 16:00;4,7;4,300000191;0,400000006;14,099
21.03.2026 17:00;5,6;5;0,600000024;11,865
21.03.2026 18:00;5,8;5,199999809;0,600000024;10,527
21.03.2026 19:00;6,4;5,5;0,800000012;9,397
21.03.2026 20:00;6,7;5,800000191;0,899999976;8,356
21.03.2026 21:00;6,2;5,400000095;0,800000012;7,51
21.03.2026 22:00;4;3,5;0,5;6,826
21.03.2026 23:00;3;2,700000048;0,300000012;6,233
22.03.2026 00:00;3,5;3,299999952;0,200000003;5,753
22.03.2026 01:00;3,3;3,200000048;0,100000001;5,222
22.03.2026 02:00;3,1;3,099999905;0;4,711
22.03.2026 03:00;3,4;3,400000095;0;4,255
22.03.2026 04:00;3,7;3,599999905;0,100000001;3,813
22.03.2026 05:00;5,5;5,199999809;0,300000012;3,552
22.03.2026 06:00;7,6;6,800000191;0,800000012;5,818
22.03.2026 07:00;7,3;6,400000095;0,800000012;8,494
22.03.2026 08:00;6,8;6;0,800000012;10,62
22.03.2026 09:00;5,9;5,300000191;0,600000024;14,026
22.03.2026 10:00;5,7;5;0,600000024;16,128
22.03.2026 11:00;5,1;4,599999905;0,5;17,042
22.03.2026 12:00;5,1;4,599999905;0,5;17,613
22.03.2026 13:00;4,6;4,199999809;0,400000006;17,812
22.03.2026 14:00;4,8;4,400000095;0,400000006;17,592
22.03.2026 15:00;4,9;4,5;0,400000006;16,862
22.03.2026 16:00;5;4,599999905;0,400000006;14,807
22.03.2026 17:00;5;4,5;0,5;11,332
22.03.2026 18:00;5,7;5,099999905;0,600000024;9,902
22.03.2026 19:00;6,9;6;0,899999976;9,147
22.03.2026 20:00;6,7;5,800000191;0,899999976;8,436
22.03.2026 21:00;6,7;5,800000191;0,899999976;7,754
22.03.2026 22:00;3,7;3,200000048;0,5;7,02
22.03.2026 23:00;3,3;3;0,300000012;6,181
23.03.2026 00:00;2,9;2,700000048;0,200000003;5,231
23.03.2026 01:00;3;2,900000095;0,100000001;4,297
23.03.2026 02:00;2,8;2,799999952;0;3,527
23.03.2026 03:00;2,8;2,799999952;0;2,888
23.03.2026 04:00;3,4;3,400000095;0,100000001;2,929
23.03.2026 05:00;5;4,699999809;0,300000012;3,634
23.03.2026 06:00;7,4;6,5;0,899999976;4,443
23.03.2026 07:00;6,3;5,400000095;0,899999976;4,967
23.03.2026 08:00;5,5;4,699999809;0,800000012;5,868
23.03.2026 09:00;4,8;4,199999809;0,600000024;7,422
23.03.2026 10:00;4,6;4;0,600000024;8,996
23.03.2026 11:00;4,1;3,599999905;0,5;10,219
23.03.2026 12:00;3,9;3,400000095;0,5;10,693
23.03.2026 13:00;3,8;3,299999952;0,5;10,991
23.03.2026 14:00;3,1;2,700000048;0,400000006;11,004
23.03.2026 15:00;3,7;3,299999952;0,400000006;10,641
23.03.2026 16:00;4;3,5;0,5;9,856
23.03.2026 17:00;4,1;3,5;0,600000024;8,097
23.03.2026 18:00;5,5;4,800000191;0,699999988;7,18
23.03.2026 19:00;5,4;4,599999905;0,800000012;6,731
23.03.2026 20:00;6,3;5,400000095;0,899999976;6,323
23.03.2026 21:00;5,8;5;0,800000012;5,879
23.03.2026 22:00;3,9;3,400000095;0,5;5,325
23.03.2026 23:00;3,3;3;0,300000012;4,946
24.03.2026 00:00;3,3;3,099999905;0,200000003;4,871
24.03.2026 01:00;3,7;3,599999905;0,100000001;4,903
24.03.2026 02:00;3,4;3,299999952;0,100000001;4,786
24.03.2026 03:00;3,6;3,599999905;0;4,528
24.03.2026 04:00;3,9;3,799999952;0,100000001;4,264
24.03.2026 05:00;5;4,900000095;0,100000001;4,13
24.03.2026 06:00;6,7;6,599999905;0,100000001;4,69
24.03.2026 07:00;5,8;5,599999905;0,200000003;6,146
24.03.2026 08:00;4,9;4,400000095;0,5;8,653
24.03.2026 09:00;4,3;3,400000095;0,899999976;10,693
24.03.2026 10:00;3,9;2,900000095;1;11,68
24.03.2026 11:00;3,5;2,5;1;12,195
24.03.2026 12:00;3,1;2,200000048;0,899999976;12,364
24.03.2026 13:00;3;2,200000048;0,800000012;12,093
24.03.2026 14:00;2,5;1,799999952;0,699999988;11,517
24.03.2026 15:00;2,4;1,799999952;0,600000024;10,76
24.03.2026 16:00;2,5;2;0,5;9,343
24.03.2026 17:00;3,4;2,799999952;0,600000024;6,005
24.03.2026 18:00;4,1;3,400000095;0,699999988;4,438
24.03.2026 19:00;4,4;3,700000048;0,699999988;3,832
24.03.2026 20:00;4,9;4,199999809;0,699999988;3,073
24.03.2026 21:00;4,9;4,300000191;0,600000024;2,032
24.03.2026 22:00;3,3;2,799999952;0,5;1,123
24.03.2026 23:00;3,2;2,900000095;0,300000012;0,824
25.03.2026 00:00;2,8;2,599999905;0,200000003;1,149
25.03.2026 01:00;3,3;3,200000048;0,100000001;1,826
25.03.2026 02:00;3,4;3,299999952;0,100000001;2,288
25.03.2026 03:00;3,5;3,599999905;0;2,572
25.03.2026 04:00;3,9;3,799999952;0,100000001;2,815
25.03.2026 05:00;4,8;4,699999809;0,100000001;2,795
25.03.2026 06:00;6,4;6,300000191;0,100000001;3,637
25.03.2026 07:00;6,1;5,900000095;0,200000003;4,6
25.03.2026 08:00;4,8;4,300000191;0,5;5,882
25.03.2026 09:00;4,7;3,799999952;1;6,677
25.03.2026 10:00;4,5;3,5;1;7,158
25.03.2026 11:00;4,1;3,099999905;1;7,68
25.03.2026 12:00;3,1;2,299999952;0,800000012;8,24
25.03.2026 13:00;2,7;2;0,699999988;8,419
25.03.2026 14:00;3,1;2,5;0,600000024;7,918
25.03.2026 15:00;3;2,5;0,5;7,165
25.03.2026 16:00;3,3;2,799999952;0,5;6,583
25.03.2026 17:00;3,9;3,400000095;0,600000024;5,773
25.03.2026 18:00;4,5;3,799999952;0,699999988;5,26
25.03.2026 19:00;4,7;4;0,699999988;4,96
25.03.2026 20:00;4,9;4,199999809;0,699999988;4,461
25.03.2026 21:00;4,8;4,199999809;0,600000024;3,506
25.03.2026 22:00;2,8;2,400000095;0,400000006;3,297
25.03.2026 23:00;2,6;2,299999952;0,300000012;3,309
26.03.2026 00:00;2,4;2,200000048;0,200000003;3,233
26.03.2026 01:00;2,3;2,200000048;0,100000001;2,767
26.03.2026 02:00;2,5;2,5;0;2,94
26.03.2026 03:00;2,2;2,200000048;0;3,199
26.03.2026 04:00;2,9;2,799999952;0,100000001;3,231
26.03.2026 05:00;3,7;3,400000095;0,300000012;3,161
26.03.2026 06:00;5;4,199999809;0,800000012;3,657
26.03.2026 07:00;4,5;3,599999905;0,899999976;4,473
26.03.2026 08:00;3,6;2,799999952;0,800000012;5,929
26.03.2026 09:00;2,8;2,200000048;0,600000024;6,996
26.03.2026 10:00;2,4;1,899999976;0,5;7,89
26.03.2026 11:00;2;1,5;0,5;8,193
26.03.2026 12:00;2;1,5;0,5;8,313
26.03.2026 13:00;1,9;1,399999976;0,5;8,521
26.03.2026 14:00;1,7;1,299999952;0,400000006;8,681
26.03.2026 15:00;1,9;1,5;0,400000006;8,566
26.03.2026 16:00;2;1,5;0,5;7,927
26.03.2026 17:00;2,5;1,899999976;0,600000024;6,002
26.03.2026 18:00;2,9;2,299999952;0,600000024;5,126
26.03.2026 19:00;3,6;2,700000048;0,800000012;4,79
26.03.2026 20:00;3,7;2,799999952;0,899999976;4,448
26.03.2026 21:00;3,4;2,599999905;0,800000012;3,914
26.03.2026 22:00;2;1,5;0,5;3,464
26.03.2026 23:00;1,8;1,5;0,300000012;3,026
27.03.2026 00:00;2,4;2,200000048;0,200000003;2,535
27.03.2026 01:00;2,7;2,599999905;0,100000001;1,983
27.03.2026 02:00;2,7;2,700000048;0;1,492
27.03.2026 03:00;2,7;2,700000048;0;1,402
27.03.2026 04:00;3,4;3,299999952;0,100000001;1,768
27.03.2026 05:00;5;4,699999809;0,300000012;2,393
27.03.2026 06:00;7,2;6,300000191;0,899999976;2,614
27.03.2026 07:00;7,5;6,599999905;0,899999976;3,195
27.03.2026 08:00;6,4;5,599999905;0,800000012;5,564
27.03.2026 09:00;4,7;4,099999905;0,600000024;8,306
27.03.2026 10:00;4,5;4;0,5;9,621
27.03.2026 11:00;4,5;4;0,5;10,42
27.03.2026 12:00;4,2;3,700000048;0,5;11,058
27.03.2026 13:00;4,7;4,199999809;0,5;11,349
27.03.2026 14:00;4,5;4;0,5;11,233
27.03.2026 15:00;4,1;3,700000048;0,400000006;10,793
27.03.2026 16:00;4,6;4,099999905;0,5;9,867
27.03.2026 17:00;4,8;4,199999809;0,600000024;8,34
27.03.2026 18:00;5,7;5;0,699999988;7,727
27.03.2026 19:00;6,6;5,699999809;0,899999976;7,44
27.03.2026 20:00;6,6;5,699999809;0,899999976;7,022
27.03.2026 21:00;6,3;5,400000095;0,800000012;6,501
27.03.2026 22:00;4;3,5;0,5;5,912
27.03.2026 23:00;3,3;3;0,300000012;5,466
28.03.2026 00:00;3,5;3,400000095;0,200000003;5,188
28.03.2026 01:00;2,5;2,400000095;0,100000001;5,024
28.03.2026 02:00;2,4;2,400000095;0;4,8
28.03.2026 03:00;3;3;0;4,513
28.03.2026 04:00;3,2;3,099999905;0,100000001;4,253
28.03.2026 05:00;4,1;3,799999952;0,300000012;4,313
28.03.2026 06:00;5,8;4,900000095;0,899999976;5,885
28.03.2026 07:00;5,4;4,5;0,899999976;7,675
28.03.2026 08:00;4,2;3,400000095;0,800000012;9,954
28.03.2026 09:00;3,3;2,700000048;0,600000024;11,293
28.03.2026 10:00;3;2,5;0,5;11,769
28.03.2026 11:00;2,4;1,899999976;0,5;12,22
28.03.2026 12:00;2,2;1,700000048;0,5;12,827
28.03.2026 13:00;2,5;2;0,5;13,191
28.03.2026 14:00;1,9;1,5;0,400000006;13,029
28.03.2026 15:00;2,1;1,700000048;0,400000006;12,658
28.03.2026 16:00;2,3;1,799999952;0,400000006;11,791
28.03.2026 17:00;2,9;2,299999952;0,600000024;9,439
28.03.2026 18:00;3,2;2,599999905;0,600000024;7,676
28.03.2026 19:00;3,7;2,799999952;0,800000012;6,621
28.03.2026 20:00;3,9;3;0,899999976;5,782
28.03.2026 21:00;4,1;3,200000048;0,899999976;5,146
28.03.2026 22:00;2,5;2;0,5;4,66
28.03.2026 23:00;2,3;2;0,300000012;4,244
29.03.2026 00:00;2;1,799999952;0,200000003;3,896
29.03.2026 01:00;1,8;1,700000048;0,100000001;3,619
29.03.2026 02:00;1,8;1,799999952;0;3,392
29.03.2026 03:00;1,9;1,899999976;0;3,255
29.03.2026 04:00;2,2;2,099999905;0,100000001;3,187
29.03.2026 05:00;3;2,700000048;0,300000012;3,527
29.03.2026 06:00;3,8;3;0,800000012;5,85
29.03.2026 07:00;3,6;2,700000048;0,899999976;7,956
29.03.2026 08:00;2,8;2;0,800000012;10,693
29.03.2026 09:00;1,8;1,200000048;0,600000024;13,34
29.03.2026 10:00;1,4;1;0,5;14,657
29.03.2026 11:00;1,5;1;0,5;15,541
29.03.2026 12:00;1,4;0,899999976;0,5;16,135
29.03.2026 13:00;1,4;0,899999976;0,5;16,415
29.03.2026 14:00;1,2;0,800000012;0,400000006;16,35
29.03.2026 15:00;1,3;0,899999976;0,400000006;15,946
29.03.2026 16:00;1,4;1;0,400000006;14,777
29.03.2026 17:00;1,7;1,100000024;0,600000024;11,456
29.03.2026 18:00;2,1;1,399999976;0,699999988;9,479
29.03.2026 19:00;2,6;1,700000048;0,899999976;8,644
29.03.2026 20:00;3,4;2,5;1;7,888
29.03.2026 21:00;3,4;2,5;0,899999976;7,208
29.03.2026 22:00;2,5;2;0,5;6,592
29.03.2026 23:00;2,5;2,200000048;0,300000012;6,071
30.03.2026 00:00;2,9;2,700000048;0,200000003;5,664
30.03.2026 01:00;2,9;2,799999952;0,100000001;5,34
30.03.2026 02:00;3;2,900000095;0,100000001;5,053
30.03.2026 03:00;3;3;0;4,774
30.03.2026 04:00;3,4;3,299999952;0,100000001;4,51
30.03.2026 05:00;4,4;4,300000191;0,100000001;4,715
30.03.2026 06:00;4,5;4,400000095;0,100000001;6,997
30.03.2026 07:00;3,6;3,400000095;0,200000003;9,243
30.03.2026 08:00;2,6;2,099999905;0,5;12,529
30.03.2026 09:00;2,3;1,299999952;1;15,346
30.03.2026 10:00;2,2;1,200000048;1;16,596
30.03.2026 11:00;2,3;1,200000048;1,100000024;17,208
30.03.2026 12:00;2;1,100000024;0,899999976;17,533
30.03.2026 13:00;1,9;1,100000024;0,800000012;17,638
30.03.2026 14:00;1,6;1;0,600000024;17,462
30.03.2026 15:00;1,6;1,100000024;0,5;16,882
30.03.2026 16:00;1,7;1,200000048;0,5;15,349
30.03.2026 17:00;1,9;1,299999952;0,600000024;12,263
30.03.2026 18:00;2,1;1,399999976;0,699999988;10,965
30.03.2026 19:00;2,2;1,5;0,699999988;10,728
30.03.2026 20:00;2,3;1,600000024;0,699999988;10,446
30.03.2026 21:00;2;1,5;0,5;9,989
30.03.2026 22:00;1,6;1,200000048;0,400000006;9,394
30.03.2026 23:00;1;0,800000012;0,200000003;9,133
31.03.2026 00:00;1,4;1,200000048;0,200000003;8,849
31.03.2026 01:00;1,7;1,600000024;0,100000001;8,367
31.03.2026 02:00;2,2;2,099999905;0,100000001;7,717
31.03.2026 03:00;2,4;2,400000095;0;6,51
31.03.2026 04:00;2,8;2,700000048;0,100000001;5,61
31.03.2026 05:00;3,6;3,5;0,100000001;4,972
31.03.2026 06:00;3,6;3,5;0,100000001;6,844
31.03.2026 07:00;2,2;2;0,200000003;8,67
31.03.2026 08:00;1,7;1,200000048;0,5;10,663
31.03.2026 09:00;2;1,100000024;1;12,201
31.03.2026 10:00;2;1;1;13,212
31.03.2026 11:00;2;1;1;13,685
31.03.2026 12:00;1,6;0,800000012;0,800000012;13,606
31.03.2026 13:00;1,6;0,899999976;0,699999988;13,352
31.03.2026 14:00;1,4;0,800000012;0,600000024;12,953
31.03.2026 15:00;1,4;0,899999976;0,5;12,286
31.03.2026 16:00;1,6;1;0,600000024;11,206
31.03.2026 17:00;1,6;1;0,600000024;9,245
31.03.2026 18:00;1,6;1;0,600000024;7,466
31.03.2026 19:00;2,1;1,399999976;0,699999988;6,553
31.03.2026 20:00;2,6;1,899999976;0,699999988;5,559
31.03.2026 21:00;3;2,400000095;0,600000024;4,543
31.03.2026 22:00;2,8;2,400000095;0,5;3,659
31.03.2026 23:00;2,8;2,5;0,300000012;2,93
01.04.2026 00:00;3,7;3,400000095;0,200000003;2,254
01.04.2026 01:00;3,6;3,5;0,100000001;1,685
01.04.2026 02:00;3,7;3,599999905;0,100000001;1,344
01.04.2026 03:00;3,8;3,799999952;0;1,083
01.04.2026 04:00;3,7;3,599999905;0,100000001;0,657
01.04.2026 05:00;4,4;4,300000191;0,100000001;0,808
01.04.2026 06:00;6,2;6,099999905;0,100000001;2,648
01.04.2026 07:00;5;4,800000191;0,200000003;5,091
01.04.2026 08:00;4,3;3,799999952;0,5;8,65
01.04.2026 09:00;4,1;3,200000048;0,899999976;10,894
01.04.2026 10:00;3,6;2,599999905;1;12,602
01.04.2026 11:00;3,4;2,400000095;1;13,899
01.04.2026 12:00;2,7;1,799999952;0,899999976;14,791
01.04.2026 13:00;2,5;1,799999952;0,699999988;15,283
01.04.2026 14:00;2,4;1,700000048;0,699999988;15,367
01.04.2026 15:00;2,2;1,700000048;0,5;15,075
01.04.2026 16:00;2,3;1,799999952;0,5;13,994
01.04.2026 17:00;2,7;2,200000048;0,5;10,676
01.04.2026 18:00;3,7;3;0,699999988;8,533
01.04.2026 19:00;4,2;3,400000095;0,800000012;7,874
01.04.2026 20:00;4,3;3,599999905;0,699999988;7,314
01.04.2026 21:00;4;3,400000095;0,600000024;6,792
01.04.2026 22:00;2,6;2,200000048;0,400000006;6,33
01.04.2026 23:00;2,5;2,200000048;0,300000012;5,976
02.04.2026 00:00;2,5;2,299999952;0,200000003;5,673
02.04.2026 01:00;2,2;2,099999905;0,100000001;5,436
02.04.2026 02:00;2,3;2,200000048;0,100000001;5,322
02.04.2026 03:00;2,4;2,400000095;0;5,483
02.04.2026 04:00;2,6;2,5;0,100000001;5,571
02.04.2026 05:00;3,5;3,400000095;0,100000001;5,588
02.04.2026 06:00;4,4;4,400000095;0,100000001;6,796
02.04.2026 07:00;3,5;3,299999952;0,200000003;8,958
02.04.2026 08:00;3,3;2,799999952;0,5;11,108
02.04.2026 09:00;3,6;2,700000048;1;12,45
02.04.2026 10:00;3,1;2,200000048;0,899999976;13,049
02.04.2026 11:00;2,8;1,799999952;1;13,328
02.04.2026 12:00;2,8;1,899999976;1;13,557
02.04.2026 13:00;2,4;1,700000048;0,699999988;13,629
02.04.2026 14:00;2,1;1,5;0,600000024;13,352
02.04.2026 15:00;2;1,5;0,5;13,411
02.04.2026 16:00;2,1;1,600000024;0,5;12,696
02.04.2026 17:00;2,9;2,299999952;0,600000024;11,264
02.04.2026 18:00;3,1;2,5;0,600000024;10,464
02.04.2026 19:00;3,5;2,900000095;0,600000024;9,908
02.04.2026 20:00;3,9;3,299999952;0,600000024;9,506
02.04.2026 21:00;3,6;3,099999905;0,5;8,984
02.04.2026 22:00;2,1;1,700000048;0,400000006;8,278
02.04.2026 23:00;2;1,700000048;0,300000012;7,429
03.04.2026 00:00;2,5;2,299999952;0,200000003;6,676
03.04.2026 01:00;2,2;2,099999905;0,100000001;6,134
03.04.2026 02:00;2;2;0;5,757
03.04.2026 03:00;2,3;2,299999952;0;5,715
03.04.2026 04:00;2,9;2,799999952;0,100000001;5,717
03.04.2026 05:00;4,2;3,900000095;0,300000012;5,787
03.04.2026 06:00;6,6;5,800000191;0,800000012;6,334
03.04.2026 07:00;6,4;5,5;0,800000012;6,678
03.04.2026 08:00;5,6;4,800000191;0,800000012;7,188
03.04.2026 09:00;5,3;4,599999905;0,699999988;7,965
03.04.2026 10:00;4,8;4,199999809;0,600000024;9,134
03.04.2026 11:00;4,5;4;0,5;10,066
03.04.2026 12:00;4;3,599999905;0,5;10,22
03.04.2026 13:00;4,1;3,599999905;0,5;9,443
03.04.2026 14:00;4;3,599999905;0,400000006;8,687
03.04.2026 15:00;4,3;3,900000095;0,400000006;8,093
03.04.2026 16:00;4,4;4;0,400000006;7,261
03.04.2026 17:00;5,5;4,900000095;0,600000024;6,188
03.04.2026 18:00;5,3;4,699999809;0,600000024;5,447
03.04.2026 19:00;6,1;5,199999809;0,800000012;5,105
03.04.2026 20:00;5,9;5;0,899999976;4,946
03.04.2026 21:00;6,1;5,199999809;0,899999976;4,763
03.04.2026 22:00;3,8;3,299999952;0,5;4,363
03.04.2026 23:00;3,3;3;0,300000012;3,955
04.04.2026 00:00;3,1;2,900000095;0,200000003;3,18
04.04.2026 01:00;3,1;3;0,100000001;2,645
04.04.2026 02:00;2,8;2,799999952;0;2,96
04.04.2026 03:00;3;3;0;2,874
04.04.2026 04:00;3,7;3,599999905;0,100000001;2,61
04.04.2026 05:00;5,5;5,199999809;0,300000012;2,828
04.04.2026 06:00;7,2;6,400000095;0,800000012;4,176
04.04.2026 07:00;7;6,199999809;0,800000012;4,732
04.04.2026 08:00;6;5,300000191;0,699999988;5,206
04.04.2026 09:00;4,9;4,400000095;0,5;5,483
04.04.2026 10:00;5,4;4,800000191;0,600000024;5,552
04.04.2026 11:00;5,3;4,800000191;0,5;5,716
04.04.2026 12:00;5,1;4,599999905;0,5;6,269
04.04.2026 13:00;5,3;4,800000191;0,5;6,893
04.04.2026 14:00;4,7;4,300000191;0,400000006;6,863
04.04.2026 15:00;4,9;4,5;0,400000006;6,968
04.04.2026 16:00;4,8;4,400000095;0,400000006;6,737
04.04.2026 17:00;5,6;5;0,600000024;5,376
04.04.2026 18:00;5,7;5,099999905;0,600000024;4,501
04.04.2026 19:00;6,6;5,800000191;0,800000012;4,243
04.04.2026 20:00;7,2;6,300000191;0,899999976;4,088
04.04.2026 21:00;6,9;6;0,899999976;3,77
04.04.2026 22:00;4,2;3,700000048;0,5;3,518
04.04.2026 23:00;3,6;3,400000095;0,300000012;3,266
05.04.2026 00:00;3;2,799999952;0,200000003;2,808
05.04.2026 01:00;3,4;3,299999952;0,100000001;2,666
05.04.2026 02:00;2,9;2,900000095;0;3,071
05.04.2026 03:00;3,4;3,400000095;0;3,004
05.04.2026 04:00;3,8;3,700000048;0,100000001;2,637
05.04.2026 05:00;5,4;5,099999905;0,300000012;2,59
05.04.2026 06:00;7,2;6,400000095;0,800000012;4,278
05.04.2026 07:00;6,4;5,599999905;0,800000012;5,957
05.04.2026 08:00;5,8;5;0,800000012;7,537
05.04.2026 09:00;4,7;4,099999905;0,600000024;8,962
05.04.2026 10:00;4,5;4;0,5;9,635
05.04.2026 11:00;4,5;4;0,5;9,698
05.04.2026 12:00;4,5;4;0,5;9,617
05.04.2026 13:00;4,2;3,799999952;0,400000006;9,532
05.04.2026 14:00;4,1;3,599999905;0,400000006;9,42
05.04.2026 15:00;4,2;3,799999952;0,400000006;9,202
05.04.2026 16:00;4,4;4;0,400000006;8,738
05.04.2026 17:00;4,9;4,400000095;0,600000024;7,632
05.04.2026 18:00;5,7;5;0,699999988;6,412
05.04.2026 19:00;6;5,099999905;0,899999976;6,039
05.04.2026 20:00;5,5;4,699999809;0,800000012;5,825
05.04.2026 21:00;5,6;4,800000191;0,800000012;5,561
05.04.2026 22:00;3,4;2,900000095;0,5;5,077
05.04.2026 23:00;2,7;2,400000095;0,300000012;4,551
06.04.2026 00:00;2,3;2,099999905;0,200000003;4,107
06.04.2026 01:00;2,5;2,400000095;0,100000001;3,717
06.04.2026 02:00;2,3;2,400000095;0;3,451
06.04.2026 03:00;2,4;2,400000095;0;3,388
06.04.2026 04:00;2,3;2,200000048;0,100000001;3,423
06.04.2026 05:00;3,5;3,200000048;0,300000012;4,115
06.04.2026 06:00;4,7;3,900000095;0,800000012;5,516
06.04.2026 07:00;4,5;3,599999905;0,800000012;7,779
06.04.2026 08:00;3,5;2,799999952;0,699999988;10,296
06.04.2026 09:00;3,3;2,599999905;0,600000024;11,935
06.04.2026 10:00;2,8;2,200000048;0,600000024;13,28
06.04.2026 11:00;2,3;1,799999952;0,5;14,433
06.04.2026 12:00;2,1;1,600000024;0,5;15,324
06.04.2026 13:00;1,7;1,299999952;0,400000006;15,862
06.04.2026 14:00;1,9;1,5;0,400000006;15,992
06.04.2026 15:00;1,9;1,5;0,400000006;15,668
06.04.2026 16:00;1,9;1,5;0,400000006;14,783
06.04.2026 17:00;2,3;1,700000048;0,600000024;12,612
06.04.2026 18:00;3,2;2,5;0,699999988;10,995
06.04.2026 19:00;3,5;2,700000048;0,800000012;10,695
06.04.2026 20:00;4,1;3,200000048;0,899999976;10,438
06.04.2026 21:00;4,3;3,400000095;0,899999976;10,16
06.04.2026 22:00;2,8;2,299999952;0,5;9,748
06.04.2026 23:00;2,5;2,200000048;0,300000012;9,227
07.04.2026 00:00;2,6;2,400000095;0,200000003;8,491
07.04.2026 01:00;2,9;2,799999952;0,100000001;7,827
07.04.2026 02:00;2,4;2,400000095;0,100000001;7,167
07.04.2026 03:00;2,7;2,700000048;0;6,617
07.04.2026 04:00;2,7;2,599999905;0,100000001;6,205
07.04.2026 05:00;3,6;3,400000095;0,100000001;6,772
07.04.2026 06:00;3,6;3,5;0,100000001;8,924
07.04.2026 07:00;3,1;2,900000095;0,200000003;10,919
07.04.2026 08:00;2,2;1,700000048;0,5;13,659
07.04.2026 09:00;2,2;1,200000048;1;15,809
07.04.2026 10:00;2,1;1,100000024;1;17,098
07.04.2026 11:00;2;1;1;17,93
07.04.2026 12:00;1,9;1;0,899999976;18,388
07.04.2026 13:00;1,8;1;0,800000012;18,488
07.04.2026 14:00;1,6;1;0,600000024;18,304
07.04.2026 15:00;1,5;1;0,5;17,82
07.04.2026 16:00;1,7;1,100000024;0,600000024;16,642
07.04.2026 17:00;1,8;1,200000048;0,600000024;14,353
07.04.2026 18:00;2;1,299999952;0,699999988;12,493
07.04.2026 19:00;2,5;1,799999952;0,699999988;11,637
07.04.2026 20:00;2,8;2,099999905;0,699999988;10,983
07.04.2026 21:00;3;2,400000095;0,600000024;10,383
07.04.2026 22:00;2;1,600000024;0,400000006;9,788
07.04.2026 23:00;2,6;2,299999952;0,300000012;9,303
08.04.2026 00:00;2,1;1,899999976;0,200000003;8,897
08.04.2026 01:00;2,1;2;0,100000001;8,459
08.04.2026 02:00;2,7;2,599999905;0,100000001;8,006
08.04.2026 03:00;2,5;2,5;0;7,389
08.04.2026 04:00;3,1;3;0,100000001;6,807
08.04.2026 05:00;4,1;4;0,100000001;7,136
08.04.2026 06:00;4,3;4,199999809;0,100000001;9,204
08.04.2026 07:00;3,7;3,599999905;0,200000003;11,106
08.04.2026 08:00;3,6;3,099999905;0,5;13,87
08.04.2026 09:00;3,4;2,5;0,899999976;15,809
08.04.2026 10:00;3,1;2,099999905;1;16,779
08.04.2026 11:00;2,5;1,5;1;17,139
08.04.2026 12:00;2,2;1,299999952;0,899999976;17,008
08.04.2026 13:00;2,4;1,700000048;0,699999988;16,578
08.04.2026 14:00;2,2;1,600000024;0,600000024;16,227
08.04.2026 15:00;2,1;1,5;0,600000024;15,868
08.04.2026 16:00;2,4;1,899999976;0,5;15,223
08.04.2026 17:00;2,6;2;0,600000024;14,09
08.04.2026 18:00;3,1;2,400000095;0,699999988;13,213
08.04.2026 19:00;3;2,400000095;0,600000024;12,476
08.04.2026 20:00;3,3;2,599999905;0,699999988;11,602
08.04.2026 21:00;3,1;2,599999905;0,5;10,947
08.04.2026 22:00;1,9;1,5;0,400000006;10,301
08.04.2026 23:00;1,8;1,5;0,300000012;9,961
09.04.2026 00:00;1,6;1,399999976;0,200000003;9,599
09.04.2026 01:00;1,7;1,600000024;0,100000001;9,11
09.04.2026 02:00;1,9;1,899999976;0;8,713
09.04.2026 03:00;1,9;1,899999976;0;8,297
09.04.2026 04:00;2,3;2,200000048;0,100000001;7,778
09.04.2026 05:00;3,4;3,099999905;0,300000012;7,742
09.04.2026 06:00;4,3;3,5;0,800000012;8,664
09.04.2026 07:00;3,9;3;0,800000012;9,882
09.04.2026 08:00;3,3;2,5;0,800000012;11,395
09.04.2026 09:00;2,5;1,899999976;0,600000024;12,827
09.04.2026 10:00;2,1;1,399999976;0,600000024;13,958
09.04.2026 11:00;1,6;1,100000024;0,5;14,751
09.04.2026 12:00;1,6;1,100000024;0,5;15,238
09.04.2026 13:00;2,3;1,899999976;0,400000006;15,41
09.04.2026 14:00;2,4;2;0,400000006;15,292
09.04.2026 15:00;2,2;1,799999952;0,400000006;14,888
09.04.2026 16:00;2,5;2;0,5;13,939
09.04.2026 17:00;2,7;2,099999905;0,600000024;12,156
09.04.2026 18:00;2,7;2,099999905;0,600000024;10,646
09.04.2026 19:00;3,1;2,299999952;0,800000012;9,757
09.04.2026 20:00;3,4;2,5;0,899999976;8,895
09.04.2026 21:00;3,5;2,700000048;0,800000012;8,184
09.04.2026 22:00;2,1;1,600000024;0,5;7,609
09.04.2026 23:00;1,8;1,5;0,300000012;7,014
10.04.2026 00:00;1,9;1,700000048;0,200000003;6,276
10.04.2026 01:00;2,2;2,099999905;0,100000001;5,377
10.04.2026 02:00;2,7;2,700000048;0;4,44
10.04.2026 03:00;2,9;2,900000095;0;3,693
10.04.2026 04:00;3,3;3,200000048;0,100000001;3,037
10.04.2026 05:00;4,6;4,300000191;0,300000012;3,084
10.04.2026 06:00;5,9;5;0,800000012;4,251
10.04.2026 07:00;5,9;5;0,899999976;6,63
10.04.2026 08:00;4,4;3,700000048;0,699999988;8,885
10.04.2026 09:00;3,7;3,099999905;0,600000024;10,565
10.04.2026 10:00;3,2;2,700000048;0,5;11,714
10.04.2026 11:00;3;2,599999905;0,5;12,43
10.04.2026 12:00;2,6;2,200000048;0,400000006;12,802
10.04.2026 13:00;2,6;2,200000048;0,400000006;12,864
10.04.2026 14:00;2,4;2;0,400000006;12,544
10.04.2026 15:00;2,7;2,299999952;0,400000006;11,801
10.04.2026 16:00;3,1;2,700000048;0,400000006;10,601
10.04.2026 17:00;3,5;2,900000095;0,600000024;8,495
10.04.2026 18:00;4;3,400000095;0,600000024;5,819
10.04.2026 19:00;4,7;3,900000095;0,800000012;4,687
10.04.2026 20:00;5,1;4,199999809;0,899999976;3,599
10.04.2026 21:00;4,8;4;0,800000012;2,653
10.04.2026 22:00;3,4;2,900000095;0,5;1,856
10.04.2026 23:00;3,4;3,099999905;0,300000012;1,202
11.04.2026 00:00;3,7;3,5;0,200000003;0,65
11.04.2026 01:00;4;3,900000095;0,100000001;0,268
11.04.2026 02:00;3,6;3,599999905;0;-0,218
11.04.2026 03:00;4,2;4,199999809;0;-0,745
11.04.2026 04:00;4,6;4,5;0,100000001;-1,281
11.04.2026 05:00;6,1;5,800000191;0,300000012;-0,066
11.04.2026 06:00;7,4;6,599999905;0,800000012;2,402
11.04.2026 07:00;7,2;6,300000191;0,899999976;5,437
11.04.2026 08:00;5,1;4,400000095;0,699999988;7,808
11.04.2026 09:00;4,7;4,099999905;0,600000024;8,984
11.04.2026 10:00;4,4;3,900000095;0,5;9,878
11.04.2026 11:00;4,2;3,700000048;0,5;10,567
11.04.2026 12:00;3,6;3,200000048;0,400000006;11,007
11.04.2026 13:00;3,9;3,400000095;0,5;11,119
11.04.2026 14:00;3,3;2,900000095;0,400000006;10,845
11.04.2026 15:00;3,7;3,299999952;0,400000006;10,197
11.04.2026 16:00;4,1;3,700000048;0,400000006;9,147
11.04.2026 17:00;4,8;4,199999809;0,600000024;7,169
11.04.2026 18:00;5,4;4,800000191;0,600000024;4,597
11.04.2026 19:00;6;5,199999809;0,800000012;3,62
11.04.2026 20:00;5,8;5;0,800000012;2,681
11.04.2026 21:00;6,2;5,400000095;0,800000012;1,789
11.04.2026 22:00;3,8;3,400000095;0,400000006;1,046
11.04.2026 23:00;3,8;3,5;0,300000012;0,429
12.04.2026 00:00;3,8;3,599999905;0,200000003;-0,091
12.04.2026 01:00;3,4;3,299999952;0,100000001;-0,545
12.04.2026 02:00;3,2;3,200000048;0;-0,948
12.04.2026 03:00;3,5;3,400000095;0;-1,306
12.04.2026 04:00;3,9;3,799999952;0,100000001;-1,472
12.04.2026 05:00;5,7;5,400000095;0,300000012;-0,043
12.04.2026 06:00;8;7,199999809;0,800000012;2,446
12.04.2026 07:00;7,7;6,800000191;0,899999976;4,581
12.04.2026 08:00;6,4;5,699999809;0,699999988;5,713
12.04.2026 09:00;6,5;5,900000095;0,600000024;6,382
12.04.2026 10:00;5,6;5,099999905;0,5;6,934
12.04.2026 11:00;5,9;5,400000095;0,5;7,254
12.04.2026 12:00;5;4,599999905;0,400000006;7,421
12.04.2026 13:00;5,2;4,800000191;0,400000006;7,358
12.04.2026 14:00;5,2;4,800000191;0,400000006;6,991
12.04.2026 15:00;5,4;5;0,400000006;6,46
12.04.2026 16:00;5,6;5,199999809;0,400000006;5,634
12.04.2026 17:00;6,1;5,5;0,600000024;4,413
12.04.2026 18:00;7,3;6,599999905;0,699999988;2,51
12.04.2026 19:00;7;6,199999809;0,800000012;1,846
12.04.2026 20:00;7,6;6,699999809;0,899999976;1,295
12.04.2026 21:00;7,3;6,400000095;0,800000012;0,872
12.04.2026 22:00;4,6;4,099999905;0,5;0,527
12.04.2026 23:00;3,5;3,200000048;0,300000012;-0,078
13.04.2026 00:00;3,9;3,700000048;0,200000003;-0,645
13.04.2026 01:00;3,7;3,599999905;0,100000001;-1,119
13.04.2026 02:00;3,8;3,799999952;0;-1,361
13.04.2026 03:00;3,7;3,700000048;0;-1,658
13.04.2026 04:00;4,3;4,199999809;0,100000001;-2,005
13.04.2026 05:00;6,8;6,5;0,300000012;-0,956
13.04.2026 06:00;9;8,199999809;0,800000012;0,666
13.04.2026 07:00;7,4;6,599999905;0,800000012;2,397
13.04.2026 08:00;7,1;6,400000095;0,699999988;3,53
13.04.2026 09:00;6,4;5,800000191;0,600000024;4,378
13.04.2026 10:00;6;5,5;0,5;5,032
13.04.2026 11:00;5,6;5,099999905;0,5;5,555
13.04.2026 12:00;5,8;5,300000191;0,5;5,9
13.04.2026 13:00;5,3;4,900000095;0,400000006;5,967
13.04.2026 14:00;5,2;4,800000191;0,400000006;5,713
13.04.2026 15:00;5,8;5,400000095;0,400000006;5,269
13.04.2026 16:00;6,4;5,900000095;0,5;4,701
13.04.2026 17:00;6,6;6;0,600000024;3,734
13.04.2026 18:00;7,4;6,800000191;0,600000024;1,982
13.04.2026 19:00;7,5;6,699999809;0,800000012;0,996
13.04.2026 20:00;7,9;7;0,800000012;0,454
13.04.2026 21:00;8,2;7,400000095;0,800000012;-0,001
13.04.2026 22:00;5,3;4,800000191;0,5;-0,208
13.04.2026 23:00;4,7;4,400000095;0,300000012;-0,493
14.04.2026 00:00;4,6;4,400000095;0,200000003;-0,899
14.04.2026 01:00;4,5;4,400000095;0,100000001;-1,2
14.04.2026 02:00;4,1;4;0,100000001;-1,384
14.04.2026 03:00;4,2;4,199999809;0;-1,453
14.04.2026 04:00;4,4;4,300000191;0,100000001;-1,622
14.04.2026 05:00;5,8;5,699999809;0,100000001;-0,468
14.04.2026 06:00;7,3;7,199999809;0,100000001;1,597
14.04.2026 07:00;7,6;7,400000095;0,200000003;3,821
14.04.2026 08:00;5,7;5,199999809;0,5;5,939
14.04.2026 09:00;6,1;5;1;7,573
14.04.2026 10:00;5,5;4,5;1;8,869
14.04.2026 11:00;5,1;4,099999905;1;9,638
14.04.2026 12:00;4,9;4;1;9,982
14.04.2026 13:00;4,2;3,5;0,699999988;10,078
14.04.2026 14:00;4,1;3,5;0,600000024;10,022
14.04.2026 15:00;4,2;3,599999905;0,600000024;9,665
14.04.2026 16:00;4,6;4;0,600000024;8,794
14.04.2026 17:00;5;4,400000095;0,600000024;7,039
14.04.2026 18:00;5,5;4,900000095;0,600000024;4,58
14.04.2026 19:00;6,3;5,599999905;0,699999988;3,342
14.04.2026 20:00;6,6;5,900000095;0,699999988;2,337
14.04.2026 21:00;7;6,400000095;0,600000024;1,466
14.04.2026 22:00;4,3;3,900000095;0,400000006;0,804
14.04.2026 23:00;3,8;3,5;0,300000012;0,305
15.04.2026 00:00;3,2;3;0,200000003;-0,065
15.04.2026 01:00;3;2,900000095;0,100000001;-0,285
15.04.2026 02:00;3,1;3;0,100000001;-0,229
15.04.2026 03:00;2,8;2,799999952;0;-0,116
15.04.2026 04:00;3,1;3;0,100000001;-0,105
15.04.2026 05:00;3,9;3,799999952;0,100000001;1,401
15.04.2026 06:00;4,4;4,300000191;0,100000001;4,488
15.04.2026 07:00;4,3;4,099999905;0,200000003;6,853
15.04.2026 08:00;4,1;3,599999905;0,5;9,134
15.04.2026 09:00;3,8;2,900000095;0,899999976;11,333
15.04.2026 10:00;3,2;2,299999952;1;13,364
15.04.2026 11:00;2,6;1,600000024;1;14,775
15.04.2026 12:00;2,3;1,399999976;0,899999976;15,609
15.04.2026 13:00;2,1;1,399999976;0,699999988;16,089
15.04.2026 14:00;2;1,399999976;0,600000024;16,172
15.04.2026 15:00;2;1,399999976;0,600000024;15,835
15.04.2026 16:00;1,9;1,399999976;0,5;14,88
15.04.2026 17:00;2,2;1,600000024;0,600000024;12,467
15.04.2026 18:00;3;2,299999952;0,699999988;9,781
15.04.2026 19:00;3,3;2,599999905;0,699999988;8,98
15.04.2026 20:00;3,3;2,700000048;0,600000024;8,055
15.04.2026 21:00;3,5;2,900000095;0,600000024;7,089
15.04.2026 22:00;2,2;1,799999952;0,400000006;6,299
15.04.2026 23:00;2;1,700000048;0,300000012;5,594
16.04.2026 00:00;2,1;1,899999976;0,200000003;4,94
16.04.2026 01:00;2,1;2;0,100000001;4,325
16.04.2026 02:00;2;2;0;3,783
16.04.2026 03:00;2,6;2,599999905;0;3,314
16.04.2026 04:00;2,6;2,5;0,100000001;2,862
16.04.2026 05:00;3,4;3,099999905;0,300000012;4,028
16.04.2026 06:00;4,1;3,400000095;0,800000012;6,195
16.04.2026 07:00;3,5;2,700000048;0,800000012;9,119
16.04.2026 08:00;2,8;2;0,800000012;12,523
16.04.2026 09:00;1,9;1,299999952;0,600000024;14,529
16.04.2026 10:00;1,5;1;0,5;15,865
16.04.2026 11:00;1,6;1,100000024;0,5;16,774
16.04.2026 12:00;1,5;1;0,5;17,322
16.04.2026 13:00;1,3;0,899999976;0,400000006;17,492
16.04.2026 14:00;1,3;0,899999976;0,400000006;17,178
16.04.2026 15:00;1,4;1;0,400000006;16,19
16.04.2026 16:00;1,6;1,100000024;0,5;14,671
16.04.2026 17:00;2,1;1,5;0,600000024;12,773
16.04.2026 18:00;2,5;1,799999952;0,600000024;11,103
16.04.2026 19:00;3,2;2,400000095;0,800000012;10,243
16.04.2026 20:00;3,5;2,599999905;0,899999976;9,633
16.04.2026 21:00;3,7;2,799999952;0,800000012;9,078
16.04.2026 22:00;2;1,399999976;0,5;8,485
16.04.2026 23:00;1,6;1,299999952;0,300000012;7,921
17.04.2026 00:00;1,4;1,200000048;0,200000003;7,696
17.04.2026 01:00;1,3;1,200000048;0,100000001;7,782
17.04.2026 02:00;1,5;1,5;0;7,973
17.04.2026 03:00;1,5;1,5;0;8,122
17.04.2026 04:00;1,8;1,700000048;0,100000001;8,16
17.04.2026 05:00;2,5;2,200000048;0,300000012;8,587
17.04.2026 06:00;3,6;2,799999952;0,800000012;9,32
17.04.2026 07:00;3,2;2,400000095;0,800000012;10,67
17.04.2026 08:00;3;2,200000048;0,800000012;12,322
17.04.2026 09:00;2,3;1,700000048;0,600000024;13,553
17.04.2026 10:00;2,1;1,600000024;0,5;14,466
17.04.2026 11:00;1,7;1,200000048;0,5;14,989
17.04.2026 12:00;1,5;1;0,5;15,411
17.04.2026 13:00;1,4;1;0,400000006;15,52
17.04.2026 14:00;1,2;0,800000012;0,400000006;15,258
17.04.2026 15:00;1,2;0,800000012;0,400000006;15,255
17.04.2026 16:00;1,2;0,800000012;0,400000006;14,991
17.04.2026 17:00;1,5;0,899999976;0,600000024;13,532
17.04.2026 18:00;1,8;1,200000048;0,600000024;11,686
17.04.2026 19:00;2,6;1,799999952;0,800000012;11,027
17.04.2026 20:00;2,5;1,700000048;0,800000012;10,657
17.04.2026 21:00;2,8;2;0,800000012;10,3
17.04.2026 22:00;1,8;1,299999952;0,5;9,877
17.04.2026 23:00;1,3;1;0,300000012;9,294
18.04.2026 00:00;1,1;0,899999976;0,200000003;8,865
18.04.2026 01:00;1;0,899999976;0,100000001;8,618
18.04.2026 02:00;1,2;1,200000048;0;8,478
18.04.2026 03:00;1,3;1,299999952;0;8,148
18.04.2026 04:00;1,5;1,399999976;0,100000001;7,587
18.04.2026 05:00;1,7;1,399999976;0,300000012;8,441
18.04.2026 06:00;2,2;1,399999976;0,800000012;10,181
18.04.2026 07:00;1,7;0,899999976;0,800000012;12,893
18.04.2026 08:00;1,1;0,400000006;0,699999988;15,549
18.04.2026 09:00;1;0,400000006;0,600000024;17,037
18.04.2026 10:00;0,9;0,400000006;0,5;18,125
18.04.2026 11:00;0,9;0,400000006;0,5;18,961
18.04.2026 12:00;0,7;0,300000012;0,400000006;19,582
18.04.2026 13:00;0,7;0,300000012;0,400000006;19,95
18.04.2026 14:00;0,7;0,400000006;0,400000006;20,006
18.04.2026 15:00;0,7;0,400000006;0,400000006;19,683
18.04.2026 16:00;0,8;0,400000006;0,400000006;18,653
18.04.2026 17:00;1;0,400000006;0,600000024;16,363
18.04.2026 18:00;1,2;0,5;0,699999988;13,966
18.04.2026 19:00;1,3;0,5;0,800000012;13,2
18.04.2026 20:00;1,3;0,5;0,800000012;12,441
18.04.2026 21:00;1,3;0,5;0,800000012;11,66
18.04.2026 22:00;0,8;0,300000012;0,5;10,881
18.04.2026 23:00;0,8;0,5;0,300000012;10,093
19.04.2026 00:00;0,9;0,699999988;0,200000003;9,35
19.04.2026 01:00;1,2;1,100000024;0,100000001;8,706
19.04.2026 02:00;1,3;1,299999952;0;8,224
19.04.2026 03:00;1,4;1,399999976;0;7,697
19.04.2026 04:00;1,4;1,299999952;0,100000001;7,233
19.04.2026 05:00;2,1;1,799999952;0,300000012;8,916
19.04.2026 06:00;1,8;1;0,800000012;11,367
19.04.2026 07:00;1,3;0,5;0,800000012;13,934
19.04.2026 08:00;1,1;0,400000006;0,699999988;16,848
19.04.2026 09:00;1;0,400000006;0,600000024;18,572
19.04.2026 10:00;0,9;0,400000006;0,5;19,814
19.04.2026 11:00;0,9;0,400000006;0,5;20,753
19.04.2026 12:00;0,9;0,400000006;0,5;21,433
19.04.2026 13:00;0,7;0,400000006;0,400000006;21,797
19.04.2026 14:00;0,8;0,400000006;0,400000006;21,785
19.04.2026 15:00;0,8;0,400000006;0,400000006;21,305
19.04.2026 16:00;0,8;0,400000006;0,400000006;20,167
19.04.2026 17:00;1;0,400000006;0,600000024;17,415
19.04.2026 18:00;1,1;0,5;0,600000024;14,172
19.04.2026 19:00;1,3;0,5;0,800000012;13,016
19.04.2026 20:00;2;1,100000024;0,899999976;12,302
19.04.2026 21:00;1,5;0,699999988;0,800000012;11,57
19.04.2026 22:00;0,9;0,400000006;0,5;10,868
19.04.2026 23:00;0,6;0,300000012;0,300000012;10,205
20.04.2026 00:00;0,7;0,5;0,200000003;9,57
20.04.2026 01:00;1,5;1,399999976;0,100000001;8,962
20.04.2026 02:00;1,7;1,700000048;0;8,383
20.04.2026 03:00;1,8;1,799999952;0;7,784
20.04.2026 04:00;2,2;2,099999905;0,100000001;7,289
20.04.2026 05:00;2,4;2,099999905;0,300000012;9,122
20.04.2026 06:00;2,4;1,600000024;0,800000012;11,913
20.04.2026 07:00;1,8;0,899999976;0,899999976;14,028
20.04.2026 08:00;1,4;0,600000024;0,800000012;17,07
20.04.2026 09:00;1,2;0,600000024;0,600000024;20,519
20.04.2026 10:00;1;0,5;0,5;21,932
20.04.2026 11:00;1;0,5;0,5;22,61
20.04.2026 12:00;0,9;0,400000006;0,5;22,983
20.04.2026 13:00;0,8;0,400000006;0,400000006;23,17
20.04.2026 14:00;0,8;0,400000006;0,400000006;22,988
20.04.2026 15:00;0,9;0,5;0,400000006;22,335
20.04.2026 16:00;0,8;0,400000006;0,400000006;21,109
20.04.2026 17:00;1,1;0,5;0,600000024;18,081
20.04.2026 18:00;1,2;0,600000024;0,600000024;15,072
20.04.2026 19:00;1,4;0,600000024;0,800000012;13,899
20.04.2026 20:00;1,5;0,600000024;0,899999976;12,988
20.04.2026 21:00;1,4;0,600000024;0,800000012;12,023
20.04.2026 22:00;0,8;0,400000006;0,400000006;11,081
20.04.2026 23:00;0,8;0,5;0,300000012;10,148
21.04.2026 00:00;1,3;1,100000024;0,200000003;9,31
21.04.2026 01:00;1,6;1,5;0,100000001;8,556
21.04.2026 02:00;1,7;1,600000024;0,100000001;7,863
21.04.2026 03:00;2;2;0;7,265
21.04.2026 04:00;2,6;2,400000095;0,100000001;6,831
21.04.2026 05:00;2,4;2,299999952;0,100000001;8,799
21.04.2026 06:00;1,8;1,700000048;0,100000001;11,42
21.04.2026 07:00;1,2;1;0,200000003;13,721
21.04.2026 08:00;1,2;0,699999988;0,5;17,285
21.04.2026 09:00;1,4;0,600000024;0,800000012;19,872
21.04.2026 10:00;1,5;0,600000024;0,899999976;21,049
21.04.2026 11:00;1,7;0,600000024;1,100000024;21,779
21.04.2026 12:00;1,5;0,600000024;0,899999976;22,225
21.04.2026 13:00;1,2;0,5;0,699999988;22,388
21.04.2026 14:00;1,1;0,5;0,600000024;22,284
21.04.2026 15:00;1,1;0,600000024;0,5;21,949
21.04.2026 16:00;1,2;0,600000024;0,600000024;21,072
21.04.2026 17:00;1,2;0,600000024;0,600000024;18,356
21.04.2026 18:00;1,3;0,699999988;0,600000024;14,839
21.04.2026 19:00;1,5;0,800000012;0,699999988;13,402
21.04.2026 20:00;1,5;1;0,600000024;12,581
21.04.2026 21:00;1,7;1,200000048;0,5;11,824
21.04.2026 22:00;1;0,600000024;0,400000006;11,089
21.04.2026 23:00;0,8;0,5;0,300000012;10,37
22.04.2026 00:00;0,7;0,5;0,200000003;9,669
22.04.2026 01:00;1;0,899999976;0,100000001;9,003
22.04.2026 02:00;1,6;1,5;0,100000001;8,372
22.04.2026 03:00;1,7;1,700000048;0;7,795
22.04.2026 04:00;1,5;1,399999976;0,100000001;7,451
22.04.2026 05:00;1,6;1,5;0,100000001;8,993
22.04.2026 06:00;1,2;1,200000048;0,100000001;10,913
22.04.2026 07:00;0,8;0,600000024;0,200000003;13,562
22.04.2026 08:00;1;0,5;0,5;16,938
22.04.2026 09:00;1,3;0,400000006;0,899999976;19,581
22.04.2026 10:00;1,4;0,400000006;1;20,989
22.04.2026 11:00;1,5;0,400000006;1,100000024;21,719
22.04.2026 12:00;1,3;0,400000006;0,899999976;22,08
22.04.2026 13:00;1,1;0,400000006;0,699999988;22,129
22.04.2026 14:00;1;0,400000006;0,600000024;21,822
22.04.2026 15:00;1;0,400000006;0,600000024;21,155
22.04.2026 16:00;0,9;0,400000006;0,5;19,865
22.04.2026 17:00;1,1;0,5;0,600000024;17,739
22.04.2026 18:00;1,1;0,5;0,600000024;15,439
22.04.2026 19:00;1,3;0,600000024;0,699999988;13,899
22.04.2026 20:00;1,3;0,600000024;0,699999988;12,536
22.04.2026 21:00;1,3;0,699999988;0,600000024;11,348
22.04.2026 22:00;1,1;0,600000024;0,5;10,224
22.04.2026 23:00;1;0,699999988;0,300000012;9,317
23.04.2026 00:00;1,1;0,899999976;0,200000003;8,662
23.04.2026 01:00;1,2;1,100000024;0,100000001;8,188
23.04.2026 02:00;1,1;1,100000024;0;7,794
23.04.2026 03:00;1,3;1,299999952;0;7,322
23.04.2026 04:00;2,1;2;0,100000001;6,886
23.04.2026 05:00;2;1,700000048;0,300000012;7,973
23.04.2026 06:00;2,3;1,5;0,800000012;10,105
23.04.2026 07:00;1,8;1;0,800000012;12,805
23.04.2026 08:00;1,2;0,5;0,699999988;14,922
23.04.2026 09:00;1;0,400000006;0,600000024;16,569
23.04.2026 10:00;1;0,400000006;0,600000024;17,882
23.04.2026 11:00;0,7;0,400000006;0,400000006;18,923
23.04.2026 12:00;0,7;0,300000012;0,400000006;19,705
23.04.2026 13:00;0,7;0,400000006;0,400000006;20,189
23.04.2026 14:00;0,7;0,300000012;0,400000006;20,319
23.04.2026 15:00;0,8;0,400000006;0,400000006;20,098
23.04.2026 16:00;0,8;0,400000006;0,400000006;19,318
23.04.2026 17:00;1;0,400000006;0,600000024;17,353
23.04.2026 18:00;1;0,400000006;0,600000024;14,961
23.04.2026 19:00;1,3;0,5;0,800000012;14,271
23.04.2026 20:00;1,3;0,5;0,800000012;14,041
23.04.2026 21:00;1,4;0,5;0,899999976;13,807
23.04.2026 22:00;0,5;0,100000001;0,400000006;13,561
23.04.2026 23:00;0,4;0,100000001;0,300000012;13,198
24.04.2026 00:00;0,3;0,100000001;0,200000003;12,914
24.04.2026 01:00;0,2;0,100000001;0,100000001;12,628
24.04.2026 02:00;0,1;0,100000001;0;12,186
24.04.2026 03:00;0,3;0,300000012;0;11,795
24.04.2026 04:00;0,5;0,400000006;0,100000001;11,619
24.04.2026 05:00;0,9;0,600000024;0,300000012;12,679
24.04.2026 06:00;1,5;0,699999988;0,800000012;14,138
24.04.2026 07:00;1,5;0,699999988;0,800000012;16,512
24.04.2026 08:00;1,2;0,5;0,699999988;18,775
24.04.2026 09:00;1,1;0,5;0,600000024;19,854
24.04.2026 10:00;1;0,5;0,5;20,953
24.04.2026 11:00;0,9;0,400000006;0,5;22,246
24.04.2026 12:00;0,8;0,400000006;0,400000006;22,876
24.04.2026 13:00;0,8;0,400000006;0,400000006;22,882
24.04.2026 14:00;0,8;0,400000006;0,400000006;21,79
24.04.2026 15:00;0,8;0,400000006;0,400000006;18,894
24.04.2026 16:00;0,9;0,5;0,400000006;15,167
24.04.2026 17:00;1,7;1,100000024;0,600000024;12,317
24.04.2026 18:00;2,1;1,5;0,600000024;10,833
24.04.2026 19:00;2,8;2;0,800000012;10,377
24.04.2026 20:00;3;2,099999905;0,899999976;10,388
24.04.2026 21:00;2,9;2,099999905;0,800000012;10,171
24.04.2026 22:00;2,4;1,899999976;0,5;9,67
24.04.2026 23:00;2,1;1,799999952;0,300000012;9,155
25.04.2026 00:00;1,9;1,700000048;0,200000003;8,621
25.04.2026 01:00;1,8;1,700000048;0,100000001;8,218
25.04.2026 02:00;1,8;1,799999952;0;7,842
25.04.2026 03:00;1,8;1,799999952;0;7,552
25.04.2026 04:00;2,1;2;0,100000001;7,349
25.04.2026 05:00;2,4;2,099999905;0,300000012;8,149
25.04.2026 06:00;3,2;2,400000095;0,800000012;10,21
25.04.2026 07:00;2,8;2;0,800000012;12,931
25.04.2026 08:00;2,2;1,600000024;0,699999988;14,546
25.04.2026 09:00;1,7;1,100000024;0,600000024;15,566
25.04.2026 10:00;1,3;0,800000012;0,5;17,051
25.04.2026 11:00;1,2;0,699999988;0,5;17,929
25.04.2026 12:00;1,3;0,800000012;0,5;17,762
25.04.2026 13:00;1,1;0,699999988;0,400000006;16,907
25.04.2026 14:00;1,1;0,699999988;0,400000006;15,846
25.04.2026 15:00;1,1;0,699999988;0,400000006;14,806
25.04.2026 16:00;1,2;0,800000012;0,400000006;13,904
25.04.2026 17:00;1,5;0,800000012;0,600000024;12,986
25.04.2026 18:00;2;1,399999976;0,600000024;11,845
25.04.2026 19:00;2,5;1,700000048;0,800000012;11,274
25.04.2026 20:00;2,6;1,700000048;0,899999976;10,908
25.04.2026 21:00;2,6;1,799999952;0,800000012;10,705
25.04.2026 22:00;1,5;1,100000024;0,400000006;10,146
25.04.2026 23:00;1,4;1,100000024;0,300000012;9,119
26.04.2026 00:00;1,7;1,5;0,200000003;8,668
26.04.2026 01:00;1,6;1,5;0,100000001;8,544
26.04.2026 02:00;1,5;1,5;0;8,176
26.04.2026 03:00;1,7;1,700000048;0;8,012
26.04.2026 04:00;2;1,899999976;0,100000001;7,843
26.04.2026 05:00;3,1;2,799999952;0,300000012;7,959
26.04.2026 06:00;4,3;3,5;0,800000012;9,001
26.04.2026 07:00;4;3,200000048;0,800000012;10,793
26.04.2026 08:00;3,5;2,799999952;0,699999988;12,06
26.04.2026 09:00;3;2,400000095;0,600000024;13,54
26.04.2026 10:00;2,6;2,099999905;0,5;14,166
26.04.2026 11:00;2,5;2;0,5;13,956
26.04.2026 12:00;2,1;1,700000048;0,400000006;14,18
26.04.2026 13:00;1,9;1,5;0,400000006;14,611
26.04.2026 14:00;1,9;1,5;0,400000006;15,203
26.04.2026 15:00;1,8;1,399999976;0,400000006;15,219
26.04.2026 16:00;2;1,5;0,5;14,786
26.04.2026 17:00;2,2;1,700000048;0,5;13,55
26.04.2026 18:00;3,2;2,599999905;0,600000024;11,683
26.04.2026 19:00;3,9;3,099999905;0,800000012;10,327
26.04.2026 20:00;4,1;3,200000048;0,899999976;9,262
26.04.2026 21:00;3,8;3;0,800000012;8,822
26.04.2026 22:00;2,7;2,200000048;0,5;8,458
26.04.2026 23:00;2,1;1,799999952;0,300000012;8,037
27.04.2026 00:00;2,1;1,899999976;0,200000003;7,521
27.04.2026 01:00;2,3;2,200000048;0,100000001;7,078
27.04.2026 02:00;2,2;2,200000048;0;6,493
27.04.2026 03:00;2,5;2,5;0;6,068
27.04.2026 04:00;2,3;2,200000048;0,100000001;6,327
27.04.2026 05:00;3,7;3,400000095;0,300000012;7,835
27.04.2026 06:00;5,5;4,699999809;0,800000012;9,607
27.04.2026 07:00;4,9;4,099999905;0,800000012;10,792
27.04.2026 08:00;4,7;3,900000095;0,800000012;10,723
27.04.2026 09:00;3,6;3;0,600000024;10,676
27.04.2026 10:00;4,1;3,599999905;0,5;11,109
27.04.2026 11:00;3,9;3,400000095;0,5;11,527
27.04.2026 12:00;3,4;3;0,400000006;11,74
27.04.2026 13:00;3,4;3;0,400000006;11,878
27.04.2026 14:00;3,1;2,599999905;0,400000006;11,471
27.04.2026 15:00;3,1;2,700000048;0,400000006;10,69
27.04.2026 16:00;3,6;3,200000048;0,400000006;9,861
27.04.2026 17:00;3,7;3,200000048;0,5;8,972
27.04.2026 18:00;4;3,400000095;0,600000024;8,005
27.04.2026 19:00;4,9;4,099999905;0,800000012;7,339
27.04.2026 20:00;5,3;4,400000095;0,899999976;6,906
27.04.2026 21:00;5,2;4,300000191;0,899999976;6,535
27.04.2026 22:00;3,2;2,599999905;0,5;6,243
27.04.2026 23:00;2,5;2,200000048;0,300000012;5,863
28.04.2026 00:00;2,4;2,200000048;0,200000003;5,447
28.04.2026 01:00;2,3;2,200000048;0,100000001;5,058
28.04.2026 02:00;2,3;2,200000048;0,100000001;4,829
28.04.2026 03:00;2,5;2,5;0;4,685
28.04.2026 04:00;2,8;2,700000048;0,100000001;4,739
28.04.2026 05:00;3,9;3,799999952;0,100000001;5,66
28.04.2026 06:00;4,9;4,800000191;0,100000001;6,921
28.04.2026 07:00;4,8;4,599999905;0,200000003;8,282
28.04.2026 08:00;4,6;4,099999905;0,5;9,207
28.04.2026 09:00;4,1;3,299999952;0,800000012;9,887
28.04.2026 10:00;4,2;3,200000048;1;10,338
28.04.2026 11:00;4,5;3,5;1;10,665
28.04.2026 12:00;4;3,099999905;0,899999976;10,89
28.04.2026 13:00;3,8;3,099999905;0,699999988;11,144
28.04.2026 14:00;3,5;2,900000095;0,600000024;11,342
28.04.2026 15:00;3,5;3;0,5;11,354
28.04.2026 16:00;3,9;3,400000095;0,5;11,144
28.04.2026 17:00;3,6;3;0,600000024;10,633
28.04.2026 18:00;4,2;3,599999905;0,600000024;9,68
28.04.2026 19:00;5;4,300000191;0,699999988;9,048
28.04.2026 20:00;5,4;4,800000191;0,600000024;8,279
28.04.2026 21:00;5,2;4,699999809;0,5;7,614
28.04.2026 22:00;3,9;3,400000095;0,400000006;7,033
28.04.2026 23:00;3,4;3,099999905;0,300000012;6,543
29.04.2026 00:00;3,6;3,400000095;0,200000003;6,107
29.04.2026 01:00;3,3;3,200000048;0,100000001;5,653
29.04.2026 02:00;3,5;3,400000095;0,100000001;5,16
29.04.2026 03:00;3,6;3,599999905;0;4,602
29.04.2026 04:00;3,9;3,799999952;0,100000001;4,073
29.04.2026 05:00;5,2;5,099999905;0,100000001;5,007
29.04.2026 06:00;6;5,900000095;0,100000001;6,424
29.04.2026 07:00;5;4,800000191;0,200000003;9,307
29.04.2026 08:00;4,5;4;0,5;11,51
29.04.2026 09:00;3,7;2,900000095;0,800000012;12,717
29.04.2026 10:00;3,7;2,700000048;1;13,77
29.04.2026 11:00;3;2,099999905;0,899999976;14,602
29.04.2026 12:00;2,8;2;0,800000012;15,019
29.04.2026 13:00;2,7;2;0,699999988;14,822
29.04.2026 14:00;2,6;2;0,600000024;14,278
29.04.2026 15:00;2,7;2,200000048;0,5;13,827
29.04.2026 16:00;3,2;2,700000048;0,5;13,214
29.04.2026 17:00;3,8;3,200000048;0,600000024;12,158
29.04.2026 18:00;4,6;3,900000095;0,699999988;10,569
29.04.2026 19:00;4,6;3,900000095;0,699999988;9,619
29.04.2026 20:00;4,6;3,900000095;0,699999988;9,104
29.04.2026 21:00;4,4;3,900000095;0,5;8,466
29.04.2026 22:00;2,5;2,099999905;0,400000006;8,31
29.04.2026 23:00;1,9;1,700000048;0,200000003;8,347
30.04.2026 00:00;2,1;1,899999976;0,200000003;8,344
30.04.2026 01:00;2;1,899999976;0,100000001;8,251
30.04.2026 02:00;1,9;1,899999976;0;8,158
30.04.2026 03:00;1,5;1,5;0;8,053
30.04.2026 04:00;2,1;2;0,100000001;8,009
30.04.2026 05:00;2,8;2,5;0,300000012;8,198
30.04.2026 06:00;3,8;3;0,800000012;8,785
30.04.2026 07:00;3,6;2,799999952;0,800000012;9,872
30.04.2026 08:00;3;2,299999952;0,699999988;11,668
30.04.2026 09:00;2,4;1,799999952;0,600000024;13,363
30.04.2026 10:00;1,8;1,299999952;0,5;14,683
30.04.2026 11:00;1,5;1;0,5;15,691
30.04.2026 12:00;1,5;1;0,5;16,377
30.04.2026 13:00;1,4;1;0,400000006;16,726
30.04.2026 14:00;1,3;0,899999976;0,400000006;16,756
30.04.2026 15:00;1,4;1;0,400000006;16,4
30.04.2026 16:00;1,4;1;0,400000006;15,659
30.04.2026 17:00;1,8;1,200000048;0,600000024;14,112
30.04.2026 18:00;2,6;2;0,600000024;11,009
30.04.2026 19:00;3,5;2,700000048;0,800000012;9,288
30.04.2026 20:00;3,5;2,700000048;0,800000012;8,525
30.04.2026 21:00;3,8;3;0,800000012;7,805
30.04.2026 22:00;2,7;2,200000048;0,5;7,076
30.04.2026 23:00;2,2;1,899999976;0,300000012;6,362
01.05.2026 00:00;1,9;1,700000048;0,200000003;5,84
01.05.2026 01:00;1,7;1,600000024;0,100000001;5,699
01.05.2026 02:00;2;1,899999976;0,100000001;5,725
01.05.2026 03:00;1,7;1,700000048;0;5,925
01.05.2026 04:00;1,9;1,799999952;0,100000001;6,06
01.05.2026 05:00;2;1,899999976;0,100000001;6,507
01.05.2026 06:00;3,1;3;0,100000001;7,314
01.05.2026 07:00;2,4;2,200000048;0,200000003;8,959
01.05.2026 08:00;2;1,600000024;0,5;10,692
01.05.2026 09:00;1,7;0,899999976;0,800000012;12,391
01.05.2026 10:00;1,8;0,899999976;0,899999976;14,118
01.05.2026 11:00;1,7;0,800000012;0,899999976;15,575
01.05.2026 12:00;1,8;0,899999976;0,899999976;16,558
01.05.2026 13:00;1,4;0,800000012;0,600000024;17,028
01.05.2026 14:00;1,4;0,800000012;0,600000024;17,102
01.05.2026 15:00;1,3;0,800000012;0,5;16,833
01.05.2026 16:00;1,3;0,800000012;0,5;16,078
01.05.2026 17:00;1,6;1;0,600000024;14,435
01.05.2026 18:00;1,6;1;0,600000024;11,328
01.05.2026 19:00;2,4;1,700000048;0,699999988;9,4
01.05.2026 20:00;2,8;2,099999905;0,699999988;8,453
01.05.2026 21:00;3;2,400000095;0,600000024;7,686
01.05.2026 22:00;2,2;1,799999952;0,400000006;7,01
01.05.2026 23:00;2,1;1,799999952;0,300000012;6,214
02.05.2026 00:00;1,9;1,700000048;0,200000003;5,367
02.05.2026 01:00;1,9;1,799999952;0,100000001;4,8
02.05.2026 02:00;2;2;0;4,903
02.05.2026 03:00;1,9;1,899999976;0;5,541
02.05.2026 04:00;2;1,899999976;0,100000001;5,737
02.05.2026 05:00;2,8;2,5;0,300000012;5,932
02.05.2026 06:00;3,3;2,5;0,800000012;6,846
02.05.2026 07:00;3;2,099999905;0,800000012;8,329
02.05.2026 08:00;2;1,399999976;0,600000024;10,326
02.05.2026 09:00;1,7;1,100000024;0,600000024;12,597
02.05.2026 10:00;1,4;0,800000012;0,5;14,446
02.05.2026 11:00;1,3;0,800000012;0,5;15,574
02.05.2026 12:00;1,3;0,800000012;0,5;16,023
02.05.2026 13:00;1,1;0,699999988;0,400000006;15,693
02.05.2026 14:00;1;0,600000024;0,400000006;14,701
02.05.2026 15:00;1,2;0,800000012;0,400000006;13,361
02.05.2026 16:00;1,2;0,800000012;0,400000006;12,03
02.05.2026 17:00;1,5;0,899999976;0,600000024;11,129
02.05.2026 18:00;1,5;0,899999976;0,600000024;10,226
02.05.2026 19:00;2;1,200000048;0,800000012;9,322
02.05.2026 20:00;2,4;1,600000024;0,800000012;8,393
02.05.2026 21:00;2,6;1,799999952;0,800000012;7,503
02.05.2026 22:00;1,7;1,299999952;0,400000006;6,75
02.05.2026 23:00;1,7;1,399999976;0,300000012;6,194
03.05.2026 00:00;1,8;1,600000024;0,200000003;6,182
03.05.2026 01:00;1,7;1,600000024;0,100000001;6,251
03.05.2026 02:00;1,9;1,899999976;0;6,325
03.05.2026 03:00;1,9;1,899999976;0;6,25
03.05.2026 04:00;2;1,899999976;0,100000001;6,004
03.05.2026 05:00;2,7;2,400000095;0,300000012;6,306
03.05.2026 06:00;3,8;3;0,800000012;7,076
03.05.2026 07:00;3,6;2,799999952;0,800000012;8,083
03.05.2026 08:00;2,7;2;0,699999988;9,599
03.05.2026 09:00;2,2;1,600000024;0,600000024;10,744
03.05.2026 10:00;2;1,5;0,5;11,491
03.05.2026 11:00;1,9;1,399999976;0,5;12,083
03.05.2026 12:00;1,8;1,299999952;0,5;12,441
03.05.2026 13:00;2,1;1,700000048;0,400000006;12,542
03.05.2026 14:00;2,1;1,700000048;0,400000006;12,492
03.05.2026 15:00;2,1;1,700000048;0,400000006;12,108
03.05.2026 16:00;2,2;1,799999952;0,400000006;11,347
03.05.2026 17:00;2,8;2,200000048;0,600000024;10,328
03.05.2026 18:00;2,9;2,299999952;0,600000024;8,458
03.05.2026 19:00;3,4;2,599999905;0,800000012;7,092
03.05.2026 20:00;3,7;2,799999952;0,800000012;6,378
03.05.2026 21:00;3,9;3,099999905;0,800000012;5,789
03.05.2026 22:00;2,7;2,200000048;0,5;5,343
03.05.2026 23:00;2,4;2,099999905;0,300000012;4,836
04.05.2026 00:00;2,7;2,400000095;0,200000003;4,051
04.05.2026 01:00;2,6;2,5;0,100000001;3,153
04.05.2026 02:00;2,7;2,700000048;0;2,469
04.05.2026 03:00;3,1;3,099999905;0;2,22
04.05.2026 04:00;3,6;3,5;0,100000001;2,188
04.05.2026 05:00;4,6;4,400000095;0,300000012;2,458
04.05.2026 06:00;6;5,199999809;0,800000012;3,101
04.05.2026 07:00;5,1;4,300000191;0,800000012;4,44
04.05.2026 08:00;4,5;3,799999952;0,699999988;5,926
04.05.2026 09:00;4;3,400000095;0,600000024;6,976
04.05.2026 10:00;3,2;2,700000048;0,5;7,946
04.05.2026 11:00;3,2;2,700000048;0,5;8,446
04.05.2026 12:00;2,8;2,400000095;0,400000006;8,345
04.05.2026 13:00;3;2,599999905;0,400000006;8,113
04.05.2026 14:00;2,8;2,400000095;0,400000006;7,758
04.05.2026 15:00;2,8;2,400000095;0,400000006;7,144
04.05.2026 16:00;3,1;2,700000048;0,400000006;6,51
04.05.2026 17:00;3,7;3,099999905;0,600000024;6,035
04.05.2026 18:00;3,8;3,200000048;0,600000024;5,043
04.05.2026 19:00;4,8;4;0,800000012;3,865
04.05.2026 20:00;4,8;4;0,800000012;3,088
04.05.2026 21:00;4,5;3,700000048;0,800000012;2,258
04.05.2026 22:00;2,9;2,5;0,400000006;1,344
04.05.2026 23:00;2,5;2,200000048;0,300000012;0,472
05.05.2026 00:00;2,3;2,099999905;0,200000003;-0,256
05.05.2026 01:00;2,2;2,099999905;0,100000001;-0,774
05.05.2026 02:00;2;1,899999976;0,100000001;-0,908
05.05.2026 03:00;2;2;0;-0,286
05.05.2026 04:00;2,3;2,200000048;0,100000001;0,363
05.05.2026 05:00;3,1;3;0,100000001;1,423
05.05.2026 06:00;4,2;4,099999905;0,100000001;2,727
05.05.2026 07:00;4,2;4;0,200000003;4,288
05.05.2026 08:00;4,2;3,700000048;0,5;5,854
05.05.2026 09:00;3,9;3,099999905;0,800000012;7,59
05.05.2026 10:00;3,9;2,900000095;1;8,565
05.05.2026 11:00;3,6;2,700000048;1;9,255
05.05.2026 12:00;3,2;2,400000095;0,800000012;9,931
05.05.2026 13:00;3,2;2,5;0,699999988;10,402
05.05.2026 14:00;2,9;2,400000095;0,600000024;10,428
05.05.2026 15:00;2,9;2,400000095;0,5;10,125
05.05.2026 16:00;3;2,599999905;0,5;9,505
05.05.2026 17:00;3,3;2,599999905;0,600000024;8,651
05.05.2026 18:00;3,7;3,099999905;0,600000024;6,768
05.05.2026 19:00;3,7;3,099999905;0,600000024;5,047
05.05.2026 20:00;3,8;3,200000048;0,600000024;4,126
05.05.2026 21:00;3,7;3,099999905;0,600000024;3,185
05.05.2026 22:00;1,9;1,5;0,400000006;2,605
05.05.2026 23:00;1,6;1,299999952;0,300000012;1,941
06.05.2026 00:00;1,5;1,299999952;0,200000003;1,162
06.05.2026 01:00;1,3;1,200000048;0,100000001;0,453
06.05.2026 02:00;1,4;1,299999952;0,100000001;-0,073
06.05.2026 03:00;1,4;1,399999976;0;-0,502
06.05.2026 04:00;1,7;1,600000024;0,100000001;-0,121
06.05.2026 05:00;2,5;2,400000095;0,100000001;2,267
06.05.2026 06:00;3,3;3,200000048;0,100000001;4,736
06.05.2026 07:00;3,3;3,099999905;0,200000003;7,022
06.05.2026 08:00;3;2,5;0,5;8,22
06.05.2026 09:00;3,3;2,400000095;0,899999976;9,175
06.05.2026 10:00;3,4;2,400000095;1;9,877
06.05.2026 11:00;3;2;1;10,715
06.05.2026 12:00;2,9;2;0,899999976;11,15
06.05.2026 13:00;2,6;1,899999976;0,699999988;11,117
06.05.2026 14:00;2,6;2;0,600000024;10,736
06.05.2026 15:00;2,7;2,200000048;0,5;10,168
06.05.2026 16:00;2,5;2;0,5;9,432
06.05.2026 17:00;2,6;2;0,600000024;8,609
06.05.2026 18:00;2,8;2,200000048;0,600000024;7,328
06.05.2026 19:00;2,9;2,400000095;0,600000024;6,103
06.05.2026 20:00;3;2,400000095;0,600000024;5,189
06.05.2026 21:00;3,3;2,700000048;0,600000024;4,402
06.05.2026 22:00;1,7;1,299999952;0,400000006;3,646
06.05.2026 23:00;1,6;1,299999952;0,300000012;2,935
07.05.2026 00:00;1,5;1,299999952;0,200000003;2,449
07.05.2026 01:00;1,6;1,5;0,100000001;2,246
07.05.2026 02:00;1,3;1,299999952;0;2,155
07.05.2026 03:00;1,3;1,299999952;0;2,158
07.05.2026 04:00;1,8;1,700000048;0,100000001;2,683
07.05.2026 05:00;2,2;1,899999976;0,300000012;4,437
07.05.2026 06:00;2,8;2;0,800000012;6,316
07.05.2026 07:00;2,4;1,600000024;0,800000012;8,431
07.05.2026 08:00;1,7;1;0,699999988;9,624
07.05.2026 09:00;1,4;0,800000012;0,600000024;10,583
07.05.2026 10:00;1,1;0,600000024;0,5;11,473
07.05.2026 11:00;1,1;0,600000024;0,5;12,192
07.05.2026 12:00;1;0,5;0,5;12,775
07.05.2026 13:00;0,9;0,5;0,400000006;13,198
07.05.2026 14:00;0,9;0,5;0,400000006;13,426
07.05.2026 15:00;0,9;0,5;0,400000006;13,3
07.05.2026 16:00;0,9;0,5;0,400000006;12,863
07.05.2026 17:00;1,2;0,600000024;0,600000024;12,137
07.05.2026 18:00;1,2;0,600000024;0,600000024;11,127
07.05.2026 19:00;1,6;0,800000012;0,800000012;8,685
07.05.2026 20:00;1,9;1;0,899999976;6,698
07.05.2026 21:00;1,9;1,100000024;0,800000012;6,222
07.05.2026 22:00;1;0,600000024;0,400000006;5,937
07.05.2026 23:00;0,8;0,5;0,300000012;6,095
08.05.2026 00:00;1;0,800000012;0,200000003;6,129
08.05.2026 01:00;1;0,899999976;0,100000001;6,123
08.05.2026 02:00;1;1;0;5,82
08.05.2026 03:00;1,1;1,100000024;0;5,461
08.05.2026 04:00;1,2;1,100000024;0,100000001;5,384
08.05.2026 05:00;1,9;1,600000024;0,300000012;5,573
08.05.2026 06:00;2,8;2;0,800000012;6,301
08.05.2026 07:00;2,8;2;0,800000012;8,567
08.05.2026 08:00;2,6;1,899999976;0,699999988;11,227
08.05.2026 09:00;2,1;1,5;0,600000024;12,056
08.05.2026 10:00;2;1,5;0,5;13,21
08.05.2026 11:00;1,7;1,200000048;0,5;13,825
08.05.2026 12:00;1,3;0,899999976;0,400000006;13,313
08.05.2026 13:00;1,2;0,800000012;0,400000006;13,028
08.05.2026 14:00;1,2;0,800000012;0,400000006;12,621
08.05.2026 15:00;1,2;0,800000012;0,400000006;12,447
08.05.2026 16:00;1,4;1;0,400000006;12,115
08.05.2026 17:00;1,6;1,100000024;0,5;11,441
08.05.2026 18:00;2,4;1,799999952;0,600000024;10,463
08.05.2026 19:00;3,1;2,299999952;0,800000012;9,475
08.05.2026 20:00;3,3;2,5;0,800000012;8,618
08.05.2026 21:00;3,6;2,799999952;0,800000012;8,295
08.05.2026 22:00;2,7;2,200000048;0,5;7,991
08.05.2026 23:00;2,1;1,899999976;0,200000003;7,821
09.05.2026 00:00;2,6;2,400000095;0,200000003;7,652
09.05.2026 01:00;2,8;2,700000048;0,100000001;7,471
09.05.2026 02:00;3;3;0;7,338
09.05.2026 03:00;3;3;0;7,283
09.05.2026 04:00;3,6;3,5;0,100000001;7,136
09.05.2026 05:00;4;3,700000048;0,300000012;7,941
09.05.2026 06:00;4,8;4;0,800000012;9,052
09.05.2026 07:00;4;3,200000048;0,800000012;10,78
09.05.2026 08:00;3,1;2,400000095;0,699999988;12,435
09.05.2026 09:00;2,3;1,700000048;0,600000024;13,343
09.05.2026 10:00;2,2;1,600000024;0,600000024;13,772
09.05.2026 11:00;1,7;1,200000048;0,5;13,852
09.05.2026 12:00;1,5;1,100000024;0,400000006;13,935
09.05.2026 13:00;1,6;1,200000048;0,400000006;14,01
09.05.2026 14:00;1,4;1;0,400000006;13,918
09.05.2026 15:00;1,5;1,100000024;0,400000006;13,722
09.05.2026 16:00;1,8;1,399999976;0,400000006;13,439
09.05.2026 17:00;2,4;1,899999976;0,5;12,874
09.05.2026 18:00;2,7;2,099999905;0,600000024;11,507
09.05.2026 19:00;3,2;2,400000095;0,800000012;10,099
09.05.2026 20:00;3,2;2,400000095;0,800000012;9,6
09.05.2026 21:00;3,4;2,599999905;0,800000012;9,234
09.05.2026 22:00;1,8;1,399999976;0,400000006;8,719
09.05.2026 23:00;1,7;1,399999976;0,300000012;8,038
10.05.2026 00:00;1,3;1,100000024;0,200000003;7,351
10.05.2026 01:00;1,4;1,299999952;0,100000001;7,053
10.05.2026 02:00;1,9;1,799999952;0,100000001;7,318
10.05.2026 03:00;2,2;2,200000048;0;7,419
10.05.2026 04:00;1,7;1,600000024;0,100000001;7,359
10.05.2026 05:00;2;1,899999976;0,100000001;7,624
10.05.2026 06:00;2,3;2,200000048;0,100000001;8,321
10.05.2026 07:00;2,4;2,200000048;0,200000003;9,206
10.05.2026 08:00;2,2;1,700000048;0,5;10,333
10.05.2026 09:00;1,9;1,100000024;0,800000012;11,947
10.05.2026 10:00;1,7;0,699999988;1;12,817
10.05.2026 11:00;1,7;0,699999988;1;13,393
10.05.2026 12:00;1,6;0,699999988;0,899999976;13,867
10.05.2026 13:00;1,4;0,699999988;0,699999988;14,124
10.05.2026 14:00;1,2;0,600000024;0,600000024;14,19
10.05.2026 15:00;1,2;0,699999988;0,5;14,09
10.05.2026 16:00;1,2;0,699999988;0,5;13,667
10.05.2026 17:00;1,2;0,699999988;0,5;12,796
10.05.2026 18:00;1,4;0,800000012;0,600000024;10,923
10.05.2026 19:00;1,8;1,100000024;0,699999988;9,105
10.05.2026 20:00;1,7;1,100000024;0,600000024;8,589
10.05.2026 21:00;1,5;1;0,5;8,341
10.05.2026 22:00;0,9;0,5;0,400000006;8,182
10.05.2026 23:00;1;0,699999988;0,300000012;8,024
11.05.2026 00:00;1,2;1;0,200000003;7,872
11.05.2026 01:00;1,1;1;0,100000001;7,72
11.05.2026 02:00;1,2;1,200000048;0;7,538
11.05.2026 03:00;1,2;1,200000048;0;7,386
11.05.2026 04:00;1,6;1,5;0,100000001;7,408
11.05.2026 05:00;1,9;1,600000024;0,300000012;8,043
11.05.2026 06:00;3,1;2,299999952;0,800000012;8,695
11.05.2026 07:00;3,1;2,200000048;0,800000012;9,594
11.05.2026 08:00;2,7;2;0,699999988;10,223
11.05.2026 09:00;2,2;1,600000024;0,600000024;10,63
11.05.2026 10:00;2;1,5;0,5;10,814
11.05.2026 11:00;2;1,5;0,5;11,015
11.05.2026 12:00;1,8;1,399999976;0,400000006;11,272
11.05.2026 13:00;1,8;1,399999976;0,400000006;11,506
11.05.2026 14:00;1,6;1,200000048;0,400000006;11,837
11.05.2026 15:00;1,7;1,299999952;0,400000006;12,212
11.05.2026 16:00;1,7;1,299999952;0,400000006;12,386
11.05.2026 17:00;2;1,5;0,5;11,942
11.05.2026 18:00;2,2;1,600000024;0,600000024;9,978
11.05.2026 19:00;2,6;1,799999952;0,699999988;7,938
11.05.2026 20:00;3;2,099999905;0,800000012;6,783
11.05.2026 21:00;2,9;2,200000048;0,699999988;5,489
11.05.2026 22:00;1,9;1,5;0,400000006;4,38
11.05.2026 23:00;1,9;1,600000024;0,300000012;3,493
12.05.2026 00:00;2,1;1,899999976;0,200000003;2,678
12.05.2026 01:00;2;1,899999976;0,100000001;2,003
12.05.2026 02:00;2,1;2;0,100000001;1,721
12.05.2026 03:00;2,2;2,200000048;0;1,727
12.05.2026 04:00;2,2;2,099999905;0,100000001;2,675
12.05.2026 05:00;2,4;2,299999952;0,100000001;4,387
12.05.2026 06:00;2,6;2,5;0,100000001;6,761
12.05.2026 07:00;2,5;2,299999952;0,200000003;8,629
12.05.2026 08:00;2,2;1,799999952;0,400000006;10,089
12.05.2026 09:00;2,4;1,600000024;0,800000012;11,377
12.05.2026 10:00;2,7;1,700000048;1;12,389
12.05.2026 11:00;2,4;1,5;0,899999976;13,027
12.05.2026 12:00;2,8;1,899999976;0,899999976;13,319
12.05.2026 13:00;2,6;1,899999976;0,699999988;13,488
12.05.2026 14:00;2,5;1,899999976;0,600000024;13,436
12.05.2026 15:00;2,3;1,799999952;0,5;13,203
12.05.2026 16:00;2,6;2,099999905;0,5;12,755
12.05.2026 17:00;2,8;2,200000048;0,600000024;11,821
12.05.2026 18:00;3;2,400000095;0,600000024;9,733
12.05.2026 19:00;3,2;2,5;0,699999988;7,683
12.05.2026 20:00;3,6;2,900000095;0,699999988;6,941
12.05.2026 21:00;3,1;2,599999905;0,5;6,12
12.05.2026 22:00;2;1,600000024;0,400000006;5,255
12.05.2026 23:00;1,8;1,5;0,300000012;4,263
13.05.2026 00:00;1,6;1,399999976;0,200000003;3,25
13.05.2026 01:00;1,5;1,399999976;0,100000001;2,37
13.05.2026 02:00;1,4;1,299999952;0,100000001;1,558
13.05.2026 03:00;1,4;1,399999976;0;0,855
13.05.2026 04:00;1,6;1,5;0,100000001;1,482
13.05.2026 05:00;1,8;1,700000048;0,100000001;3,771
13.05.2026 06:00;2,3;2,200000048;0,100000001;6,254
13.05.2026 07:00;2,1;1,899999976;0,200000003;8,483
13.05.2026 08:00;2;1,600000024;0,400000006;10,342
13.05.2026 09:00;1,9;1,100000024;0,800000012;11,938
13.05.2026 10:00;1,7;0,699999988;1;13,179
13.05.2026 11:00;1,5;0,600000024;0,899999976;14,085
13.05.2026 12:00;1,5;0,600000024;0,899999976;14,683
13.05.2026 13:00;1,3;0,600000024;0,699999988;14,959
13.05.2026 14:00;1,2;0,600000024;0,600000024;14,925
13.05.2026 15:00;1,1;0,600000024;0,5;14,685
13.05.2026 16:00;1,2;0,699999988;0,5;14,162
13.05.2026 17:00;1,2;0,699999988;0,5;13,003
13.05.2026 18:00;1,4;0,800000012;0,600000024;10,18
13.05.2026 19:00;1,8;1,100000024;0,699999988;7,791
13.05.2026 20:00;2;1,299999952;0,699999988;7,068
13.05.2026 21:00;2,1;1,5;0,600000024;6,357
13.05.2026 22:00;1,2;0,800000012;0,400000006;5,643
13.05.2026 23:00;1,1;0,800000012;0,300000012;4,51
14.05.2026 00:00;1,1;0,899999976;0,200000003;3,653
14.05.2026 01:00;1;0,899999976;0,100000001;2,926
14.05.2026 02:00;0,9;0,899999976;0;2,245
14.05.2026 03:00;0,9;0,899999976;0;1,605
14.05.2026 04:00;1;1;0,100000001;2,318
14.05.2026 05:00;1,5;1,200000048;0,300000012;4,262
14.05.2026 06:00;2,2;1,399999976;0,800000012;6,575
14.05.2026 07:00;1,8;1;0,800000012;9,009
14.05.2026 08:00;1,3;0,600000024;0,699999988;10,899
14.05.2026 09:00;1,1;0,5;0,600000024;12,391
14.05.2026 10:00;1;0,5;0,5;13,49
14.05.2026 11:00;0,9;0,400000006;0,5;14,264
14.05.2026 12:00;0,8;0,400000006;0,400000006;14,771
14.05.2026 13:00;0,8;0,400000006;0,400000006;15,021
14.05.2026 14:00;0,8;0,400000006;0,400000006;15,024
14.05.2026 15:00;0,8;0,400000006;0,400000006;14,764
14.05.2026 16:00;0,8;0,400000006;0,400000006;14,135
14.05.2026 17:00;1;0,5;0,5;13,095
14.05.2026 18:00;1,5;0,899999976;0,600000024;10,518
14.05.2026 19:00;1,8;1;0,800000012;7,986
14.05.2026 20:00;1,8;1;0,800000012;7,068
14.05.2026 21:00;1,9;1,100000024;0,800000012;6,259
14.05.2026 22:00;1,4;1;0,400000006;5,554
14.05.2026 23:00;1,2;0,899999976;0,300000012;4,904
15.05.2026 00:00;1,2;1;0,200000003;4,312
15.05.2026 01:00;1,1;1;0,100000001;3,751
15.05.2026 02:00;1;1;0;3,189
15.05.2026 03:00;1;1;0;2,549
15.05.2026 04:00;1,1;1;0,100000001;3,059
15.05.2026 05:00;1,5;1,200000048;0,300000012;5,685
15.05.2026 06:00;2,2;1,399999976;0,800000012;8,068
15.05.2026 07:00;1,9;1,200000048;0,800000012;10,137
15.05.2026 08:00;1,4;0,699999988;0,699999988;11,208
15.05.2026 09:00;1,3;0,699999988;0,600000024;12,342
15.05.2026 10:00;1,1;0,600000024;0,5;13,446
15.05.2026 11:00;1,1;0,600000024;0,5;14,353
15.05.2026 12:00;1,1;0,600000024;0,5;15,005
15.05.2026 13:00;1;0,600000024;0,400000006;15,357
15.05.2026 14:00;1;0,600000024;0,400000006;15,374
15.05.2026 15:00;1,4;1;0,400000006;15,051
15.05.2026 16:00;1,4;1;0,400000006;14,361
15.05.2026 17:00;2;1,399999976;0,600000024;13,29
15.05.2026 18:00;2,1;1,5;0,600000024;11,122
15.05.2026 19:00;2,4;1,700000048;0,699999988;8,777
15.05.2026 20:00;2,8;1,899999976;0,800000012;8,018
15.05.2026 21:00;2,8;2;0,800000012;7,723
15.05.2026 22:00;1,8;1,399999976;0,400000006;7,725
15.05.2026 23:00;1,8;1,600000024;0,300000012;7,524
16.05.2026 00:00;2;1,799999952;0,200000003;6,996
16.05.2026 01:00;1,9;1,799999952;0,100000001;6,232
16.05.2026 02:00;2,2;2,200000048;0;5,31
16.05.2026 03:00;2,3;2,299999952;0;4,568
16.05.2026 04:00;2,3;2,200000048;0,100000001;5,159
16.05.2026 05:00;2,9;2,599999905;0,300000012;7,25
16.05.2026 06:00;3,5;2,700000048;0,800000012;9,368
16.05.2026 07:00;3,3;2,5;0,800000012;11,075
16.05.2026 08:00;2,7;2;0,699999988;12,255
16.05.2026 09:00;2,2;1,600000024;0,600000024;13,379
16.05.2026 10:00;1,9;1,399999976;0,5;14,448
16.05.2026 11:00;1,8;1,299999952;0,5;15,263
16.05.2026 12:00;1,6;1,100000024;0,5;15,449
16.05.2026 13:00;1,5;1,100000024;0,400000006;15,01
16.05.2026 14:00;1,4;1;0,400000006;14,12
16.05.2026 15:00;1,3;0,899999976;0,400000006;13,116
16.05.2026 16:00;1,6;1,200000048;0,400000006;12,024
16.05.2026 17:00;1,7;1,200000048;0,5;10,959
16.05.2026 18:00;2,1;1,5;0,600000024;9,982
16.05.2026 19:00;2,4;1,600000024;0,800000012;9,254
16.05.2026 20:00;2,9;2;0,899999976;8,859
16.05.2026 21:00;2,8;2;0,800000012;8,531
16.05.2026 22:00;1,6;1,200000048;0,400000006;8,217
16.05.2026 23:00;1,3;1;0,300000012;7,948
17.05.2026 00:00;1,1;0,899999976;0,200000003;7,622
17.05.2026 01:00;1,3;1,200000048;0,100000001;7,249
17.05.2026 02:00;1,2;1,200000048;0;6,973
17.05.2026 03:00;1,2;1,200000048;0;6,758
17.05.2026 04:00;1,2;1,100000024;0,100000001;6,922
17.05.2026 05:00;1,9;1,600000024;0,300000012;7,435
17.05.2026 06:00;2,8;2;0,800000012;8,326
17.05.2026 07:00;2,8;2;0,800000012;9,475
17.05.2026 08:00;2,3;1,700000048;0,600000024;10,62
17.05.2026 09:00;1,9;1,299999952;0,600000024;11,542
17.05.2026 10:00;1,6;1,100000024;0,5;12,47
17.05.2026 11:00;1,6;1,100000024;0,5;13,455
17.05.2026 12:00;1;0,600000024;0,400000006;14,061
17.05.2026 13:00;1;0,600000024;0,400000006;14,331
17.05.2026 14:00;1;0,600000024;0,400000006;14,594
17.05.2026 15:00;1;0,600000024;0,400000006;14,768
17.05.2026 16:00;1;0,600000024;0,400000006;14,872
17.05.2026 17:00;1,2;0,699999988;0,5;14,5
17.05.2026 18:00;1,4;0,800000012;0,600000024;12,523
17.05.2026 19:00;1,9;1,100000024;0,800000012;10,429
17.05.2026 20:00;2,3;1,399999976;0,800000012;9,826
17.05.2026 21:00;2,5;1,700000048;0,800000012;9,37
17.05.2026 22:00;1,6;1,200000048;0,400000006;8,916
17.05.2026 23:00;1,2;1;0,300000012;8,466
18.05.2026 00:00;1,3;1,200000048;0,200000003;8,015
18.05.2026 01:00;1,2;1,100000024;0,100000001;7,6
18.05.2026 02:00;1,4;1,399999976;0;7,31
18.05.2026 03:00;1,6;1,600000024;0;7,088
18.05.2026 04:00;1,6;1,5;0,100000001;8,237
18.05.2026 05:00;1,9;1,600000024;0,300000012;10,375
18.05.2026 06:00;2,2;1,5;0,699999988;11,834
18.05.2026 07:00;1,9;1,100000024;0,800000012;14,673
18.05.2026 08:00;1,9;1,200000048;0,699999988;16,948
18.05.2026 09:00;1,2;0,600000024;0,600000024;18,113
18.05.2026 10:00;1,1;0,600000024;0,5;18,674
18.05.2026 11:00;1,1;0,600000024;0,5;18,811
18.05.2026 12:00;0,9;0,5;0,400000006;18,893
18.05.2026 13:00;0,9;0,5;0,400000006;19,063
18.05.2026 14:00;0,9;0,5;0,400000006;19,2
18.05.2026 15:00;1;0,600000024;0,400000006;19,019
18.05.2026 16:00;1;0,600000024;0,400000006;18,779
18.05.2026 17:00;1,1;0,600000024;0,5;17,927
18.05.2026 18:00;1,3;0,699999988;0,600000024;16,127
18.05.2026 19:00;1,9;1,100000024;0,800000012;14,434
18.05.2026 20:00;2,3;1,399999976;0,800000012;13,588
18.05.2026 21:00;2,4;1,600000024;0,800000012;13,038
18.05.2026 22:00;1,6;1,200000048;0,400000006;12,579
18.05.2026 23:00;1,6;1,299999952;0,300000012;12,344
19.05.2026 00:00;2;1,799999952;0,200000003;12,162
19.05.2026 01:00;2,4;2,299999952;0,100000001;11,785
19.05.2026 02:00;2,3;2,200000048;0,100000001;11,344
19.05.2026 03:00;2,5;2,5;0;10,907
19.05.2026 04:00;2,4;2,299999952;0,100000001;10,988
19.05.2026 05:00;2,3;2,200000048;0,100000001;11,931
19.05.2026 06:00;2,6;2,5;0,100000001;13,105
19.05.2026 07:00;1,8;1,600000024;0,200000003;15,621
19.05.2026 08:00;1,3;0,899999976;0,400000006;17,658
19.05.2026 09:00;1,8;0,899999976;0,899999976;18,696
19.05.2026 10:00;1,7;0,800000012;0,899999976;19,011
19.05.2026 11:00;1,7;0,800000012;0,899999976;19,207
19.05.2026 12:00;1,6;0,800000012;0,800000012;19,324
19.05.2026 13:00;1,4;0,699999988;0,699999988;19,265
19.05.2026 14:00;1,3;0,699999988;0,600000024;19,13
19.05.2026 15:00;1,2;0,699999988;0,5;18,823
19.05.2026 16:00;1,3;0,800000012;0,5;18,361
19.05.2026 17:00;1,5;0,899999976;0,600000024;17,493
19.05.2026 18:00;1,7;1,100000024;0,600000024;15,636
19.05.2026 19:00;2;1,399999976;0,600000024;13,659
19.05.2026 20:00;2,3;1,700000048;0,600000024;12,697
19.05.2026 21:00;2;1,5;0,5;11,941
19.05.2026 22:00;1,7;1,299999952;0,400000006;11,182
19.05.2026 23:00;1,7;1,399999976;0,300000012;10,537
20.05.2026 00:00;1,8;1,600000024;0,200000003;9,938
20.05.2026 01:00;1,8;1,700000048;0,100000001;9,42
20.05.2026 02:00;1,6;1,600000024;0,100000001;9,04
20.05.2026 03:00;1,8;1,799999952;0;8,753
20.05.2026 04:00;1,9;1,799999952;0,100000001;9,742
20.05.2026 05:00;2;1,899999976;0,100000001;11,125
20.05.2026 06:00;2;1,899999976;0,100000001;12,894
20.05.2026 07:00;1,5;1,299999952;0,200000003;14,586
20.05.2026 08:00;1,1;0,699999988;0,400000006;16,092
20.05.2026 09:00;1,6;0,699999988;0,899999976;17,26
20.05.2026 10:00;1,5;0,600000024;0,899999976;18,096
20.05.2026 11:00;1,5;0,600000024;1;18,658
20.05.2026 12:00;1,5;0,600000024;0,800000012;18,772
20.05.2026 13:00;1,4;0,600000024;0,800000012;18,5
20.05.2026 14:00;1,2;0,600000024;0,600000024;17,665
20.05.2026 15:00;1,1;0,600000024;0,5;16,917
20.05.2026 16:00;1,1;0,600000024;0,5;16,393
20.05.2026 17:00;1,3;0,699999988;0,600000024;15,702
20.05.2026 18:00;1,2;0,699999988;0,5;14,831
20.05.2026 19:00;1,4;0,800000012;0,600000024;13,962
20.05.2026 20:00;1,6;1;0,600000024;13,19
20.05.2026 21:00;1,6;1,100000024;0,5;12,556
20.05.2026 22:00;1,3;0,899999976;0,400000006;11,99
20.05.2026 23:00;0,9;0,699999988;0,200000003;11,402
21.05.2026 00:00;0,9;0,699999988;0,200000003;10,91
21.05.2026 01:00;1;0,899999976;0,100000001;10,577
21.05.2026 02:00;1;0,899999976;0,100000001;10,413
21.05.2026 03:00;0,9;0,899999976;0;10,349
21.05.2026 04:00;1,2;1,200000048;0,100000001;10,346
21.05.2026 05:00;1;1;0,100000001;10,469
21.05.2026 06:00;1,3;1,200000048;0,100000001;10,739
21.05.2026 07:00;1,2;1;0,200000003;11,122
21.05.2026 08:00;1;0,5;0,5;11,66
21.05.2026 09:00;1,2;0,400000006;0,800000012;12,16
21.05.2026 10:00;1,4;0,400000006;1;12,696
21.05.2026 11:00;1,4;0,400000006;1;13,363
21.05.2026 12:00;1,1;0,400000006;0,800000012;14,1
21.05.2026 13:00;0,9;0,300000012;0,600000024;14,534
21.05.2026 14:00;0,9;0,300000012;0,600000024;14,483
21.05.2026 15:00;0,8;0,400000006;0,5;14,15
21.05.2026 16:00;0,9;0,400000006;0,5;13,544
21.05.2026 17:00;1;0,400000006;0,600000024;12,75
21.05.2026 18:00;1;0,400000006;0,600000024;11,989
21.05.2026 19:00;1,1;0,5;0,600000024;11,376
21.05.2026 20:00;1,3;0,699999988;0,600000024;10,907
21.05.2026 21:00;1,2;0,699999988;0,5;10,545
21.05.2026 22:00;1,1;0,699999988;0,400000006;10,328
21.05.2026 23:00;1;0,699999988;0,300000012;10,105
22.05.2026 00:00;0,9;0,699999988;0,200000003;9,893
22.05.2026 01:00;1,1;1;0,100000001;9,682
22.05.2026 02:00;1,1;1,100000024;0;9,502
22.05.2026 03:00;1,3;1,299999952;0;9,316
22.05.2026 04:00;1,8;1,700000048;0,100000001;9,216
22.05.2026 05:00;1,9;1,600000024;0,300000012;9,187
22.05.2026 06:00;2,3;1,600000024;0,800000012;9,279
22.05.2026 07:00;2,1;1,299999952;0,800000012;9,954
22.05.2026 08:00;1,4;0,699999988;0,699999988;11,798
22.05.2026 09:00;1,2;0,600000024;0,600000024;13,877
22.05.2026 10:00;1,1;0,600000024;0,5;15,641
22.05.2026 11:00;1,1;0,600000024;0,5;16,892
22.05.2026 12:00;1;0,600000024;0,400000006;17,57
22.05.2026 13:00;1;0,600000024;0,400000006;17,832
22.05.2026 14:00;0,9;0,5;0,400000006;17,883
22.05.2026 15:00;1;0,600000024;0,400000006;17,864
22.05.2026 16:00;0,9;0,5;0,400000006;17,463
22.05.2026 17:00;1,1;0,600000024;0,5;16,712
22.05.2026 18:00;1,3;0,699999988;0,600000024;14,708
22.05.2026 19:00;2;1,200000048;0,800000012;12,903
22.05.2026 20:00;2,4;1,600000024;0,800000012;12,25
22.05.2026 21:00;2,9;2,099999905;0,800000012;11,704
22.05.2026 22:00;2;1,600000024;0,400000006;11,382
22.05.2026 23:00;2;1,700000048;0,300000012;11,427
23.05.2026 00:00;2,5;2,299999952;0,200000003;11,442
23.05.2026 01:00;2,3;2,200000048;0,100000001;11,131
23.05.2026 02:00;1,9;1,899999976;0;10,095
23.05.2026 03:00;2,5;2,5;0;8,859
23.05.2026 04:00;2,5;2,400000095;0,100000001;8,955
23.05.2026 05:00;2,6;2,299999952;0,300000012;11,434
23.05.2026 06:00;2,7;2;0,699999988;13,06
23.05.2026 07:00;2,2;1,399999976;0,800000012;15,984
23.05.2026 08:00;1,5;0,800000012;0,699999988;17,85
23.05.2026 09:00;1,3;0,699999988;0,600000024;19,066
23.05.2026 10:00;1,1;0,600000024;0,5;20,011
23.05.2026 11:00;1,2;0,699999988;0,5;20,685
23.05.2026 12:00;1,1;0,600000024;0,5;20,996
23.05.2026 13:00;1;0,600000024;0,400000006;21,033
23.05.2026 14:00;1;0,600000024;0,400000006;20,737
23.05.2026 15:00;1;0,600000024;0,400000006;20,269
23.05.2026 16:00;1;0,600000024;0,400000006;19,556
23.05.2026 17:00;1,2;0,699999988;0,5;18,301
23.05.2026 18:00;1,4;0,800000012;0,600000024;16,285
23.05.2026 19:00;1,7;0,800000012;0,800000012;14,863
23.05.2026 20:00;1,7;0,899999976;0,800000012;14,689
23.05.2026 21:00;1,6;0,800000012;0,800000012;14,79
23.05.2026 22:00;0,8;0,400000006;0,400000006;14,489
23.05.2026 23:00;0,4;0,100000001;0,300000012;13,754
24.05.2026 00:00;0,2;0;0,200000003;12,74
24.05.2026 01:00;0,5;0,400000006;0,100000001;11,576
24.05.2026 02:00;0,7;0,699999988;0;10,744
24.05.2026 03:00;0,9;0,899999976;0;10,351
24.05.2026 04:00;1,2;1,100000024;0,100000001;11,005
24.05.2026 05:00;1,1;0,800000012;0,300000012;13,262
24.05.2026 06:00;1,1;0,300000012;0,800000012;14,747
24.05.2026 07:00;1,1;0,300000012;0,800000012;16,409
24.05.2026 08:00;0,9;0,200000003;0,699999988;18,523
24.05.2026 09:00;0,8;0,200000003;0,600000024;19,87
24.05.2026 10:00;0,7;0,200000003;0,5;20,83
24.05.2026 11:00;0,7;0,200000003;0,5;21,498
24.05.2026 12:00;0,6;0,200000003;0,400000006;21,81
24.05.2026 13:00;0,6;0,200000003;0,400000006;21,751
24.05.2026 14:00;0,6;0,200000003;0,400000006;21,427
24.05.2026 15:00;0,6;0,200000003;0,400000006;20,961
24.05.2026 16:00;0,6;0,200000003;0,400000006;20,319
24.05.2026 17:00;0,7;0,200000003;0,5;19,111
24.05.2026 18:00;0,8;0,200000003;0,600000024;16,936
24.05.2026 19:00;1;0,200000003;0,800000012;14,626
24.05.2026 20:00;1,1;0,300000012;0,800000012;13,019
24.05.2026 21:00;1;0,200000003;0,800000012;11,422
24.05.2026 22:00;0,7;0,300000012;0,400000006;10,345
24.05.2026 23:00;0,7;0,400000006;0,300000012;9,636
25.05.2026 00:00;0,6;0,400000006;0,200000003;8,98
25.05.2026 01:00;0,7;0,600000024;0,100000001;8,295
25.05.2026 02:00;0,8;0,800000012;0;7,616
25.05.2026 03:00;0,9;0,899999976;0;6,97
25.05.2026 04:00;1,2;1,100000024;0,100000001;8,179
25.05.2026 05:00;1,1;0,800000012;0,300000012;9,959
25.05.2026 06:00;1,1;0,400000006;0,800000012;12,03
25.05.2026 07:00;1,2;0,300000012;0,899999976;13,49
25.05.2026 08:00;0,9;0,200000003;0,699999988;14,929
25.05.2026 09:00;0,8;0,200000003;0,600000024;16,258
25.05.2026 10:00;0,7;0,200000003;0,5;17,384
25.05.2026 11:00;0,7;0,200000003;0,5;18,115
25.05.2026 12:00;0,6;0,200000003;0,400000006;18,5
25.05.2026 13:00;0,6;0,200000003;0,400000006;18,579
25.05.2026 14:00;0,6;0,200000003;0,400000006;18,44
25.05.2026 15:00;0,6;0,200000003;0,400000006;18,063
25.05.2026 16:00;0,6;0,200000003;0,400000006;17,517
25.05.2026 17:00;0,8;0,200000003;0,600000024;16,674
25.05.2026 18:00;0,8;0,200000003;0,600000024;15,371
25.05.2026 19:00;1,1;0,300000012;0,800000012;13,52
25.05.2026 20:00;1,1;0,300000012;0,800000012;12,629
25.05.2026 21:00;0,9;0,200000003;0,699999988;11,969
25.05.2026 22:00;0,7;0,300000012;0,400000006;11,342
25.05.2026 23:00;0,2;0;0,200000003;10,558
26.05.2026 00:00;0,3;0,100000001;0,200000003;9,524
26.05.2026 01:00;0,2;0,100000001;0,100000001;8,723
26.05.2026 02:00;0,2;0,100000001;0,100000001;8,179
26.05.2026 03:00;0,1;0,100000001;0;7,712
26.05.2026 04:00;0,2;0,100000001;0,100000001;9,077
26.05.2026 05:00;0,5;0,400000006;0,100000001;11,139
26.05.2026 06:00;0,7;0,600000024;0,100000001;13,786
26.05.2026 07:00;0,8;0,600000024;0,200000003;16,271
26.05.2026 08:00;0,8;0,400000006;0,400000006;18,026
26.05.2026 09:00;1,2;0,400000006;0,800000012;19,351
26.05.2026 10:00;1,3;0,400000006;0,899999976;20,194
26.05.2026 11:00;1,3;0,400000006;1;20,758
26.05.2026 12:00;1,2;0,400000006;0,800000012;21,112
26.05.2026 13:00;0,9;0,300000012;0,600000024;21,169
26.05.2026 14:00;0,9;0,300000012;0,600000024;20,884
26.05.2026 15:00;1;0,5;0,5;20,308
26.05.2026 16:00;1,3;0,800000012;0,5;19,418
26.05.2026 17:00;1,4;0,800000012;0,600000024;18,499
26.05.2026 18:00;1,6;1;0,600000024;17,193
26.05.2026 19:00;2,1;1,399999976;0,699999988;15,166
26.05.2026 20:00;2,1;1,5;0,600000024;14,209
26.05.2026 21:00;2,1;1,600000024;0,5;13,539
26.05.2026 22:00;2;1,600000024;0,400000006;13,145
26.05.2026 23:00;2;1,700000048;0,300000012;12,808
27.05.2026 00:00;2,2;2;0,200000003;12,648
27.05.2026 01:00;2,2;2,099999905;0,100000001;12,679
27.05.2026 02:00;2,2;2,099999905;0,100000001;12,591
27.05.2026 03:00;2;2;0;12,64
27.05.2026 04:00;2,3;2,200000048;0,100000001;12,629
27.05.2026 05:00;2,3;2,200000048;0,100000001;12,874
27.05.2026 06:00;2,7;2,599999905;0,100000001;13,28
27.05.2026 07:00;2,4;2,200000048;0,200000003;14,051
27.05.2026 08:00;2,2;1,700000048;0,5;15,211
27.05.2026 09:00;2,2;1,299999952;0,899999976;16,452
27.05.2026 10:00;2,4;1,399999976;0,899999976;17,442
27.05.2026 11:00;1,9;1;0,899999976;18,079
27.05.2026 12:00;1,9;1,100000024;0,800000012;18,545
27.05.2026 13:00;1,6;0,899999976;0,699999988;18,846
27.05.2026 14:00;1,5;0,899999976;0,600000024;18,823
27.05.2026 15:00;1,6;1,100000024;0,5;18,216
27.05.2026 16:00;1,7;1,200000048;0,5;17,538
27.05.2026 17:00;1,9;1,399999976;0,5;16,548
27.05.2026 18:00;2,6;2;0,600000024;15,185
27.05.2026 19:00;2,8;2,200000048;0,600000024;13,797
27.05.2026 20:00;2,7;2,099999905;0,600000024;12,833
27.05.2026 21:00;2,6;2,099999905;0,5;12,391
27.05.2026 22:00;1,6;1,200000048;0,400000006;12,195
27.05.2026 23:00;1,4;1,200000048;0,200000003;12,154
28.05.2026 00:00;1,4;1,200000048;0,200000003;12,106
28.05.2026 01:00;1,2;1,100000024;0,100000001;11,828
28.05.2026 02:00;0,9;0,899999976;0;11,295
28.05.2026 03:00;1;1;0;10,572
28.05.2026 04:00;1,1;1;0,100000001;10,582
28.05.2026 05:00;1,7;1,399999976;0,300000012;11,207
28.05.2026 06:00;2,5;1,700000048;0,800000012;12,355
28.05.2026 07:00;2,3;1,5;0,800000012;13,677
28.05.2026 08:00;1,8;1,100000024;0,699999988;14,613
28.05.2026 09:00;1,7;1,100000024;0,600000024;14,859
28.05.2026 10:00;1,3;0,800000012;0,5;14,354
28.05.2026 11:00;1,1;0,699999988;0,400000006;14,151
28.05.2026 12:00;1,1;0,699999988;0,400000006;13,957
28.05.2026 13:00;0,9;0,5;0,400000006;13,798
28.05.2026 14:00;0,9;0,5;0,400000006;13,457
28.05.2026 15:00;0,9;0,5;0,400000006;13,167
28.05.2026 16:00;1;0,600000024;0,400000006;12,811
28.05.2026 17:00;1,1;0,600000024;0,5;12,246
28.05.2026 18:00;1,3;0,699999988;0,600000024;11,396
28.05.2026 19:00;1,6;0,899999976;0,699999988;10,048
28.05.2026 20:00;1,9;1,200000048;0,800000012;9,235
28.05.2026 21:00;2,3;1,5;0,800000012;8,545
28.05.2026 22:00;1,7;1,299999952;0,400000006;7,844
28.05.2026 23:00;1,8;1,5;0,300000012;7,15
29.05.2026 00:00;2;1,799999952;0,200000003;6,397
29.05.2026 01:00;2,1;2;0,100000001;5,661
29.05.2026 02:00;2,2;2,200000048;0;5,147
29.05.2026 03:00;2,2;2,200000048;0;4,804
29.05.2026 04:00;2,9;2,799999952;0,100000001;6,092
29.05.2026 05:00;2,8;2,5;0,300000012;8,062
29.05.2026 06:00;3,4;2,599999905;0,800000012;10,177
29.05.2026 07:00;2,9;2,099999905;0,800000012;12,147
29.05.2026 08:00;2,2;1,399999976;0,699999988;13,918
29.05.2026 09:00;1,8;1,200000048;0,600000024;15,357
29.05.2026 10:00;1,3;0,800000012;0,5;16,554
29.05.2026 11:00;1,3;0,800000012;0,5;17,474
29.05.2026 12:00;1,2;0,800000012;0,400000006;18,128
29.05.2026 13:00;1,2;0,800000012;0,400000006;18,557
29.05.2026 14:00;1,2;0,800000012;0,400000006;18,763
29.05.2026 15:00;1,2;0,800000012;0,400000006;18,723
29.05.2026 16:00;1,3;0,800000012;0,400000006;18,403
29.05.2026 17:00;1,4;1;0,5;17,838
29.05.2026 18:00;1,6;1;0,600000024;16,118
29.05.2026 19:00;1,9;1,100000024;0,800000012;13,907
29.05.2026 20:00;2,6;1,799999952;0,800000012;12,416
29.05.2026 21:00;2,7;1,899999976;0,800000012;11,556
29.05.2026 22:00;1,9;1,5;0,400000006;11,022
29.05.2026 23:00;1,7;1,399999976;0,300000012;10,577
30.05.2026 00:00;1,3;1,100000024;0,200000003;10,189
30.05.2026 01:00;1,3;1,200000048;0,100000001;9,843
30.05.2026 02:00;1,5;1,5;0;9,672
30.05.2026 03:00;1,7;1,700000048;0;9,826
30.05.2026 04:00;1,9;1,799999952;0,100000001;10,853
30.05.2026 05:00;2;1,700000048;0,300000012;11,975
30.05.2026 06:00;2,1;1,399999976;0,699999988;13,278
30.05.2026 07:00;1,8;1;0,800000012;14,659
30.05.2026 08:00;1,4;0,699999988;0,699999988;16,133
30.05.2026 09:00;1,1;0,600000024;0,5;17,565
30.05.2026 10:00;0,9;0,5;0,400000006;18,867
30.05.2026 11:00;1;0,5;0,5;19,793
30.05.2026 12:00;0,9;0,5;0,400000006;20,303
30.05.2026 13:00;0,9;0,5;0,400000006;20,534
30.05.2026 14:00;0,9;0,5;0,400000006;20,527
30.05.2026 15:00;0,9;0,5;0,400000006;20,315
30.05.2026 16:00;0,9;0,5;0,400000006;19,569
30.05.2026 17:00;1,1;0,600000024;0,5;18,913
30.05.2026 18:00;1,2;0,600000024;0,600000024;17,657
30.05.2026 19:00;1,5;0,699999988;0,800000012;15,922
30.05.2026 20:00;1,7;0,899999976;0,800000012;15,306
30.05.2026 21:00;2,2;1,399999976;0,800000012;14,747
30.05.2026 22:00;1,6;1,100000024;0,5;14,343
30.05.2026 23:00;1,4;1,100000024;0,300000012;13,841
31.05.2026 00:00;1,3;1,200000048;0,200000003;13,054
31.05.2026 01:00;1;0,899999976;0,100000001;12,054
31.05.2026 02:00;1,3;1,200000048;0,100000001;11,425
31.05.2026 03:00;1;1;0;11,026
31.05.2026 04:00;1,3;1,200000048;0,100000001;11,953
31.05.2026 05:00;1,5;1,399999976;0,100000001;13,433
31.05.2026 06:00;1,3;1,200000048;0,100000001;15,571
31.05.2026 07:00;1;0,800000012;0,200000003;17,687
31.05.2026 08:00;1,2;0,699999988;0,5;19,234
31.05.2026 09:00;1,4;0,600000024;0,800000012;20,389
31.05.2026 10:00;1,5;0,600000024;0,899999976;21,289
31.05.2026 11:00;1,6;0,600000024;1;22,005
31.05.2026 12:00;1,3;0,5;0,800000012;22,514
31.05.2026 13:00;1,2;0,5;0,699999988;22,762
31.05.2026 14:00;1,1;0,5;0,600000024;22,767
31.05.2026 15:00;1;0,5;0,5;22,495
31.05.2026 16:00;1;0,5;0,5;21,866
31.05.2026 17:00;1,1;0,600000024;0,5;20,856
31.05.2026 18:00;1,2;0,600000024;0,600000024;18,844
31.05.2026 19:00;1,7;1,100000024;0,600000024;16,245
31.05.2026 20:00;2,1;1,399999976;0,600000024;15,29
31.05.2026 21:00;2,2;1,700000048;0,5;14,879
31.05.2026 22:00;1,9;1,5;0,400000006;14,521
31.05.2026 23:00;1,5;1,299999952;0,200000003;14,35
01.06.2026 00:00;1,7;1,5;0,200000003;13,907
01.06.2026 01:00;1,6;1,600000024;0,100000001;13,127
01.06.2026 02:00;1,8;1,799999952;0;12,658
01.06.2026 03:00;1,6;1,600000024;0;11,946
01.06.2026 04:00;1,4;1,299999952;0,100000001;12,849
01.06.2026 05:00;1,4;1,100000024;0,300000012;15,154
01.06.2026 06:00;2,4;1,600000024;0,800000012;17,207
01.06.2026 07:00;1,8;1;0,800000012;19,786
01.06.2026 08:00;1,3;0,600000024;0,699999988;21,294
01.06.2026 09:00;1;0,5;0,5;22,505
01.06.2026 10:00;1;0,5;0,5;23,482
01.06.2026 11:00;1;0,5;0,5;24,181
01.06.2026 12:00;1;0,5;0,5;24,647
01.06.2026 13:00;0,8;0,400000006;0,400000006;25,053
01.06.2026 14:00;0,9;0,5;0,400000006;25,307
01.06.2026 15:00;0,9;0,5;0,400000006;25,346
01.06.2026 16:00;0,9;0,5;0,400000006;25,154
01.06.2026 17:00;1,2;0,600000024;0,600000024;24,884
01.06.2026 18:00;1,2;0,600000024;0,600000024;23,943
01.06.2026 19:00;1,5;0,699999988;0,800000012;22,303
01.06.2026 20:00;1,7;0,899999976;0,800000012;20,199
01.06.2026 21:00;1,7;0,899999976;0,800000012;18,299
01.06.2026 22:00;1,2;0,800000012;0,400000006;16,881
01.06.2026 23:00;1,1;0,899999976;0,200000003;16,152
02.06.2026 00:00;1,5;1,299999952;0,200000003;15,712
02.06.2026 01:00;1,6;1,5;0,100000001;15,352
02.06.2026 02:00;1,9;1,799999952;0,100000001;14,976
02.06.2026 03:00;1,9;1,899999976;0;14,598
02.06.2026 04:00;2;1,799999952;0;15,927
02.06.2026 05:00;1,3;1,200000048;0;17,693
02.06.2026 06:00;0,9;0,800000012;0,100000001;19,589
02.06.2026 07:00;0,8;0,600000024;0,200000003;22,368
02.06.2026 08:00;1;0,5;0,5;24,985
02.06.2026 09:00;1,4;0,5;0,899999976;26,373
02.06.2026 10:00;1,3;0,400000006;0,899999976;27,313
02.06.2026 11:00;1,4;0,400000006;1;27,922
02.06.2026 12:00;1,3;0,400000006;0,899999976;28,267
02.06.2026 13:00;1;0,400000006;0,600000024;28,399
02.06.2026 14:00;1;0,400000006;0,600000024;28,286
02.06.2026 15:00;0,9;0,400000006;0,5;27,954
02.06.2026 16:00;0,9;0,400000006;0,5;27,282
02.06.2026 17:00;1,1;0,5;0,600000024;26,039
02.06.2026 18:00;1,2;0,600000024;0,600000024;23,834
02.06.2026 19:00;1,3;0,600000024;0,699999988;21,279
02.06.2026 20:00;1,2;0,600000024;0,600000024;20,254
02.06.2026 21:00;1;0,5;0,5;19,665
02.06.2026 22:00;0,6;0,200000003;0,400000006;19,09
02.06.2026 23:00;0,5;0,300000012;0,200000003;18,455
03.06.2026 00:00;0,7;0,5;0,200000003;17,829
03.06.2026 01:00;1,4;1,299999952;0,100000001;17,271
03.06.2026 02:00;1,4;1,299999952;0,100000001;16,386
03.06.2026 03:00;1,4;1,399999976;0;15,916
03.06.2026 04:00;1,3;1,200000048;0,100000001;16,817
03.06.2026 05:00;0,4;0,300000012;0,100000001;18,276
03.06.2026 06:00;0,6;0,5;0,100000001;19,275
03.06.2026 07:00;0,6;0,400000006;0,200000003;20,195
03.06.2026 08:00;0,7;0,400000006;0,400000006;22,159
03.06.2026 09:00;1,2;0,300000012;0,899999976;24,396
03.06.2026 10:00;1,3;0,300000012;1;25,61
03.06.2026 11:00;1,2;0,300000012;1;25,506
03.06.2026 12:00;1,1;0,300000012;0,800000012;24,149
03.06.2026 13:00;1;0,300000012;0,699999988;23,277
03.06.2026 14:00;0,7;0,200000003;0,5;22,12
03.06.2026 15:00;0,8;0,300000012;0,5;20,388
03.06.2026 16:00;0,8;0,300000012;0,5;18,9
03.06.2026 17:00;0,8;0,300000012;0,5;18,522
03.06.2026 18:00;0,9;0,300000012;0,600000024;18,025
03.06.2026 19:00;1;0,400000006;0,600000024;16,779
03.06.2026 20:00;1;0,400000006;0,600000024;16,54
03.06.2026 21:00;0,8;0,400000006;0,5;16,178
03.06.2026 22:00;0,5;0,100000001;0,400000006;15,624
03.06.2026 23:00;0,6;0,300000012;0,300000012;15,086
04.06.2026 00:00;0,2;0;0,200000003;14,547
04.06.2026 01:00;0,3;0,200000003;0,100000001;14,115
04.06.2026 02:00;0,4;0,400000006;0;13,618
04.06.2026 03:00;0,6;0,600000024;0;12,943
04.06.2026 04:00;1;0,800000012;0,100000001;13,964
04.06.2026 05:00;0,6;0,300000012;0,300000012;15,611
04.06.2026 06:00;0,9;0,200000003;0,699999988;17,744
04.06.2026 07:00;1;0,200000003;0,800000012;19,613
04.06.2026 08:00;0,8;0,100000001;0,699999988;21,226
04.06.2026 09:00;0,7;0,100000001;0,600000024;22,729
04.06.2026 10:00;0,6;0,100000001;0,5;24,05
04.06.2026 11:00;0,6;0,100000001;0,5;25,012
04.06.2026 12:00;0,5;0,100000001;0,400000006;25,853
04.06.2026 13:00;0,5;0,100000001;0,400000006;26,606
04.06.2026 14:00;0,5;0,100000001;0,400000006;27,147
04.06.2026 15:00;0,4;0,100000001;0,400000006;27,305
04.06.2026 16:00;0,5;0,100000001;0,400000006;26,557
04.06.2026 17:00;0,6;0,100000001;0,5;25,016
04.06.2026 18:00;0,7;0,100000001;0,600000024;23,703
04.06.2026 19:00;0,9;0,100000001;0,800000012;22,495
04.06.2026 20:00;0,8;0,100000001;0,699999988;21,658
04.06.2026 21:00;0,9;0,100000001;0,800000012;20,891
04.06.2026 22:00;0,4;0;0,400000006;20,042
04.06.2026 23:00;0,2;0;0,200000003;19,283
05.06.2026 00:00;0,6;0,400000006;0,200000003;18,417
05.06.2026 01:00;0,9;0,800000012;0,100000001;17,369
05.06.2026 02:00;0,8;0,800000012;0;16,314
05.06.2026 03:00;0,8;0,800000012;0;15,609
05.06.2026 04:00;1;0,899999976;0,100000001;16,723
05.06.2026 05:00;1,7;1,399999976;0,300000012;17,609
05.06.2026 06:00;2,9;2,099999905;0,800000012;18,659
05.06.2026 07:00;2,7;1,899999976;0,800000012;20,196
05.06.2026 08:00;2,2;1,5;0,699999988;21,654
05.06.2026 09:00;1,9;1,299999952;0,600000024;22,611
05.06.2026 10:00;1,9;1,399999976;0,5;23,516
05.06.2026 11:00;1,8;1,399999976;0,400000006;24,635
05.06.2026 12:00;1,6;1,200000048;0,400000006;25,724
05.06.2026 13:00;1,7;1,299999952;0,400000006;26,695
05.06.2026 14:00;1,8;1,399999976;0,400000006;27,254
05.06.2026 15:00;2;1,600000024;0,400000006;27,393
05.06.2026 16:00;2;1,600000024;0,400000006;27,067
05.06.2026 17:00;2,3;1,799999952;0,5;26,434
05.06.2026 18:00;2,6;2;0,600000024;24,833
05.06.2026 19:00;3;2,200000048;0,800000012;22,515
05.06.2026 20:00;2,8;2;0,800000012;20,952
05.06.2026 21:00;3,1;2,400000095;0,800000012;20,393
05.06.2026 22:00;2;1,600000024;0,400000006;19,91
05.06.2026 23:00;2,1;1,799999952;0,300000012;19,036
06.06.2026 00:00;1,9;1,700000048;0,200000003;17,676
06.06.2026 01:00;2,2;2,099999905;0,100000001;14,911
06.06.2026 02:00;2;2;0;11,903
06.06.2026 03:00;1,9;1,899999976;0;10,795
06.06.2026 04:00;2,4;2,299999952;0,100000001;10,443
06.06.2026 05:00;3,2;2,900000095;0,300000012;10,421
06.06.2026 06:00;4,4;3,700000048;0,699999988;11,423
06.06.2026 07:00;4,1;3,400000095;0,699999988;12,991
06.06.2026 08:00;3,8;3,099999905;0,699999988;14,351
06.06.2026 09:00;3,4;2,799999952;0,600000024;15,519
06.06.2026 10:00;2,8;2,299999952;0,5;16,71
06.06.2026 11:00;2,8;2,400000095;0,400000006;17,507
06.06.2026 12:00;2,7;2,299999952;0,400000006;17,601
06.06.2026 13:00;2,9;2,5;0,400000006;17,233
06.06.2026 14:00;2,8;2,599999905;0,400000006;17,068
06.06.2026 15:00;2,4;2;0,400000006;17,248
06.06.2026 16:00;3,2;2,799999952;0,400000006;17,435
06.06.2026 17:00;3,5;3;0,5;17,067
06.06.2026 18:00;3,6;3;0,600000024;15,936
06.06.2026 19:00;3,8;3,099999905;0,699999988;14,35
06.06.2026 20:00;4,5;3,700000048;0,800000012;12,842
06.06.2026 21:00;4,3;3,5;0,800000012;11,354
06.06.2026 22:00;2,6;2,200000048;0,400000006;10,495
06.06.2026 23:00;2,5;2,200000048;0,300000012;9,858
07.06.2026 00:00;2,1;1,899999976;0,200000003;9,318
07.06.2026 01:00;1,8;1,700000048;0,100000001;8,928
07.06.2026 02:00;2;2;0;8,677
07.06.2026 03:00;2,4;2,400000095;0;8,793
07.06.2026 04:00;2,2;2,099999905;0,100000001;9,694
07.06.2026 05:00;3;2,599999905;0,300000012;10,811
07.06.2026 06:00;3,1;2,400000095;0,699999988;13,228
07.06.2026 07:00;2,8;2,099999905;0,699999988;15,303
07.06.2026 08:00;2,6;1,899999976;0,699999988;16,927
07.06.2026 09:00;2,8;2,200000048;0,600000024;18,25
07.06.2026 10:00;2,3;1,799999952;0,5;19,846
07.06.2026 11:00;1,7;1,299999952;0,400000006;21,607
07.06.2026 12:00;1,3;0,899999976;0,400000006;22,966
07.06.2026 13:00;1,3;0,899999976;0,400000006;23,83
07.06.2026 14:00;1,3;0,899999976;0,400000006;24,159
07.06.2026 15:00;1,3;0,899999976;0,400000006;23,472
07.06.2026 16:00;1,3;0,899999976;0,400000006;21,506
07.06.2026 17:00;1,7;1,200000048;0,5;18,689
07.06.2026 18:00;1,9;1,299999952;0,600000024;15,99
07.06.2026 19:00;2,5;1,700000048;0,800000012;14,083
07.06.2026 20:00;2,4;1,600000024;0,800000012;12,92
07.06.2026 21:00;2,6;1,799999952;0,800000012;12,36
07.06.2026 22:00;2;1,5;0,5;12,376
07.06.2026 23:00;1,7;1,5;0,200000003;12,282
08.06.2026 00:00;1,8;1,600000024;0,200000003;12,077
08.06.2026 01:00;1,9;1,799999952;0,100000001;11,887
08.06.2026 02:00;1,4;1,399999976;0;11,678
08.06.2026 03:00;1,4;1,399999976;0;11,338
08.06.2026 04:00;1,5;1,399999976;0,100000001;11,435
08.06.2026 05:00;2;1,700000048;0,300000012;12,115
08.06.2026 06:00;2,9;2,200000048;0,699999988;12,93
08.06.2026 07:00;2,1;1,399999976;0,699999988;14,1
08.06.2026 08:00;2,3;1,600000024;0,699999988;15,454
08.06.2026 09:00;1,9;1,299999952;0,600000024;16,591
08.06.2026 10:00;1,2;0,699999988;0,5;17,392
08.06.2026 11:00;1,1;0,699999988;0,400000006;17,859
08.06.2026 12:00;1,3;0,800000012;0,5;18,059
08.06.2026 13:00;1,1;0,699999988;0,400000006;18,018
08.06.2026 14:00;1,1;0,699999988;0,400000006;17,965
08.06.2026 15:00;1,1;0,699999988;0,400000006;17,748
08.06.2026 16:00;1,1;0,699999988;0,400000006;17,421
08.06.2026 17:00;1,3;0,800000012;0,5;16,774
08.06.2026 18:00;1,5;0,899999976;0,600000024;15,607
08.06.2026 19:00;2;1,299999952;0,699999988;13,273
08.06.2026 20:00;2,8;2;0,800000012;11,992
08.06.2026 21:00;2,9;2,099999905;0,800000012;11,324
08.06.2026 22:00;2,1;1,700000048;0,400000006;10,874
08.06.2026 23:00;2,1;1,799999952;0,300000012;10,689
09.06.2026 00:00;2,3;2,099999905;0,200000003;10,367
09.06.2026 01:00;1,9;1,799999952;0,100000001;9,403
09.06.2026 02:00;1,9;1,799999952;0,100000001;8,816
09.06.2026 03:00;1,6;1,600000024;0;8,865
09.06.2026 04:00;1,7;1,600000024;0;10,496
09.06.2026 05:00;2,3;2,200000048;0,100000001;12,001
09.06.2026 06:00;2,5;2,400000095;0,100000001;14,487
09.06.2026 07:00;2,3;2,099999905;0,200000003;16,304
09.06.2026 08:00;2,1;1,600000024;0,5;17,284
09.06.2026 09:00;1,8;1;0,800000012;18,005
09.06.2026 10:00;1,6;0,699999988;0,899999976;18,911
09.06.2026 11:00;1,6;0,699999988;0,899999976;20,001
09.06.2026 12:00;1,5;0,699999988;0,800000012;21,041
09.06.2026 13:00;1,4;0,699999988;0,699999988;21,657
09.06.2026 14:00;1,3;0,699999988;0,600000024;22,022
09.06.2026 15:00;1,2;0,699999988;0,5;21,859
09.06.2026 16:00;1,2;0,699999988;0,5;21,287
09.06.2026 17:00;1,4;0,800000012;0,600000024;20,266
09.06.2026 18:00;1,5;0,899999976;0,600000024;18,308
09.06.2026 19:00;1,8;1,200000048;0,600000024;16,623
09.06.2026 20:00;2,3;1,700000048;0,600000024;16,017
09.06.2026 21:00;2,1;1,600000024;0,5;15,231
09.06.2026 22:00;1,5;1,100000024;0,400000006;14,665
09.06.2026 23:00;1,5;1,200000048;0,300000012;14,392
10.06.2026 00:00;1,5;1,299999952;0,200000003;14,097
10.06.2026 01:00;1,6;1,5;0,100000001;13,85
10.06.2026 02:00;1,6;1,5;0,100000001;13,308
10.06.2026 03:00;1,6;1,600000024;0;13,448
10.06.2026 04:00;2,1;2;0,100000001;13,82
10.06.2026 05:00;2,1;2;0,100000001;14,561
10.06.2026 06:00;2,2;2,099999905;0,100000001;15,666
10.06.2026 07:00;2;1,799999952;0,200000003;17,709
10.06.2026 08:00;1,9;1,399999976;0,5;20,054
10.06.2026 09:00;1,8;0,899999976;0,899999976;21,195
10.06.2026 10:00;1,7;0,800000012;0,899999976;21,558
10.06.2026 11:00;1,7;0,800000012;0,899999976;21,56
10.06.2026 12:00;1,7;0,800000012;0,800000012;21,939
10.06.2026 13:00;1,3;0,699999988;0,600000024;21,938
10.06.2026 14:00;1,5;0,899999976;0,600000024;21,263
10.06.2026 15:00;1,2;0,699999988;0,5;21,414
10.06.2026 16:00;1,3;0,800000012;0,5;20,97
10.06.2026 17:00;1,4;0,800000012;0,5;18,965
10.06.2026 18:00;2;1,399999976;0,600000024;17,301
10.06.2026 19:00;2,4;1,799999952;0,600000024;16,207
10.06.2026 20:00;2,4;1,799999952;0,600000024;15,424
10.06.2026 21:00;2,3;1,799999952;0,5;14,749
10.06.2026 22:00;1,5;1,100000024;0,400000006;13,888
10.06.2026 23:00;1,3;1;0,300000012;13,586
11.06.2026 00:00;1,1;0,899999976;0,200000003;13,326
11.06.2026 01:00;1,1;1;0,100000001;12,64
11.06.2026 02:00;1,1;1,100000024;0;12,134
11.06.2026 03:00;1,1;1,100000024;0;11,765
11.06.2026 04:00;1,3;1,200000048;0,100000001;11,899
11.06.2026 05:00;1,5;1,200000048;0,300000012;12,463
11.06.2026 06:00;2,1;1,299999952;0,800000012;13,433
11.06.2026 07:00;1,8;1;0,800000012;14,837
11.06.2026 08:00;1,6;0,899999976;0,699999988;16,799
11.06.2026 09:00;1,2;0,600000024;0,600000024;18,407
11.06.2026 10:00;0,9;0,400000006;0,5;19,546
11.06.2026 11:00;1;0,600000024;0,400000006;20,078
11.06.2026 12:00;0,7;0,300000012;0,400000006;19,872
11.06.2026 13:00;0,7;0,400000006;0,400000006;19,771
11.06.2026 14:00;0,7;0,400000006;0,400000006;19,377
11.06.2026 15:00;0,7;0,400000006;0,400000006;19,151
11.06.2026 16:00;0,7;0,400000006;0,400000006;18,904
11.06.2026 17:00;0,9;0,400000006;0,5;18,174
11.06.2026 18:00;1;0,400000006;0,600000024;17,204
11.06.2026 19:00;1,3;0,5;0,800000012;16,16
11.06.2026 20:00;1,3;0,5;0,800000012;15,552
11.06.2026 21:00;1,5;0,699999988;0,800000012;15,111
11.06.2026 22:00;0,7;0,400000006;0,400000006;14,825
11.06.2026 23:00;0,8;0,5;0,300000012;14,621
12.06.2026 00:00;0,8;0,600000024;0,200000003;14,468
12.06.2026 01:00;0,8;0,699999988;0,100000001;14,366
12.06.2026 02:00;0,9;0,899999976;0;14,247
12.06.2026 03:00;0,9;1;0;14,11
12.06.2026 04:00;1,1;1;0,100000001;14,603
12.06.2026 05:00;1,2;0,899999976;0,300000012;15,816
12.06.2026 06:00;2;1,200000048;0,800000012;17,706
12.06.2026 07:00;1,8;1;0,800000012;18,728
12.06.2026 08:00;1,4;0,800000012;0,600000024;18,439
12.06.2026 09:00;1,2;0,600000024;0,600000024;18,284
12.06.2026 10:00;0,9;0,400000006;0,5;18,253
12.06.2026 11:00;0,8;0,400000006;0,400000006;18,59
12.06.2026 12:00;0,9;0,400000006;0,5;19,187
12.06.2026 13:00;0,8;0,400000006;0,400000006;19,48
12.06.2026 14:00;0,7;0,300000012;0,400000006;19,502
12.06.2026 15:00;0,8;0,400000006;0,400000006;19,454
12.06.2026 16:00;0,8;0,400000006;0,400000006;19,3
12.06.2026 17:00;0,9;0,400000006;0,5;18,784
12.06.2026 18:00;1,1;0,5;0,600000024;17,257
12.06.2026 19:00;1,3;0,5;0,800000012;14,616
12.06.2026 20:00;1,5;0,699999988;0,800000012;13,491
12.06.2026 21:00;1,6;0,800000012;0,699999988;13,002
12.06.2026 22:00;1,1;0,699999988;0,400000006;12,625
12.06.2026 23:00;1,3;1,100000024;0,200000003;12,395
13.06.2026 00:00;1,3;1,100000024;0,200000003;12,205
13.06.2026 01:00;1,2;1,100000024;0,100000001;11,667
13.06.2026 02:00;1,2;1,200000048;0;11,052
13.06.2026 03:00;1,3;1,299999952;0;10,669
13.06.2026 04:00;1;0,899999976;0,100000001;11,466
13.06.2026 05:00;1,2;0,899999976;0,300000012;13,139
13.06.2026 06:00;1,1;0,400000006;0,699999988;15,304
13.06.2026 07:00;1,2;0,400000006;0,800000012;16,841
13.06.2026 08:00;1;0,300000012;0,699999988;18,012
13.06.2026 09:00;0,9;0,300000012;0,600000024;18,846
13.06.2026 10:00;0,8;0,300000012;0,5;19,528
13.06.2026 11:00;0,8;0,300000012;0,5;19,855
13.06.2026 12:00;0,6;0,200000003;0,400000006;20,128
13.06.2026 13:00;0,6;0,200000003;0,400000006;20,536
13.06.2026 14:00;0,5;0,200000003;0,400000006;20,729
13.06.2026 15:00;0,5;0,200000003;0,400000006;20,623
13.06.2026 16:00;0,7;0,300000012;0,400000006;20,202
13.06.2026 17:00;0,8;0,300000012;0,5;19,254
13.06.2026 18:00;0,9;0,400000006;0,600000024;17,72
13.06.2026 19:00;1;0,300000012;0,699999988;15,607
13.06.2026 20:00;1,1;0,400000006;0,800000012;14,428
13.06.2026 21:00;1,2;0,400000006;0,800000012;14,06
13.06.2026 22:00;0,5;0,100000001;0,400000006;13,639
13.06.2026 23:00;0,4;0,100000001;0,300000012;13,303
14.06.2026 00:00;0,2;0;0,200000003;12,347
14.06.2026 01:00;0,1;0;0,100000001;11,766
14.06.2026 02:00;0;0;0;11,155
14.06.2026 03:00;0;0;0;10,631
14.06.2026 04:00;0,1;0;0,100000001;11,855
14.06.2026 05:00;0,3;0;0,300000012;13,512
14.06.2026 06:00;0,8;0;0,800000012;16,077
14.06.2026 07:00;0,8;0;0,800000012;18,802
14.06.2026 08:00;0,7;0;0,699999988;21,038
14.06.2026 09:00;0,6;0;0,600000024;23,077
14.06.2026 10:00;0,5;0;0,5;24,087
14.06.2026 11:00;0,4;0;0,400000006;24,755
14.06.2026 12:00;0,5;0;0,5;25,072
14.06.2026 13:00;0,4;0;0,400000006;24,911
14.06.2026 14:00;0,4;0;0,400000006;24,466
14.06.2026 15:00;0,3;0;0,400000006;24,023
14.06.2026 16:00;0,4;0;0,400000006;23,444
14.06.2026 17:00;0,5;0;0,5;22,416
14.06.2026 18:00;0,6;0;0,600000024;20,745
14.06.2026 19:00;0,8;0;0,800000012;19,195
14.06.2026 20:00;0,8;0;0,800000012;18,102
14.06.2026 21:00;0,7;0;0,699999988;17,5
14.06.2026 22:00;0,4;0;0,400000006;17,153
14.06.2026 23:00;0,3;0;0,300000012;16,825
15.06.2026 00:00;0,2;0;0,200000003;16,487
15.06.2026 01:00;0,1;0;0,100000001;16,061
15.06.2026 02:00;0;0;0;15,406
15.06.2026 03:00;0,2;0,200000003;0;15,175
15.06.2026 04:00;0,1;0;0,100000001;15,588
15.06.2026 05:00;0,2;0;0,200000003;15,874
15.06.2026 06:00;0,8;0;0,800000012;16,67
15.06.2026 07:00;0,8;0;0,800000012;17,774
15.06.2026 08:00;0,7;0;0,699999988;19,228
15.06.2026 09:00;0,6;0;0,600000024;20,644
15.06.2026 10:00;0,5;0;0,5;21,655
15.06.2026 11:00;0,5;0;0,5;21,996
15.06.2026 12:00;0,5;0;0,5;21,867
15.06.2026 13:00;0,4;0;0,400000006;21,905
15.06.2026 14:00;0,4;0;0,400000006;22,119
15.06.2026 15:00;0,4;0;0,400000006;21,901
15.06.2026 16:00;0,4;0;0,400000006;21,438
15.06.2026 17:00;0,5;0;0,5;20,677
15.06.2026 18:00;0,6;0;0,600000024;19,276
15.06.2026 19:00;0,8;0;0,800000012;17,075
15.06.2026 20:00;0,8;0;0,800000012;16,601
15.06.2026 21:00;0,8;0;0,800000012;16,468
15.06.2026 22:00;0,4;0;0,400000006;15,639
15.06.2026 23:00;0,3;0;0,300000012;14,407
16.06.2026 00:00;0,2;0;0,200000003;13,596
16.06.2026 01:00;0,1;0;0,100000001;13,013
16.06.2026 02:00;0,3;0,200000003;0,100000001;12,417
16.06.2026 03:00;0,2;0,200000003;0;12,014
16.06.2026 04:00;0,3;0,200000003;0,100000001;13,381
16.06.2026 05:00;0,3;0,200000003;0;14,996
16.06.2026 06:00;0,2;0,100000001;0,100000001;17,608
16.06.2026 07:00;0,3;0,100000001;0,200000003;19,132
16.06.2026 08:00;0,5;0;0,400000006;20,137
16.06.2026 09:00;0,9;0;0,899999976;20,962
16.06.2026 10:00;0,9;0;0,899999976;21,691
16.06.2026 11:00;0,9;0;0,899999976;22,243
16.06.2026 12:00;0,8;0;0,800000012;22,547
16.06.2026 13:00;0,7;0;0,699999988;22,677
16.06.2026 14:00;0,6;0;0,600000024;22,408
16.06.2026 15:00;0,5;0;0,5;21,829
16.06.2026 16:00;0,5;0;0,5;21,341
16.06.2026 17:00;0,6;0;0,600000024;20,543
16.06.2026 18:00;0,6;0;0,600000024;19,437
16.06.2026 19:00;0,7;0;0,600000024;17,655
16.06.2026 20:00;0,7;0;0,600000024;17,305
16.06.2026 21:00;0,6;0;0,5;17,441
16.06.2026 22:00;0,4;0;0,400000006;17,118
16.06.2026 23:00;0,3;0;0,300000012;16,428
17.06.2026 00:00;0,2;0;0,200000003;15,286
17.06.2026 01:00;0,3;0,200000003;0,100000001;14,484
17.06.2026 02:00;0,3;0,200000003;0,100000001;13,675
17.06.2026 03:00;0,2;0,200000003;0;13,002
17.06.2026 04:00;0,4;0,300000012;0,100000001;14,114
17.06.2026 05:00;0,4;0,300000012;0,100000001;16,393
17.06.2026 06:00;0,3;0,200000003;0,100000001;18,87
17.06.2026 07:00;0,4;0,200000003;0,200000003;21,229
17.06.2026 08:00;0,6;0,200000003;0,400000006;22,543
17.06.2026 09:00;1;0,200000003;0,800000012;23,69
17.06.2026 10:00;0,9;0,100000001;0,800000012;24,673
17.06.2026 11:00;1;0,100000001;0,899999976;25,436
17.06.2026 12:00;0,9;0,100000001;0,800000012;25,992
17.06.2026 13:00;0,8;0,100000001;0,699999988;26,302
17.06.2026 14:00;0,9;0,300000012;0,600000024;26,38
17.06.2026 15:00;0,9;0,400000006;0,5;26,202
17.06.2026 16:00;0,6;0,100000001;0,5;25,841
17.06.2026 17:00;0,7;0,200000003;0,5;25,074
17.06.2026 18:00;0,8;0,200000003;0,600000024;23,308
17.06.2026 19:00;0,9;0,200000003;0,699999988;20,966
17.06.2026 20:00;1,1;0,400000006;0,699999988;19,9
17.06.2026 21:00;0,9;0,400000006;0,5;19,241
17.06.2026 22:00;0,8;0,400000006;0,400000006;18,635
17.06.2026 23:00;0,7;0,400000006;0,300000012;17,988
18.06.2026 00:00;0,8;0,600000024;0,200000003;17,451
18.06.2026 01:00;1;0,899999976;0,100000001;16,992
18.06.2026 02:00;0,8;0,800000012;0;16,497
18.06.2026 03:00;1,2;1,200000048;0;15,91
18.06.2026 04:00;1,2;1,100000024;0,100000001;16,939
18.06.2026 05:00;1,2;0,899999976;0,300000012;18,905
18.06.2026 06:00;1,6;0,899999976;0,699999988;21,143
18.06.2026 07:00;1,4;0,600000024;0,800000012;24,166
18.06.2026 08:00;1;0,400000006;0,600000024;25,661
18.06.2026 09:00;0,9;0,300000012;0,600000024;26,67
18.06.2026 10:00;0,8;0,300000012;0,5;27,243
18.06.2026 11:00;0,7;0,300000012;0,400000006;27,802
18.06.2026 12:00;0,8;0,300000012;0,5;28,356
18.06.2026 13:00;0,7;0,300000012;0,400000006;28,465
18.06.2026 14:00;0,7;0,300000012;0,400000006;28,07
18.06.2026 15:00;0,7;0,300000012;0,400000006;27,487
18.06.2026 16:00;0,7;0,300000012;0,400000006;26,81
18.06.2026 17:00;0,8;0,300000012;0,5;26,027
18.06.2026 18:00;1;0,400000006;0,600000024;25,347
18.06.2026 19:00;1,4;0,600000024;0,800000012;24,442
18.06.2026 20:00;1,4;0,600000024;0,800000012;23,439
18.06.2026 21:00;1,4;0,600000024;0,800000012;22,128
18.06.2026 22:00;0,7;0,300000012;0,400000006;20,871
18.06.2026 23:00;0,6;0,300000012;0,300000012;19,781
19.06.2026 00:00;0,4;0,200000003;0,200000003;18,831
19.06.2026 01:00;0,3;0,200000003;0,100000001;17,764
19.06.2026 02:00;0,4;0,400000006;0;16,659
19.06.2026 03:00;0,5;0,5;0;16,087
19.06.2026 04:00;0,5;0,400000006;0,100000001;17,85
19.06.2026 05:00;0,9;0,600000024;0,300000012;19,864
19.06.2026 06:00;1,3;0,5;0,800000012;21,997
19.06.2026 07:00;1;0,200000003;0,800000012;24,877
19.06.2026 08:00;0,9;0,200000003;0,699999988;26,989
19.06.2026 09:00;0,8;0,200000003;0,600000024;28,423
19.06.2026 10:00;0,7;0,200000003;0,5;28,849
19.06.2026 11:00;0,7;0,200000003;0,5;27,702
19.06.2026 12:00;0,5;0,100000001;0,400000006;26,489
19.06.2026 13:00;0,5;0,100000001;0,400000006;26,396
19.06.2026 14:00;0,5;0,100000001;0,400000006;26,842
19.06.2026 15:00;0,4;0,100000001;0,400000006;26,628
19.06.2026 16:00;0,6;0,200000003;0,400000006;25,85
19.06.2026 17:00;0,7;0,200000003;0,5;24,462
19.06.2026 18:00;0,8;0,200000003;0,600000024;22,294
19.06.2026 19:00;0,9;0,200000003;0,699999988;20,599
19.06.2026 20:00;1,2;0,400000006;0,800000012;19,501
19.06.2026 21:00;1;0,200000003;0,800000012;18,604
19.06.2026 22:00;0,8;0,300000012;0,5;17,859
19.06.2026 23:00;0,9;0,600000024;0,300000012;17,121
20.06.2026 00:00;0,9;0,699999988;0,200000003;16,379
20.06.2026 01:00;0,9;0,800000012;0,100000001;15,769
20.06.2026 02:00;0,9;0,899999976;0;15,315
20.06.2026 03:00;1,2;1,200000048;0;15,126
20.06.2026 04:00;1,1;1;0,100000001;15,92
20.06.2026 05:00;0,8;0,5;0,300000012;16,798
20.06.2026 06:00;1,2;0,5;0,699999988;17,83
20.06.2026 07:00;1,2;0,400000006;0,800000012;18,985
20.06.2026 08:00;1;0,400000006;0,699999988;20,347
20.06.2026 09:00;0,9;0,300000012;0,600000024;21,57
20.06.2026 10:00;0,8;0,300000012;0,5;22,172
20.06.2026 11:00;0,7;0,300000012;0,400000006;22,041
20.06.2026 12:00;0,6;0,200000003;0,400000006;21,983
20.06.2026 13:00;0,6;0,200000003;0,400000006;21,561
20.06.2026 14:00;0,6;0,200000003;0,400000006;20,77
20.06.2026 15:00;0,7;0,300000012;0,400000006;20,059
20.06.2026 16:00;0,7;0,300000012;0,400000006;19,31
20.06.2026 17:00;0,8;0,300000012;0,5;18,543
20.06.2026 18:00;0,9;0,300000012;0,600000024;17,676
20.06.2026 19:00;1,2;0,400000006;0,800000012;16,466
20.06.2026 20:00;1,2;0,400000006;0,800000012;15,613
20.06.2026 21:00;1,4;0,699999988;0,699999988;14,866
20.06.2026 22:00;0,9;0,5;0,400000006;14,083
20.06.2026 23:00;1;0,699999988;0,300000012;13,485
21.06.2026 00:00;1,1;1;0,200000003;12,883
21.06.2026 01:00;1;0,899999976;0,100000001;12,444
21.06.2026 02:00;0,9;0,899999976;0;11,902
21.06.2026 03:00;1,3;1,299999952;0;11,297
21.06.2026 04:00;1,1;1;0,100000001;11,725
21.06.2026 05:00;1,3;1;0,300000012;13,045
21.06.2026 06:00;1,6;0,800000012;0,800000012;15,176
21.06.2026 07:00;1,4;0,699999988;0,699999988;16,973
21.06.2026 08:00;1,1;0,400000006;0,699999988;18,426
21.06.2026 09:00;1;0,400000006;0,600000024;19,639
21.06.2026 10:00;0,9;0,400000006;0,5;20,629
21.06.2026 11:00;0,8;0,400000006;0,400000006;21,388
21.06.2026 12:00;0,7;0,400000006;0,400000006;21,897
21.06.2026 13:00;0,7;0,400000006;0,400000006;22,079
21.06.2026 14:00;0,7;0,300000012;0,400000006;22,096
21.06.2026 15:00;0,6;0,300000012;0,300000012;21,924
21.06.2026 16:00;0,7;0,400000006;0,400000006;21,368
21.06.2026 17:00;0,9;0,400000006;0,5;20,443
21.06.2026 18:00;1;0,400000006;0,600000024;19,04
21.06.2026 19:00;1,2;0,5;0,699999988;17,308
21.06.2026 20:00;1,5;0,699999988;0,800000012;16,222
21.06.2026 21:00;1,9;1,100000024;0,800000012;15,095
21.06.2026 22:00;1,2;0,800000012;0,400000006;14,057
21.06.2026 23:00;1,4;1,100000024;0,300000012;13,173
22.06.2026 00:00;1,3;1,100000024;0,200000003;12,425
22.06.2026 01:00;1,1;1;0,100000001;11,926
22.06.2026 02:00;1,3;1,299999952;0;11,543
22.06.2026 03:00;1,5;1,5;0;11,418
22.06.2026 04:00;1,7;1,600000024;0,100000001;13,091
22.06.2026 05:00;1,2;0,899999976;0,300000012;15,016
22.06.2026 06:00;1,4;0,600000024;0,800000012;17,529
22.06.2026 07:00;1,1;0,400000006;0,699999988;19,699
22.06.2026 08:00;1,1;0,400000006;0,699999988;21,382
22.06.2026 09:00;0,8;0,300000012;0,5;22,647
22.06.2026 10:00;0,7;0,300000012;0,400000006;23,645
22.06.2026 11:00;0,8;0,300000012;0,5;24,504
22.06.2026 12:00;0,7;0,300000012;0,400000006;25,132
22.06.2026 13:00;0,7;0,300000012;0,400000006;25,38
22.06.2026 14:00;0,7;0,300000012;0,400000006;25,395
22.06.2026 15:00;0,6;0,300000012;0,400000006;25,324
22.06.2026 16:00;0,7;0,300000012;0,400000006;24,848
22.06.2026 17:00;0,8;0,300000012;0,5;23,822
22.06.2026 18:00;1;0,400000006;0,600000024;22,304
22.06.2026 19:00;1,2;0,400000006;0,800000012;20,086
22.06.2026 20:00;1,2;0,400000006;0,800000012;18,832
22.06.2026 21:00;1,2;0,400000006;0,800000012;18,057
22.06.2026 22:00;0,5;0,100000001;0,400000006;17,24
22.06.2026 23:00;0,3;0,100000001;0,200000003;16,508
23.06.2026 00:00;0,2;0;0,200000003;15,952
23.06.2026 01:00;0,2;0;0,100000001;15,465
23.06.2026 02:00;0,5;0,400000006;0,100000001;15,031
23.06.2026 03:00;0,7;0,699999988;0;14,704
23.06.2026 04:00;1;0,899999976;0;16,377
23.06.2026 05:00;0,9;0,800000012;0;18,041
23.06.2026 06:00;1,1;1;0,100000001;20,811
23.06.2026 07:00;1;0,800000012;0,200000003;23,555
23.06.2026 08:00;0,9;0,5;0,400000006;25,201
23.06.2026 09:00;1,1;0,300000012;0,800000012;26,499
23.06.2026 10:00;1,2;0,300000012;0,899999976;27,51
23.06.2026 11:00;1,3;0,300000012;1;28,231
23.06.2026 12:00;1;0,200000003;0,800000012;28,69
23.06.2026 13:00;0,8;0,200000003;0,600000024;28,863
23.06.2026 14:00;0,8;0,200000003;0,600000024;28,77
23.06.2026 15:00;0,7;0,200000003;0,5;28,524
23.06.2026 16:00;0,8;0,300000012;0,5;27,983
23.06.2026 17:00;0,8;0,300000012;0,5;26,988
23.06.2026 18:00;0,9;0,300000012;0,600000024;25,15
23.06.2026 19:00;0,9;0,300000012;0,600000024;22,663
23.06.2026 20:00;0,9;0,300000012;0,600000024;21,555
23.06.2026 21:00;1,2;0,699999988;0,5;20,938
23.06.2026 22:00;1,2;0,800000012;0,400000006;20,36
23.06.2026 23:00;1,2;0,899999976;0,300000012;19,975
24.06.2026 00:00;1,1;0,899999976;0,200000003;19,797
24.06.2026 01:00;1,2;1,100000024;0,100000001;19,681
24.06.2026 02:00;1,4;1,299999952;0,100000001;19,291
24.06.2026 03:00;1,3;1,299999952;0;18,925
24.06.2026 04:00;1,4;1,299999952;0,100000001;19,484
24.06.2026 05:00;1;0,899999976;0,100000001;20,952
24.06.2026 06:00;0,6;0,5;0,100000001;23,388
24.06.2026 07:00;0,7;0,5;0,200000003;25,349
24.06.2026 08:00;0,8;0,400000006;0,400000006;26,876
24.06.2026 09:00;1,3;0,400000006;0,899999976;28,213
24.06.2026 10:00;1,2;0,300000012;0,899999976;29,377
24.06.2026 11:00;1,2;0,300000012;0,899999976;30,338
24.06.2026 12:00;1,1;0,300000012;0,800000012;31,054
24.06.2026 13:00;1;0,300000012;0,699999988;31,465
24.06.2026 14:00;0,9;0,300000012;0,600000024;31,542
24.06.2026 15:00;0,8;0,300000012;0,5;31,137
24.06.2026 16:00;0,7;0,300000012;0,400000006;30,376
24.06.2026 17:00;0,8;0,400000006;0,5;29,261
24.06.2026 18:00;0,8;0,400000006;0,5;27,333
24.06.2026 19:00;1;0,400000006;0,600000024;25,158
24.06.2026 20:00;1;0,400000006;0,600000024;23,942
24.06.2026 21:00;0,9;0,400000006;0,5;23,012
24.06.2026 22:00;0,5;0,100000001;0,400000006;22,072
24.06.2026 23:00;0,4;0,100000001;0,300000012;21,444
25.06.2026 00:00;0,2;0;0,200000003;21,436
25.06.2026 01:00;0,1;0;0,100000001;21,618
25.06.2026 02:00;0,8;0,800000012;0;20,963
25.06.2026 03:00;0,4;0,400000006;0;20,015
25.06.2026 04:00;0,8;0,699999988;0,100000001;20,708
25.06.2026 05:00;0,4;0,100000001;0,300000012;22,002
25.06.2026 06:00;1;0,200000003;0,800000012;24,097
25.06.2026 07:00;0,9;0,100000001;0,800000012;26,352
25.06.2026 08:00;0,8;0,100000001;0,699999988;28,628
25.06.2026 09:00;0,6;0,100000001;0,5;30,724
25.06.2026 10:00;0,6;0,100000001;0,5;32,429
25.06.2026 11:00;0,5;0,100000001;0,400000006;33,61
25.06.2026 12:00;0,5;0,100000001;0,400000006;34,338
25.06.2026 13:00;0,5;0,100000001;0,400000006;34,667
25.06.2026 14:00;0,4;0,100000001;0,400000006;34,611
25.06.2026 15:00;0,5;0,100000001;0,400000006;34,193
25.06.2026 16:00;0,5;0,100000001;0,400000006;33,386
25.06.2026 17:00;0,6;0,100000001;0,5;31,74
25.06.2026 18:00;0,6;0,100000001;0,5;28,953
25.06.2026 19:00;0,9;0,100000001;0,800000012;27,03
25.06.2026 20:00;1;0,100000001;0,800000012;26,064
25.06.2026 21:00;0,8;0,100000001;0,699999988;25,135
25.06.2026 22:00;0,4;0;0,400000006;23,969
25.06.2026 23:00;0,3;0;0,300000012;22,906
26.06.2026 00:00;0,2;0;0,200000003;21,997
26.06.2026 01:00;0,1;0;0,100000001;21,142
26.06.2026 02:00;0;0;0;20,397
26.06.2026 03:00;0;0;0;19,882
26.06.2026 04:00;0,1;0;0,100000001;20,862
26.06.2026 05:00;0,3;0;0,300000012;22,179
26.06.2026 06:00;0,8;0;0,800000012;23,842
26.06.2026 07:00;0,7;0;0,699999988;26,14
26.06.2026 08:00;0,7;0;0,699999988;28,034
26.06.2026 09:00;0,5;0;0,5;29,5
26.06.2026 10:00;0,5;0;0,5;30,674
26.06.2026 11:00;0,4;0;0,400000006;31,556
26.06.2026 12:00;0,4;0;0,400000006;32,03
26.06.2026 13:00;0,4;0;0,400000006;32,132
26.06.2026 14:00;0,3;0;0,300000012;31,864
26.06.2026 15:00;0,4;0;0,400000006;31,329
26.06.2026 16:00;0,4;0;0,400000006;30,379
26.06.2026 17:00;0,5;0;0,5;28,964
26.06.2026 18:00;0,6;0;0,600000024;27,038
26.06.2026 19:00;0,8;0;0,800000012;24,784
26.06.2026 20:00;0,8;0;0,800000012;22,874
26.06.2026 21:00;0,8;0;0,800000012;21,398
26.06.2026 22:00;0,4;0;0,400000006;20,224
26.06.2026 23:00;0,2;0;0,200000003;19,206
27.06.2026 00:00;0,2;0;0,200000003;18,263
27.06.2026 01:00;0,1;0;0,100000001;17,353
27.06.2026 02:00;0;0;0;16,495
27.06.2026 03:00;0;0;0;15,595
27.06.2026 04:00;0,1;0;0,100000001;15,497
27.06.2026 05:00;0,3;0;0,300000012;16,388
27.06.2026 06:00;0,8;0;0,800000012;17,76
27.06.2026 07:00;0,8;0;0,800000012;19,472
27.06.2026 08:00;0,7;0;0,699999988;21,261
27.06.2026 09:00;0,6;0;0,600000024;22,969
27.06.2026 10:00;0,5;0;0,5;24,466
27.06.2026 11:00;0,4;0;0,400000006;25,695
27.06.2026 12:00;0,5;0;0,5;26,529
27.06.2026 13:00;0,4;0;0,400000006;26,902
27.06.2026 14:00;0,4;0;0,400000006;26,869
27.06.2026 15:00;0,4;0;0,400000006;26,504
27.06.2026 16:00;0,4;0;0,400000006;25,742
27.06.2026 17:00;0,5;0;0,5;24,522
27.06.2026 18:00;0,6;0;0,600000024;22,616
27.06.2026 19:00;0,8;0;0,800000012;19,757
27.06.2026 20:00;0,8;0;0,800000012;18,106
27.06.2026 21:00;0,7;0;0,699999988;16,835
27.06.2026 22:00;0,4;0;0,400000006;15,6
27.06.2026 23:00;0,3;0;0,300000012;14,535
28.06.2026 00:00;0,2;0;0,200000003;13,632
28.06.2026 01:00;0,1;0;0,100000001;12,857
28.06.2026 02:00;0;0;0;12,185
28.06.2026 03:00;0;0;0;11,81
28.06.2026 04:00;0,1;0;0,100000001;13,084
28.06.2026 05:00;0,3;0;0,300000012;14,95
28.06.2026 06:00;0,8;0;0,800000012;16,855
28.06.2026 07:00;0,7;0;0,699999988;18,723
28.06.2026 08:00;0,7;0;0,699999988;20,617
28.06.2026 09:00;0,6;0;0,600000024;22,525
28.06.2026 10:00;0,5;0;0,5;24,258
28.06.2026 11:00;0,4;0;0,400000006;25,742
28.06.2026 12:00;0,4;0;0,400000006;26,847
28.06.2026 13:00;0,4;0;0,400000006;27,528
28.06.2026 14:00;0,3;0;0,300000012;27,76
28.06.2026 15:00;0,4;0;0,400000006;27,675
28.06.2026 16:00;0,4;0;0,400000006;27,152
28.06.2026 17:00;0,5;0;0,5;26,022
28.06.2026 18:00;0,6;0;0,600000024;23,566
28.06.2026 19:00;0,8;0;0,800000012;20,061
28.06.2026 20:00;0,8;0;0,800000012;18,525
28.06.2026 21:00;0,7;0;0,699999988;17,645
28.06.2026 22:00;0,4;0;0,400000006;16,84
28.06.2026 23:00;0,3;0;0,300000012;16,14
29.06.2026 00:00;0,2;0;0,200000003;15,541
29.06.2026 01:00;0,1;0;0,100000001;15,014
29.06.2026 02:00;0;0;0;14,503
29.06.2026 03:00;0;0;0;14,169
29.06.2026 04:00;0,1;0;0,100000001;15,769
29.06.2026 05:00;0,3;0;0,300000012;17,621
29.06.2026 06:00;0,8;0;0,699999988;20,495
29.06.2026 07:00;0,8;0;0,800000012;24,271
29.06.2026 08:00;0,6;0;0,600000024;26,555
29.06.2026 09:00;0,6;0;0,600000024;28,413
29.06.2026 10:00;0,5;0;0,5;30,126
29.06.2026 11:00;0,4;0;0,400000006;31,537
29.06.2026 12:00;0,4;0;0,400000006;32,533
29.06.2026 13:00;0,4;0;0,400000006;33,156
29.06.2026 14:00;0,4;0;0,400000006;33,391
29.06.2026 15:00;0,4;0;0,400000006;33,231
29.06.2026 16:00;0,4;0;0,400000006;32,838
29.06.2026 17:00;0,5;0;0,5;31,574
29.06.2026 18:00;0,6;0;0,600000024;27,814
29.06.2026 19:00;0,7;0;0,699999988;24,122
29.06.2026 20:00;0,8;0;0,800000012;22,612
29.06.2026 21:00;0,8;0;0,800000012;21,86
29.06.2026 22:00;0,6;0,200000003;0,400000006;21,11
29.06.2026 23:00;0,6;0,400000006;0,200000003;20,356
30.06.2026 00:00;0,4;0,200000003;0,200000003;19,721
30.06.2026 01:00;0,3;0,200000003;0,100000001;19,272
30.06.2026 02:00;0,6;0,5;0,100000001;18,906
30.06.2026 03:00;0,6;0,600000024;0;18,567
30.06.2026 04:00;0,8;0,699999988;0;19,465
30.06.2026 05:00;0,7;0,600000024;0;21,304
30.06.2026 06:00;1,1;1;0,100000001;24,218
30.06.2026 07:00;1,4;1,200000048;0,200000003;27,833
30.06.2026 08:00;1,1;0,699999988;0,400000006;29,82
30.06.2026 09:00;1,1;0,300000012;0,800000012;30,817
30.06.2026 10:00;1;0,200000003;0,800000012;31,35
30.06.2026 11:00;1,2;0,200000003;1;31,686
30.06.2026 12:00;1,1;0,200000003;0,800000012;31,806
30.06.2026 13:00;0,8;0,200000003;0,600000024;31,391
30.06.2026 14:00;0,8;0,200000003;0,600000024;30,539
30.06.2026 15:00;0,7;0,200000003;0,5;28,913
30.06.2026 16:00;0,7;0,200000003;0,5;27,615
30.06.2026 17:00;0,8;0,300000012;0,5;26,82
30.06.2026 18:00;0,9;0,300000012;0,600000024;25,147
30.06.2026 19:00;0,9;0,300000012;0,600000024;22,583
30.06.2026 20:00;1,1;0,5;0,600000024;20,882
30.06.2026 21:00;1,1;0,600000024;0,5;19,679
30.06.2026 22:00;0,7;0,300000012;0,400000006;18,918
30.06.2026 23:00;0,6;0,300000012;0,300000012;18,427
01.07.2026 00:00;0,5;0,300000012;0,200000003;18,286
01.07.2026 01:00;0,4;0,300000012;0,100000001;18,085
01.07.2026 02:00;0,5;0,400000006;0,100000001;16,94
01.07.2026 03:00;0,4;0,400000006;0;16,697
01.07.2026 04:00;0,6;0,5;0,100000001;17,197
01.07.2026 05:00;0,8;0,699999988;0,100000001;17,968
01.07.2026 06:00;1,1;1;0,100000001;19,405
01.07.2026 07:00;0,9;0,699999988;0,200000003;21,052
01.07.2026 08:00;1,2;0,800000012;0,400000006;22,508
01.07.2026 09:00;1,7;0,800000012;0,899999976;23,762
01.07.2026 10:00;1,7;0,800000012;0,899999976;24,811
01.07.2026 11:00;1,8;0,800000012;1;25,629
01.07.2026 12:00;1,5;0,699999988;0,800000012;26,099
01.07.2026 13:00;1,2;0,5;0,699999988;26,231
01.07.2026 14:00;1;0,5;0,5;26,037
01.07.2026 15:00;1;0,5;0,5;25,463
01.07.2026 16:00;0,8;0,300000012;0,5;24,52
01.07.2026 17:00;1,1;0,600000024;0,5;23,079
01.07.2026 18:00;1,2;0,600000024;0,600000024;21,209
01.07.2026 19:00;1,2;0,600000024;0,600000024;18,733
01.07.2026 20:00;1,2;0,600000024;0,600000024;16,846
01.07.2026 21:00;1,1;0,600000024;0,5;15,636
01.07.2026 22:00;0,7;0,300000012;0,400000006;14,591
01.07.2026 23:00;0,6;0,300000012;0,300000012;13,666
02.07.2026 00:00;0,7;0,5;0,200000003;12,977
02.07.2026 01:00;0,8;0,699999988;0,100000001;12,551
02.07.2026 02:00;0,9;1;0;12,103
02.07.2026 03:00;0,9;0,899999976;0;11,85
02.07.2026 04:00;1;0,899999976;0,100000001;13,631
02.07.2026 05:00;1,2;0,899999976;0,300000012;15,656
02.07.2026 06:00;1,7;0,899999976;0,800000012;17,6
02.07.2026 07:00;1,5;0,699999988;0,800000012;18,913
02.07.2026 08:00;0,9;0,400000006;0,600000024;20,095
02.07.2026 09:00;0,9;0,400000006;0,600000024;21,125
02.07.2026 10:00;0,8;0,300000012;0,5;22,128
02.07.2026 11:00;0,7;0,300000012;0,400000006;23,224
02.07.2026 12:00;0,7;0,300000012;0,400000006;23,678
02.07.2026 13:00;0,7;0,300000012;0,400000006;23,668
02.07.2026 14:00;0,7;0,300000012;0,400000006;23,627
02.07.2026 15:00;0,7;0,300000012;0,400000006;23,378
02.07.2026 16:00;0,7;0,300000012;0,400000006;22,788
02.07.2026 17:00;0,8;0,300000012;0,5;21,818
02.07.2026 18:00;1;0,400000006;0,600000024;20,459
02.07.2026 19:00;1,1;0,400000006;0,699999988;17,99
02.07.2026 20:00;1,2;0,400000006;0,800000012;16,385
02.07.2026 21:00;1,6;0,800000012;0,800000012;15,282
02.07.2026 22:00;1,1;0,699999988;0,400000006;14,265
02.07.2026 23:00;1,2;0,899999976;0,300000012;13,352
03.07.2026 00:00;1,2;1;0,200000003;12,539
03.07.2026 01:00;1,5;1,399999976;0,100000001;11,798
03.07.2026 02:00;1,5;1,5;0;11,194
03.07.2026 03:00;1,6;1,600000024;0;10,802
03.07.2026 04:00;1,6;1,5;0,100000001;12,632
03.07.2026 05:00;1,5;1,299999952;0,200000003;14,858
03.07.2026 06:00;2,2;1,399999976;0,800000012;17,199
03.07.2026 07:00;1,7;0,800000012;0,800000012;18,724
03.07.2026 08:00;1,2;0,5;0,699999988;19,996
03.07.2026 09:00;1,1;0,5;0,600000024;21,038
03.07.2026 10:00;0,9;0,400000006;0,5;21,938
03.07.2026 11:00;0,8;0,400000006;0,400000006;22,671
03.07.2026 12:00;0,8;0,400000006;0,400000006;23,152
03.07.2026 13:00;0,7;0,400000006;0,400000006;23,357
03.07.2026 14:00;0,7;0,300000012;0,400000006;23,228
03.07.2026 15:00;0,8;0,400000006;0,400000006;22,807
03.07.2026 16:00;0,8;0,400000006;0,400000006;22,07
03.07.2026 17:00;0,9;0,400000006;0,5;20,985
03.07.2026 18:00;1;0,400000006;0,600000024;19,495
03.07.2026 19:00;1,3;0,5;0,800000012;17,048
03.07.2026 20:00;1,3;0,5;0,800000012;15,645
03.07.2026 21:00;1,2;0,5;0,699999988;14,619
03.07.2026 22:00;0,5;0,100000001;0,400000006;13,561
03.07.2026 23:00;0,3;0,100000001;0,200000003;12,511
04.07.2026 00:00;0,2;0;0,200000003;11,609
04.07.2026 01:00;0,5;0,400000006;0,100000001;10,875
04.07.2026 02:00;0,6;0,600000024;0;10,253
04.07.2026 03:00;0,8;0,800000012;0;9,828
04.07.2026 04:00;0,8;0,699999988;0,100000001;11,269
04.07.2026 05:00;0,7;0,5;0,200000003;13,362
04.07.2026 06:00;1,1;0,300000012;0,800000012;16,34
04.07.2026 07:00;1;0,200000003;0,800000012;17,949
04.07.2026 08:00;0,9;0,200000003;0,699999988;19,475
04.07.2026 09:00;0,7;0,200000003;0,5;20,974
04.07.2026 10:00;0,7;0,200000003;0,5;22,336
04.07.2026 11:00;0,6;0,200000003;0,400000006;23,514
04.07.2026 12:00;0,6;0,200000003;0,400000006;24,398
04.07.2026 13:00;0,6;0,200000003;0,400000006;24,978
04.07.2026 14:00;0,5;0,100000001;0,400000006;25,11
04.07.2026 15:00;0,6;0,200000003;0,400000006;24,924
04.07.2026 16:00;0,6;0,200000003;0,400000006;24,435
04.07.2026 17:00;0,7;0,200000003;0,5;23,434
04.07.2026 18:00;0,8;0,200000003;0,600000024;21,39
04.07.2026 19:00;1;0,200000003;0,800000012;18,543
04.07.2026 20:00;1;0,200000003;0,800000012;17,594
04.07.2026 21:00;1,2;0,400000006;0,800000012;17,098
04.07.2026 22:00;0,5;0,100000001;0,400000006;16,701
04.07.2026 23:00;0,7;0,400000006;0,300000012;16,229
05.07.2026 00:00;0,8;0,600000024;0,200000003;15,366
05.07.2026 01:00;0,3;0,200000003;0,100000001;14,911
05.07.2026 02:00;0,4;0,400000006;0;14,687
05.07.2026 03:00;0,9;0,899999976;0;14,416
05.07.2026 04:00;0,9;0,800000012;0,100000001;15,234
05.07.2026 05:00;0,9;0,600000024;0,300000012;16,716
05.07.2026 06:00;0,9;0,200000003;0,699999988;19,245
05.07.2026 07:00;1;0,200000003;0,800000012;21,383
05.07.2026 08:00;0,8;0,200000003;0,600000024;23,034
05.07.2026 09:00;0,8;0,200000003;0,600000024;24,389
05.07.2026 10:00;0,7;0,200000003;0,5;25,559
05.07.2026 11:00;0,7;0,200000003;0,5;26,495
05.07.2026 12:00;0,6;0,200000003;0,400000006;27,157
05.07.2026 13:00;0,5;0,100000001;0,400000006;27,491
05.07.2026 14:00;0,5;0,100000001;0,400000006;27,471
05.07.2026 15:00;0,5;0,100000001;0,400000006;27,062
05.07.2026 16:00;0,6;0,200000003;0,400000006;26,376
05.07.2026 17:00;0,7;0,200000003;0,5;25,286
05.07.2026 18:00;0,8;0,200000003;0,600000024;23,454
05.07.2026 19:00;0,9;0,200000003;0,699999988;20,471
05.07.2026 20:00;1;0,200000003;0,800000012;18,729
05.07.2026 21:00;1;0,200000003;0,800000012;17,72
05.07.2026 22:00;0,5;0;0,400000006;16,792
05.07.2026 23:00;0,2;0;0,200000003;16,073
06.07.2026 00:00;0,4;0,200000003;0,200000003;15,924
06.07.2026 01:00;0,3;0,200000003;0,100000001;15,594
06.07.2026 02:00;0,6;0,600000024;0;14,795
06.07.2026 03:00;0,4;0,400000006;0;14,21
06.07.2026 04:00;0,6;0,5;0,100000001;15,732
06.07.2026 05:00;0,6;0,300000012;0,300000012;17,605
06.07.2026 06:00;1;0,200000003;0,800000012;20,203
06.07.2026 07:00;0,9;0,100000001;0,800000012;22,401
06.07.2026 08:00;0,8;0,100000001;0,699999988;24,263
06.07.2026 09:00;0,6;0,100000001;0,5;25,852
06.07.2026 10:00;0,5;0,100000001;0,400000006;26,887
06.07.2026 11:00;0,5;0,100000001;0,400000006;27,211
06.07.2026 12:00;0,5;0,100000001;0,400000006;27,239
06.07.2026 13:00;0,5;0,100000001;0,400000006;27,165
06.07.2026 14:00;0,5;0,100000001;0,400000006;26,914
06.07.2026 15:00;0,5;0,100000001;0,400000006;26,189
06.07.2026 16:00;0,5;0,100000001;0,400000006;24,781
06.07.2026 17:00;0,6;0,100000001;0,5;22,683
06.07.2026 18:00;0,7;0,100000001;0,600000024;20,265
06.07.2026 19:00;0,9;0,100000001;0,800000012;18,255
06.07.2026 20:00;0,9;0,100000001;0,800000012;16,961
06.07.2026 21:00;0,9;0,100000001;0,800000012;16,18
06.07.2026 22:00;0,5;0;0,5;15,605
06.07.2026 23:00;0,2;0;0,200000003;15,042
07.07.2026 00:00;0,2;0;0,200000003;14,453
07.07.2026 01:00;0,1;0;0,100000001;13,837
07.07.2026 02:00;0,1;0;0,100000001;13,071
07.07.2026 03:00;0;0;0;12,365
07.07.2026 04:00;0,1;0;0,100000001;12,397
07.07.2026 05:00;0,1;0;0,100000001;13,367
07.07.2026 06:00;0,1;0;0,100000001;14,822
07.07.2026 07:00;0,2;0;0,200000003;16,538
07.07.2026 08:00;0,5;0;0,5;18,134
07.07.2026 09:00;0,8;0;0,800000012;19,37
07.07.2026 10:00;0,9;0;0,899999976;20,371
07.07.2026 11:00;0,9;0;0,899999976;21,206
07.07.2026 12:00;0,8;0;0,800000012;21,691
07.07.2026 13:00;0,6;0;0,600000024;21,906
07.07.2026 14:00;0,6;0;0,600000024;21,695
07.07.2026 15:00;0,5;0;0,5;21,059
07.07.2026 16:00;0,5;0;0,5;20,199
07.07.2026 17:00;0,5;0;0,5;19,136
07.07.2026 18:00;0,6;0;0,600000024;17,936
07.07.2026 19:00;0,6;0;0,600000024;16,63
07.07.2026 20:00;0,6;0;0,600000024;15,508
07.07.2026 21:00;0,5;0;0,5;14,185
07.07.2026 22:00;0,4;0;0,400000006;12,848
07.07.2026 23:00;0,3;0;0,300000012;11,923
08.07.2026 00:00;0,2;0;0,200000003;11,195
08.07.2026 01:00;0,3;0,200000003;0,100000001;10,204
08.07.2026 02:00;0,5;0,400000006;0,100000001;9,405
08.07.2026 03:00;0,2;0,200000003;0;8,88
08.07.2026 04:00;0,5;0,400000006;0,100000001;10,428
08.07.2026 05:00;0,4;0,300000012;0,100000001;12,635
08.07.2026 06:00;0,2;0,100000001;0,100000001;14,578
08.07.2026 07:00;0,3;0,100000001;0,200000003;15,832
08.07.2026 08:00;0,5;0,100000001;0,400000006;17,154
08.07.2026 09:00;0,9;0,100000001;0,800000012;18,372
08.07.2026 10:00;0,9;0,100000001;0,800000012;19,292
08.07.2026 11:00;1;0,100000001;0,899999976;19,103
08.07.2026 12:00;0,9;0,100000001;0,800000012;18,49
08.07.2026 13:00;0,7;0,100000001;0,600000024;18,486
08.07.2026 14:00;0,7;0,100000001;0,600000024;18,475
08.07.2026 15:00;0,6;0,100000001;0,5;17,488
08.07.2026 16:00;0,6;0,100000001;0,5;16,711
08.07.2026 17:00;0,7;0,100000001;0,600000024;16,469
08.07.2026 18:00;0,7;0,100000001;0,600000024;15,754
08.07.2026 19:00;0,7;0,100000001;0,600000024;13,914
08.07.2026 20:00;0,7;0,100000001;0,600000024;12,797
08.07.2026 21:00;0,6;0,100000001;0,5;12,156
08.07.2026 22:00;0,4;0;0,400000006;11,892
08.07.2026 23:00;0,3;0;0,300000012;11,704
09.07.2026 00:00;0,2;0;0,200000003;11,438
09.07.2026 01:00;0,1;0;0,100000001;11,038
09.07.2026 02:00;0;0;0;10,315
09.07.2026 03:00;0,2;0,200000003;0;9,327
09.07.2026 04:00;0,3;0,200000003;0,100000001;10,319
09.07.2026 05:00;0,3;0;0,300000012;12,112
09.07.2026 06:00;0,8;0;0,800000012;13,939
09.07.2026 07:00;0,8;0;0,800000012;15,291
09.07.2026 08:00;0,7;0;0,699999988;16,647
09.07.2026 09:00;0,6;0;0,600000024;18,011
09.07.2026 10:00;0,5;0;0,5;19,298
09.07.2026 11:00;0,4;0;0,400000006;20,302
09.07.2026 12:00;0,4;0;0,400000006;21,109
09.07.2026 13:00;0,4;0;0,400000006;21,619
09.07.2026 14:00;0,4;0;0,400000006;21,694
09.07.2026 15:00;0,4;0;0,400000006;21,456
09.07.2026 16:00;0,4;0;0,400000006;20,875
09.07.2026 17:00;0,5;0;0,5;19,944
09.07.2026 18:00;0,6;0;0,600000024;18,459
09.07.2026 19:00;0,8;0;0,800000012;15,688
09.07.2026 20:00;0,8;0;0,800000012;14,589
09.07.2026 21:00;0,7;0;0,699999988;13,958
09.07.2026 22:00;0,4;0;0,400000006;13,192
09.07.2026 23:00;0,2;0;0,200000003;12,088
10.07.2026 00:00;0,2;0;0,200000003;10,965
10.07.2026 01:00;0,1;0;0,100000001;10,209
10.07.2026 02:00;0;0;0;9,716
10.07.2026 03:00;0;0;0;9,509
10.07.2026 04:00;0,1;0;0,100000001;11,042
10.07.2026 05:00;0,2;0;0,200000003;13,047
10.07.2026 06:00;0,7;0;0,699999988;16,168
10.07.2026 07:00;0,8;0;0,800000012;18,159
10.07.2026 08:00;0,7;0;0,699999988;19,797
10.07.2026 09:00;0,5;0;0,5;21,314
10.07.2026 10:00;0,5;0;0,5;22,615
10.07.2026 11:00;0,4;0;0,400000006;23,662
10.07.2026 12:00;0,4;0;0,400000006;24,445
10.07.2026 13:00;0,4;0;0,400000006;24,791
10.07.2026 14:00;0,4;0;0,400000006;24,601
10.07.2026 15:00;0,3;0;0,300000012;24,054
10.07.2026 16:00;0,4;0;0,400000006;22,871
10.07.2026 17:00;0,5;0;0,5;20,953
10.07.2026 18:00;0,6;0;0,600000024;18,58
10.07.2026 19:00;0,7;0;0,699999988;16,5
10.07.2026 20:00;0,8;0;0,800000012;15,346
10.07.2026 21:00;0,8;0;0,800000012;14,909
10.07.2026 22:00;0,5;0;0,5;14,565
10.07.2026 23:00;0,2;0;0,200000003;14,403
11.07.2026 00:00;0,2;0;0,200000003;14,502
11.07.2026 01:00;0,1;0;0,100000001;14,555
11.07.2026 02:00;0;0;0;14,497
11.07.2026 03:00;0,2;0,200000003;0;14,454
11.07.2026 04:00;0,3;0,200000003;0,100000001;14,751
11.07.2026 05:00;0,2;0;0,200000003;15,203
11.07.2026 06:00;0,8;0;0,800000012;15,682
11.07.2026 07:00;0,7;0;0,699999988;16,187
11.07.2026 08:00;0,6;0;0,600000024;16,893
11.07.2026 09:00;0,6;0;0,600000024;17,771
11.07.2026 10:00;0,5;0;0,5;18,954
11.07.2026 11:00;0,4;0;0,400000006;20,391
11.07.2026 12:00;0,4;0;0,400000006;21,664
11.07.2026 13:00;0,4;0;0,400000006;22,917
11.07.2026 14:00;0,4;0;0,400000006;23,948
11.07.2026 15:00;0,4;0;0,400000006;24,037
11.07.2026 16:00;0,4;0;0,400000006;23,528
11.07.2026 17:00;0,5;0;0,5;22,751
11.07.2026 18:00;0,6;0;0,600000024;21,003
11.07.2026 19:00;0,8;0;0,800000012;18,806
11.07.2026 20:00;0,8;0;0,800000012;17,412
11.07.2026 21:00;0,8;0;0,800000012;16,542
11.07.2026 22:00;0,4;0;0,400000006;15,812
11.07.2026 23:00;0,3;0;0,300000012;15,311
12.07.2026 00:00;0,3;0,100000001;0,200000003;15,283
12.07.2026 01:00;0,2;0,100000001;0,100000001;15,491
12.07.2026 02:00;0,1;0,100000001;0;15,126
12.07.2026 03:00;0,1;0,100000001;0;14,538
12.07.2026 04:00;0,4;0,300000012;0,100000001;15,189
12.07.2026 05:00;0,7;0,5;0,200000003;17,258
12.07.2026 06:00;1,6;0,800000012;0,800000012;19,792
12.07.2026 07:00;1,3;0,5;0,800000012;22,108
12.07.2026 08:00;1;0,400000006;0,600000024;23,645
12.07.2026 09:00;1;0,5;0,5;24,948
12.07.2026 10:00;0,8;0,300000012;0,5;25,921
12.07.2026 11:00;0,7;0,300000012;0,400000006;26,301
12.07.2026 12:00;0,7;0,300000012;0,400000006;26,055
12.07.2026 13:00;1,1;0,699999988;0,400000006;25,256
12.07.2026 14:00;0,7;0,300000012;0,400000006;23,133
12.07.2026 15:00;0,9;0,5;0,400000006;20,823
12.07.2026 16:00;0,7;0,400000006;0,400000006;19,159
12.07.2026 17:00;1,1;0,600000024;0,5;18,181
12.07.2026 18:00;1,3;0,699999988;0,600000024;17,397
12.07.2026 19:00;1,6;0,800000012;0,800000012;16,55
12.07.2026 20:00;1,9;1,100000024;0,800000012;15,908
12.07.2026 21:00;2;1,299999952;0,699999988;15,396
12.07.2026 22:00;1,7;1,299999952;0,400000006;14,824
12.07.2026 23:00;1,6;1,399999976;0,200000003;14,142
13.07.2026 00:00;1,7;1,5;0,200000003;13,553
13.07.2026 01:00;1,8;1,700000048;0,100000001;13,134
13.07.2026 02:00;2;2;0;12,954
13.07.2026 03:00;2;2;0;12,926
13.07.2026 04:00;2,4;2,299999952;0,100000001;13,346
13.07.2026 05:00;2,6;2,299999952;0,300000012;14,351
13.07.2026 06:00;3;2,200000048;0,800000012;16,053
13.07.2026 07:00;2,3;1,5;0,800000012;17,688
13.07.2026 08:00;1,6;1;0,600000024;19,24
13.07.2026 09:00;1,6;1;0,600000024;20,393
13.07.2026 10:00;1,2;0,699999988;0,5;21,093
13.07.2026 11:00;1,1;0,699999988;0,400000006;21,603
13.07.2026 12:00;1;0,600000024;0,400000006;22,01
13.07.2026 13:00;1,1;0,699999988;0,400000006;21,722
13.07.2026 14:00;1;0,600000024;0,400000006;21,668
13.07.2026 15:00;1;0,600000024;0,400000006;21,334
13.07.2026 16:00;1,1;0,699999988;0,400000006;21,002
13.07.2026 17:00;1,3;0,800000012;0,5;20,152
13.07.2026 18:00;1,4;0,800000012;0,600000024;18,975
13.07.2026 19:00;1,6;0,899999976;0,699999988;17,34
13.07.2026 20:00;1,9;1,100000024;0,800000012;16,474
13.07.2026 21:00;2,4;1,600000024;0,800000012;15,708
13.07.2026 22:00;1,6;1,200000048;0,400000006;14,841
13.07.2026 23:00;1,4;1,200000048;0,200000003;13,919
14.07.2026 00:00;1,3;1,100000024;0,200000003;13,099
14.07.2026 01:00;1,1;1;0,100000001;12,591
14.07.2026 02:00;1;0,899999976;0,100000001;12,444
14.07.2026 03:00;0,9;0,899999976;0;12,437
14.07.2026 04:00;1,1;1;0,100000001;12,764
14.07.2026 05:00;1,2;1,100000024;0,100000001;13,431
14.07.2026 06:00;1,3;1,200000048;0,100000001;14,198
14.07.2026 07:00;1,1;0,899999976;0,200000003;15,448
14.07.2026 08:00;1;0,600000024;0,400000006;16,921
14.07.2026 09:00;1,3;0,5;0,800000012;18,101
14.07.2026 10:00;1,4;0,5;0,899999976;19,12
14.07.2026 11:00;1,3;0,400000006;0,899999976;19,956
14.07.2026 12:00;1,2;0,400000006;0,800000012;20,541
14.07.2026 13:00;1,1;0,400000006;0,699999988;20,832
14.07.2026 14:00;1;0,400000006;0,600000024;20,932
14.07.2026 15:00;1,3;0,800000012;0,5;20,647
14.07.2026 16:00;0,9;0,400000006;0,5;19,895
14.07.2026 17:00;1,2;0,699999988;0,5;18,929
14.07.2026 18:00;1,4;0,800000012;0,600000024;17,877
14.07.2026 19:00;1,6;1;0,600000024;16,608
14.07.2026 20:00;1,6;1;0,600000024;15,892
14.07.2026 21:00;1,5;1;0,5;15,496
14.07.2026 22:00;1,1;0,699999988;0,400000006;15,029
14.07.2026 23:00;1,4;1,100000024;0,300000012;14,379
15.07.2026 00:00;1,3;1,100000024;0,200000003;13,62
15.07.2026 01:00;1,1;1;0,100000001;13,336
15.07.2026 02:00;1,2;1,100000024;0,100000001;13,165
15.07.2026 03:00;1,3;1,299999952;0;12,965
15.07.2026 04:00;1,5;1,399999976;0,100000001;13,133
15.07.2026 05:00;1,4;1,299999952;0,100000001;14,197
15.07.2026 06:00;1,6;1,5;0,100000001;15,231
15.07.2026 07:00;1,4;1,200000048;0,200000003;16,051
15.07.2026 08:00;1,1;0,699999988;0,400000006;16,971
15.07.2026 09:00;1,4;0,5;0,899999976;18,058
15.07.2026 10:00;1,3;0,400000006;0,899999976;19,086
15.07.2026 11:00;1,3;0,400000006;0,899999976;20,173
15.07.2026 12:00;1,2;0,400000006;0,800000012;21,023
15.07.2026 13:00;1;0,400000006;0,600000024;21,431
15.07.2026 14:00;1;0,400000006;0,600000024;21,452
15.07.2026 15:00;0,9;0,400000006;0,5;21,149
15.07.2026 16:00;0,8;0,400000006;0,400000006;20,501
15.07.2026 17:00;0,9;0,400000006;0,5;19,481
15.07.2026 18:00;1,1;0,5;0,600000024;18,091
15.07.2026 19:00;1,1;0,5;0,600000024;15,944
15.07.2026 20:00;1,2;0,600000024;0,600000024;14,979
15.07.2026 21:00;1;0,5;0,5;14,437
15.07.2026 22:00;0,6;0,200000003;0,400000006;13,903
15.07.2026 23:00;0,4;0,100000001;0,300000012;12,901
16.07.2026 00:00;0,2;0;0,200000003;11,772
16.07.2026 01:00;0,1;0;0,100000001;10,969
16.07.2026 02:00;0;0;0;10,353
16.07.2026 03:00;0,2;0,200000003;0;9,863
16.07.2026 04:00;0,1;0;0,100000001;11,241
16.07.2026 05:00;0,4;0;0,300000012;13,334
16.07.2026 06:00;0,9;0,100000001;0,800000012;14,906
16.07.2026 07:00;1,1;0,300000012;0,800000012;16,355
16.07.2026 08:00;1;0,300000012;0,699999988;17,963
16.07.2026 09:00;0,7;0;0,600000024;19,437
16.07.2026 10:00;0,6;0;0,5;20,604
16.07.2026 11:00;0,6;0;0,5;21,626
16.07.2026 12:00;0,5;0;0,400000006;22,383
16.07.2026 13:00;0,4;0;0,400000006;22,882
16.07.2026 14:00;0,5;0;0,400000006;22,983
16.07.2026 15:00;0,5;0;0,400000006;22,74
16.07.2026 16:00;0,5;0;0,400000006;22,116
16.07.2026 17:00;0,6;0;0,5;21,102
16.07.2026 18:00;0,7;0,100000001;0,600000024;19,614
16.07.2026 19:00;0,8;0,100000001;0,699999988;17,013
16.07.2026 20:00;0,9;0,100000001;0,800000012;15,556
16.07.2026 21:00;0,8;0,100000001;0,699999988;14,629
16.07.2026 22:00;0,6;0,200000003;0,400000006;13,881
16.07.2026 23:00;0,5;0,200000003;0,300000012;13,297
17.07.2026 00:00;0,2;0;0,200000003;12,945
17.07.2026 01:00;0,1;0;0,100000001;12,846
17.07.2026 02:00;0;0;0;12,755
17.07.2026 03:00;0;0;0;12,443
17.07.2026 04:00;0,1;0;0,100000001;13,1
17.07.2026 05:00;0,3;0;0,300000012;14,922
17.07.2026 06:00;0,8;0;0,800000012;16,673
17.07.2026 07:00;0,7;0;0,699999988;18,095
17.07.2026 08:00;0,7;0;0,699999988;19,708
17.07.2026 09:00;0,6;0;0,600000024;21,105
17.07.2026 10:00;0,5;0;0,5;22,352
17.07.2026 11:00;0,4;0;0,400000006;23,368
17.07.2026 12:00;0,4;0;0,400000006;23,952
17.07.2026 13:00;0,4;0;0,400000006;24,23
17.07.2026 14:00;0,4;0;0,400000006;24,114
17.07.2026 15:00;0,3;0;0,300000012;23,686
17.07.2026 16:00;0,4;0;0,400000006;22,972
17.07.2026 17:00;0,5;0;0,5;21,943
17.07.2026 18:00;0,6;0;0,600000024;20,268
17.07.2026 19:00;0,7;0;0,699999988;17,596
17.07.2026 20:00;0,8;0;0,800000012;16,457
17.07.2026 21:00;0,8;0;0,800000012;15,842
17.07.2026 22:00;0,4;0;0,400000006;15,344
17.07.2026 23:00;0,4;0,200000003;0,200000003;14,826
18.07.2026 00:00;0,8;0,600000024;0,200000003;14,405
18.07.2026 01:00;0,5;0,400000006;0,100000001;14,284
18.07.2026 02:00;0,9;0,899999976;0;14,133
18.07.2026 03:00;1,1;1,100000024;0;13,89
18.07.2026 04:00;1,3;1,200000048;0,100000001;14,695
18.07.2026 05:00;1,1;0,800000012;0,300000012;16,162
18.07.2026 06:00;1,2;0,400000006;0,800000012;19,025
18.07.2026 07:00;1,1;0,300000012;0,800000012;21,807
18.07.2026 08:00;1;0,300000012;0,699999988;23,821
18.07.2026 09:00;0,7;0,200000003;0,5;25,343
18.07.2026 10:00;0,7;0,200000003;0,5;26,528
18.07.2026 11:00;0,6;0,200000003;0,400000006;27,187
18.07.2026 12:00;0,6;0,200000003;0,400000006;27,251
18.07.2026 13:00;0,6;0,200000003;0,400000006;26,989
18.07.2026 14:00;0,5;0,200000003;0,400000006;25,778
18.07.2026 15:00;0,5;0,200000003;0,400000006;24,306
18.07.2026 16:00;0,6;0,200000003;0,400000006;23,313
18.07.2026 17:00;0,7;0,200000003;0,5;22,669
18.07.2026 18:00;0,7;0,200000003;0,5;21,393
18.07.2026 19:00;1;0,300000012;0,699999988;19,566
18.07.2026 20:00;1,1;0,300000012;0,800000012;18,823
18.07.2026 21:00;1,1;0,300000012;0,800000012;18,257
18.07.2026 22:00;0,5;0,100000001;0,400000006;17,74
18.07.2026 23:00;0,4;0;0,300000012;17,285
19.07.2026 00:00;0,2;0;0,200000003;16,647
19.07.2026 01:00;0,1;0;0,100000001;16,24
19.07.2026 02:00;0;0;0;15,772
19.07.2026 03:00;0;0;0;15,328
19.07.2026 04:00;0,1;0;0,100000001;15,702
19.07.2026 05:00;0,3;0;0,300000012;16,242
19.07.2026 06:00;0,8;0;0,800000012;17,32
19.07.2026 07:00;0,7;0;0,699999988;19,02
19.07.2026 08:00;0,7;0;0,699999988;20,999
19.07.2026 09:00;0,6;0;0,600000024;22,709
19.07.2026 10:00;0,5;0;0,5;24,181
19.07.2026 11:00;0,4;0;0,400000006;25,264
19.07.2026 12:00;0,4;0;0,400000006;25,989
19.07.2026 13:00;0,4;0;0,400000006;26,266
19.07.2026 14:00;0,3;0;0,400000006;26,193
19.07.2026 15:00;0,4;0;0,400000006;25,86
19.07.2026 16:00;0,4;0;0,400000006;25,314
19.07.2026 17:00;0,5;0;0,5;24,369
19.07.2026 18:00;0,6;0;0,600000024;21,907
19.07.2026 19:00;0,7;0;0,699999988;20,199
19.07.2026 20:00;0,8;0;0,800000012;20,06
19.07.2026 21:00;0,8;0;0,800000012;19,603
19.07.2026 22:00;0,4;0;0,400000006;18,548
19.07.2026 23:00;0,3;0;0,300000012;17,645
20.07.2026 00:00;0,2;0;0,200000003;17,431
20.07.2026 01:00;0,1;0;0,100000001;17,559
20.07.2026 02:00;0;0;0;17,679
20.07.2026 03:00;0;0;0;17,471
20.07.2026 04:00;0,1;0;0,100000001;17,687
20.07.2026 05:00;0,3;0;0,300000012;19,129
20.07.2026 06:00;0,7;0;0,699999988;22,179
20.07.2026 07:00;0,8;0;0,800000012;25,073
20.07.2026 08:00;0,7;0;0,699999988;27,34
20.07.2026 09:00;0,6;0;0,600000024;28,836
20.07.2026 10:00;0,5;0;0,5;28,937
20.07.2026 11:00;0,5;0;0,5;28,648
20.07.2026 12:00;0,4;0;0,400000006;29,796
20.07.2026 13:00;0,4;0;0,400000006;30,159
20.07.2026 14:00;0,4;0;0,400000006;29,357
20.07.2026 15:00;0,4;0;0,400000006;27,757
20.07.2026 16:00;0,4;0;0,400000006;26,058
20.07.2026 17:00;0,5;0;0,5;24,207
20.07.2026 18:00;0,6;0;0,600000024;22,354
20.07.2026 19:00;0,8;0;0,800000012;20,641
20.07.2026 20:00;0,8;0;0,800000012;19,35
20.07.2026 21:00;0,8;0;0,800000012;18,554
20.07.2026 22:00;0,4;0;0,400000006;18,058
20.07.2026 23:00;0,3;0;0,300000012;17,437
21.07.2026 00:00;0,4;0,200000003;0,200000003;16,538
21.07.2026 01:00;0,6;0,5;0,100000001;15,653
21.07.2026 02:00;0,7;0,600000024;0,100000001;15,162
21.07.2026 03:00;0,8;0,800000012;0;14,807
21.07.2026 04:00;1,2;1,100000024;0;15,242
21.07.2026 05:00;1;0,899999976;0;16,469
21.07.2026 06:00;0,4;0,300000012;0,100000001;18,412
21.07.2026 07:00;0,5;0,300000012;0,200000003;20,49
21.07.2026 08:00;0,6;0,200000003;0,400000006;22,275
21.07.2026 09:00;1;0,200000003;0,800000012;23,656
21.07.2026 10:00;1,1;0,200000003;0,899999976;24,685
21.07.2026 11:00;1,2;0,200000003;1;25,24
21.07.2026 12:00;1;0,200000003;0,800000012;25,281
21.07.2026 13:00;0,8;0,200000003;0,600000024;25,744
21.07.2026 14:00;0,8;0,200000003;0,600000024;25,893
21.07.2026 15:00;0,7;0,200000003;0,5;25,754
21.07.2026 16:00;0,7;0,200000003;0,5;25,271
21.07.2026 17:00;0,7;0,200000003;0,5;24,395
21.07.2026 18:00;0,8;0,200000003;0,600000024;22,402
21.07.2026 19:00;0,9;0,200000003;0,699999988;19,7
21.07.2026 20:00;0,8;0,200000003;0,600000024;18,925
21.07.2026 21:00;0,7;0,200000003;0,5;18,872
21.07.2026 22:00;0,5;0,100000001;0,400000006;18,917
21.07.2026 23:00;0,3;0;0,300000012;18,304
22.07.2026 00:00;0,2;0;0,200000003;17,498
22.07.2026 01:00;0,1;0;0,100000001;16,721
22.07.2026 02:00;0,1;0;0,100000001;16,228
22.07.2026 03:00;0;0;0;15,575
22.07.2026 04:00;0,1;0;0,100000001;16,179
22.07.2026 05:00;0,1;0;0,100000001;17,931
22.07.2026 06:00;0,1;0;0,100000001;20,082
22.07.2026 07:00;0,2;0;0,200000003;22,694
22.07.2026 08:00;0,4;0;0,400000006;24,109
22.07.2026 09:00;0,8;0;0,800000012;25,199
22.07.2026 10:00;0,9;0;0,899999976;26,248
22.07.2026 11:00;0,9;0;0,899999976;27,128
22.07.2026 12:00;0,8;0;0,800000012;27,882
22.07.2026 13:00;0,6;0;0,600000024;28,516
22.07.2026 14:00;0,6;0;0,600000024;28,922
22.07.2026 15:00;0,5;0;0,5;28,978
22.07.2026 16:00;0,4;0;0,400000006;28,622
22.07.2026 17:00;0,6;0;0,600000024;27,793
22.07.2026 18:00;0,6;0;0,600000024;25,437
22.07.2026 19:00;0,6;0;0,600000024;23,311
22.07.2026 20:00;0,6;0;0,600000024;22,712
22.07.2026 21:00;0,5;0;0,5;22,304
22.07.2026 22:00;0,4;0;0,400000006;22,048
22.07.2026 23:00;0,3;0;0,300000012;21,664
23.07.2026 00:00;0,2;0;0,200000003;21,062
23.07.2026 01:00;0,1;0;0,100000001;20,073
23.07.2026 02:00;0;0;0;19,105
23.07.2026 03:00;0,4;0,400000006;0;18,188
23.07.2026 04:00;0,7;0,600000024;0,100000001;18,795
23.07.2026 05:00;0,6;0,300000012;0,300000012;21,44
23.07.2026 06:00;1,2;0,400000006;0,800000012;23,798
23.07.2026 07:00;0,9;0,100000001;0,800000012;27,125
23.07.2026 08:00;0,7;0,100000001;0,600000024;29,099
23.07.2026 09:00;0,7;0,100000001;0,600000024;30,724
23.07.2026 10:00;0,6;0,100000001;0,5;32,077
23.07.2026 11:00;0,6;0,100000001;0,5;33,18
23.07.2026 12:00;0,5;0,100000001;0,400000006;34,007
23.07.2026 13:00;0,5;0,100000001;0,400000006;34,525
23.07.2026 14:00;0,5;0,100000001;0,400000006;34,691
23.07.2026 15:00;0,5;0,100000001;0,400000006;34,491
23.07.2026 16:00;0,5;0,100000001;0,400000006;33,922
23.07.2026 17:00;0,7;0,100000001;0,600000024;32,695
23.07.2026 18:00;0,7;0,100000001;0,600000024;29,053
23.07.2026 19:00;0,9;0,100000001;0,800000012;26,126
23.07.2026 20:00;1,1;0,300000012;0,800000012;25,159
23.07.2026 21:00;0,9;0,100000001;0,800000012;24,588
23.07.2026 22:00;0,4;0;0,400000006;24,048
23.07.2026 23:00;0,4;0,200000003;0,200000003;23,342
24.07.2026 00:00;0,5;0,300000012;0,200000003;22,494
24.07.2026 01:00;0,6;0,5;0,100000001;21,749
24.07.2026 02:00;0,7;0,699999988;0;21,122
24.07.2026 03:00;0,7;0,699999988;0;20,482
24.07.2026 04:00;0,9;0,800000012;0,100000001;21,324
24.07.2026 05:00;1,3;1;0,300000012;23,391
24.07.2026 06:00;1,9;1,200000048;0,699999988;25,655
24.07.2026 07:00;2;1,200000048;0,800000012;29,249
24.07.2026 08:00;1,6;0,899999976;0,699999988;32,953
24.07.2026 09:00;1,5;0,899999976;0,600000024;34,864
24.07.2026 10:00;1,1;0,600000024;0,5;36,183
24.07.2026 11:00;1,4;0,899999976;0,5;37,223
24.07.2026 12:00;0,8;0,400000006;0,400000006;37,998
24.07.2026 13:00;0,8;0,400000006;0,400000006;38,461
24.07.2026 14:00;0,8;0,400000006;0,400000006;38,61
24.07.2026 15:00;0,8;0,400000006;0,400000006;38,432
24.07.2026 16:00;0,8;0,400000006;0,400000006;37,896
24.07.2026 17:00;1,2;0,699999988;0,5;36,392
24.07.2026 18:00;1,6;1;0,600000024;32,932
24.07.2026 19:00;1,6;0,899999976;0,699999988;30,035
24.07.2026 20:00;1,8;1;0,800000012;28,459
24.07.2026 21:00;2;1,200000048;0,800000012;27,237
24.07.2026 22:00;1,1;0,699999988;0,400000006;26,135
24.07.2026 23:00;1;0,699999988;0,300000012;25,195
25.07.2026 00:00;0,6;0,400000006;0,200000003;24,34
25.07.2026 01:00;0,6;0,5;0,100000001;23,557
25.07.2026 02:00;0,7;0,699999988;0;22,816
25.07.2026 03:00;0,7;0,699999988;0;22,165
25.07.2026 04:00;0,9;0,800000012;0,100000001;22,697
25.07.2026 05:00;1,2;1;0,200000003;24,945
25.07.2026 06:00;2;1,299999952;0,699999988;26,979
25.07.2026 07:00;2,1;1,299999952;0,800000012;30,478
25.07.2026 08:00;1,6;0,899999976;0,699999988;34,35
25.07.2026 09:00;1,7;1,100000024;0,600000024;36,757
25.07.2026 10:00;1,3;0,800000012;0,5;38,257
25.07.2026 11:00;0,8;0,400000006;0,400000006;39,179
25.07.2026 12:00;0,8;0,400000006;0,400000006;39,688
25.07.2026 13:00;0,8;0,400000006;0,400000006;39,836
25.07.2026 14:00;1;0,600000024;0,400000006;39,617
25.07.2026 15:00;0,9;0,600000024;0,400000006;39,083
25.07.2026 16:00;1;0,600000024;0,400000006;38,257
25.07.2026 17:00;1,2;0,699999988;0,5;36,314
25.07.2026 18:00;1,5;0,899999976;0,600000024;32,62
25.07.2026 19:00;1,8;1;0,800000012;30,036
25.07.2026 20:00;1,8;1;0,800000012;29,009
25.07.2026 21:00;1,6;0,899999976;0,699999988;28,203
25.07.2026 22:00;1,1;0,600000024;0,5;27,405
25.07.2026 23:00;0,8;0,5;0,300000012;26,576
26.07.2026 00:00;0,6;0,400000006;0,200000003;25,59
26.07.2026 01:00;0,5;0,400000006;0,100000001;24,686
26.07.2026 02:00;0,4;0,400000006;0;23,861
26.07.2026 03:00;0,5;0,5;0;23,002
26.07.2026 04:00;0,6;0,5;0,100000001;23,368
26.07.2026 05:00;0,9;0,600000024;0,300000012;25,077
26.07.2026 06:00;1,4;0,600000024;0,800000012;27,401
26.07.2026 07:00;1,2;0,400000006;0,800000012;31,192
26.07.2026 08:00;0,9;0,200000003;0,699999988;34,394
26.07.2026 09:00;0,8;0,200000003;0,600000024;36,458
26.07.2026 10:00;0,6;0,100000001;0,5;37,797
26.07.2026 11:00;0,7;0,200000003;0,5;38,602
26.07.2026 12:00;0,6;0,100000001;0,5;39,014
26.07.2026 13:00;0,5;0,100000001;0,400000006;39,105
26.07.2026 14:00;0,5;0,100000001;0,400000006;38,828
26.07.2026 15:00;0,5;0,100000001;0,400000006;37,905
26.07.2026 16:00;0,4;0,100000001;0,400000006;36,384
26.07.2026 17:00;0,7;0,200000003;0,5;34,165
26.07.2026 18:00;0,8;0,200000003;0,600000024;31,427
26.07.2026 19:00;1;0,200000003;0,800000012;29,471
26.07.2026 20:00;1;0,200000003;0,800000012;27,917
26.07.2026 21:00;1;0,200000003;0,800000012;26,547
26.07.2026 22:00;0,5;0;0,400000006;25,584
26.07.2026 23:00;0,3;0;0,300000012;24,81
27.07.2026 00:00;0,2;0;0,200000003;24,317
27.07.2026 01:00;0,1;0;0,100000001;23,838
27.07.2026 02:00;0;0;0;23,269
27.07.2026 03:00;0;0;0;22,403
27.07.2026 04:00;0,1;0;0,100000001;21,833
27.07.2026 05:00;0,3;0;0,300000012;21,525
27.07.2026 06:00;0,8;0;0,800000012;21,546
27.07.2026 07:00;0,8;0;0,800000012;21,874
27.07.2026 08:00;0,7;0;0,699999988;22,348
27.07.2026 09:00;0,6;0;0,600000024;22,932
27.07.2026 10:00;0,5;0;0,5;23,583
27.07.2026 11:00;0,5;0;0,5;24,313
27.07.2026 12:00;0,4;0;0,400000006;24,851
27.07.2026 13:00;0,4;0;0,400000006;25,024
27.07.2026 14:00;0,4;0;0,400000006;24,547
27.07.2026 15:00;0,3;0;0,300000012;23,615
27.07.2026 16:00;0,4;0;0,400000006;22,622
27.07.2026 17:00;0,5;0;0,5;21,871
27.07.2026 18:00;0,6;0;0,600000024;21,193
27.07.2026 19:00;0,7;0;0,699999988;20,59
27.07.2026 20:00;0,8;0;0,800000012;20,188
27.07.2026 21:00;1;0,200000003;0,800000012;19,876
27.07.2026 22:00;0,6;0,200000003;0,400000006;19,578
27.07.2026 23:00;0,3;0;0,300000012;19,29
28.07.2026 00:00;0,4;0,200000003;0,200000003;18,905
28.07.2026 01:00;0,7;0,600000024;0,100000001;18,458
28.07.2026 02:00;0,9;0,800000012;0,100000001;18,1
28.07.2026 03:00;1,1;1,100000024;0;17,736
28.07.2026 04:00;1,2;1,100000024;0,100000001;17,784
28.07.2026 05:00;1,2;1,100000024;0,100000001;18,253
28.07.2026 06:00;0,6;0,5;0,100000001;19,051
28.07.2026 07:00;0,5;0,300000012;0,200000003;20,118
28.07.2026 08:00;0,7;0,300000012;0,400000006;21,445
28.07.2026 09:00;1,1;0,200000003;0,899999976;22,554
28.07.2026 10:00;1,1;0,200000003;0,899999976;23,498
28.07.2026 11:00;1,1;0,200000003;0,899999976;23,935
28.07.2026 12:00;1;0,200000003;0,800000012;23,862
28.07.2026 13:00;0,9;0,200000003;0,699999988;23,377
28.07.2026 14:00;0,8;0,200000003;0,600000024;22,682
28.07.2026 15:00;0,7;0,200000003;0,5;21,806
28.07.2026 16:00;0,6;0,200000003;0,400000006;20,848
28.07.2026 17:00;0,8;0,200000003;0,600000024;19,746
28.07.2026 18:00;0,9;0,300000012;0,600000024;18,683
28.07.2026 19:00;0,9;0,300000012;0,600000024;17,798
28.07.2026 20:00;0,9;0,300000012;0,600000024;17,176
28.07.2026 21:00;0,8;0,300000012;0,5;16,756
28.07.2026 22:00;0,5;0,100000001;0,400000006;16,501
28.07.2026 23:00;0,4;0;0,300000012;16,211
29.07.2026 00:00;0,2;0;0,200000003;15,92
29.07.2026 01:00;0,1;0;0,100000001;15,589
29.07.2026 02:00;0,1;0;0,100000001;15,137
29.07.2026 03:00;0;0;0;14,622
29.07.2026 04:00;0,1;0;0,100000001;14,8
29.07.2026 05:00;0,1;0;0,100000001;15,714
29.07.2026 06:00;0,1;0;0,100000001;17,924
29.07.2026 07:00;0,2;0;0,200000003;19,991
29.07.2026 08:00;0,4;0;0,400000006;21,716
29.07.2026 09:00;0,9;0;0,899999976;23,113
29.07.2026 10:00;0,9;0;0,899999976;24,274
29.07.2026 11:00;0,9;0;0,899999976;25,211
29.07.2026 12:00;0,8;0;0,800000012;25,901
29.07.2026 13:00;0,6;0;0,600000024;26,279
29.07.2026 14:00;0,6;0;0,600000024;26,358
29.07.2026 15:00;0,5;0;0,5;26,174
29.07.2026 16:00;0,5;0;0,5;25,705
29.07.2026 17:00;0,6;0;0,600000024;24,85
29.07.2026 18:00;0,6;0;0,600000024;22,569
29.07.2026 19:00;0,6;0;0,600000024;20,251
29.07.2026 20:00;0,6;0;0,600000024;19,329
29.07.2026 21:00;0,5;0;0,5;18,603
29.07.2026 22:00;0,4;0;0,400000006;17,975
29.07.2026 23:00;0,2;0;0,200000003;17,462
30.07.2026 00:00;0,2;0;0,200000003;17,033
30.07.2026 01:00;0,1;0;0,100000001;16,523
30.07.2026 02:00;0;0;0;15,893
30.07.2026 03:00;0;0;0;15,271
30.07.2026 04:00;0,1;0;0,100000001;15,947
30.07.2026 05:00;0,3;0;0,300000012;18,679
30.07.2026 06:00;0,7;0;0,699999988;20,953
30.07.2026 07:00;0,8;0;0,800000012;24,234
30.07.2026 08:00;0,7;0;0,699999988;26,352
30.07.2026 09:00;0,6;0;0,600000024;27,889
30.07.2026 10:00;0,5;0;0,5;29,016
30.07.2026 11:00;0,4;0;0,400000006;29,801
30.07.2026 12:00;0,4;0;0,400000006;30,301
30.07.2026 13:00;0,4;0;0,400000006;30,443
30.07.2026 14:00;0,4;0;0,400000006;29,9
30.07.2026 15:00;0,3;0;0,300000012;28,138
30.07.2026 16:00;0,4;0;0,400000006;26,07
30.07.2026 17:00;0,6;0;0,600000024;24,572
30.07.2026 18:00;0,6;0;0,600000024;22,915
30.07.2026 19:00;0,8;0;0,800000012;20,935
30.07.2026 20:00;0,8;0;0,800000012;20,412
30.07.2026 21:00;0,8;0;0,800000012;19,844
30.07.2026 22:00;0,4;0;0,400000006;18,808
30.07.2026 23:00;0,3;0;0,300000012;17,9
31.07.2026 00:00;0,2;0;0,200000003;17,395
31.07.2026 01:00;0,5;0,400000006;0,100000001;16,764
31.07.2026 02:00;0,4;0,400000006;0;16,153
31.07.2026 03:00;0,2;0,200000003;0;15,629
31.07.2026 04:00;0,5;0,400000006;0,100000001;16,134
31.07.2026 05:00;0,4;0,100000001;0,300000012;17,891
31.07.2026 06:00;0,9;0,100000001;0,800000012;19,332
31.07.2026 07:00;0,8;0,100000001;0,699999988;20,571
31.07.2026 08:00;0,8;0,100000001;0,699999988;21,545
31.07.2026 09:00;0,7;0,100000001;0,600000024;22,172
31.07.2026 10:00;0,6;0,100000001;0,5;22,579
31.07.2026 11:00;0,5;0,100000001;0,400000006;23,215
31.07.2026 12:00;0,5;0,100000001;0,400000006;23,654
31.07.2026 13:00;0,5;0,100000001;0,400000006;23,898
31.07.2026 14:00;0,5;0,100000001;0,400000006;23,774
31.07.2026 15:00;0,5;0,100000001;0,400000006;23,247
31.07.2026 16:00;0,5;0,100000001;0,400000006;22,556
31.07.2026 17:00;0,6;0,100000001;0,5;21,738
31.07.2026 18:00;0,7;0,100000001;0,600000024;20,171
31.07.2026 19:00;0,9;0,100000001;0,800000012;18,081
31.07.2026 20:00;0,9;0,100000001;0,800000012;17,104
31.07.2026 21:00;0,9;0,100000001;0,800000012;16,369
31.07.2026 22:00;0,4;0;0,400000006;15,67
31.07.2026 23:00;0,3;0;0,200000003;15,089
01.08.2026 00:00;0,5;0,300000012;0,200000003;14,481
01.08.2026 01:00;0,4;0,400000006;0,100000001;13,891
01.08.2026 02:00;0,4;0,400000006;0;13,395
01.08.2026 03:00;0,4;0,400000006;0;12,99
01.08.2026 04:00;0,4;0,300000012;0,100000001;13,731
01.08.2026 05:00;0,6;0,300000012;0,300000012;15,984
01.08.2026 06:00;1,4;0,600000024;0,800000012;18,637
01.08.2026 07:00;1,2;0,400000006;0,800000012;20,474
01.08.2026 08:00;1;0,300000012;0,699999988;22,038
01.08.2026 09:00;0,7;0,200000003;0,5;23,45
01.08.2026 10:00;0,8;0,300000012;0,5;24,586
01.08.2026 11:00;0,7;0,200000003;0,5;25,363
01.08.2026 12:00;0,6;0,200000003;0,400000006;25,826
01.08.2026 13:00;0,6;0,200000003;0,400000006;25,972
01.08.2026 14:00;0,6;0,200000003;0,400000006;25,727
01.08.2026 15:00;0,6;0,200000003;0,400000006;25,253
01.08.2026 16:00;0,6;0,200000003;0,400000006;24,496
01.08.2026 17:00;0,8;0,300000012;0,5;23,355
01.08.2026 18:00;0,9;0,300000012;0,600000024;21,466
01.08.2026 19:00;1,5;0,699999988;0,800000012;19,329
01.08.2026 20:00;1,8;1;0,800000012;18,42
01.08.2026 21:00;1,9;1,100000024;0,800000012;17,604
01.08.2026 22:00;1,1;0,699999988;0,400000006;17,1
01.08.2026 23:00;1,4;1,100000024;0,300000012;17,014
02.08.2026 00:00;1,2;1;0,200000003;17,008
02.08.2026 01:00;1,4;1,299999952;0,100000001;16,764
02.08.2026 02:00;1,4;1,399999976;0;16,308
02.08.2026 03:00;1,4;1,399999976;0;15,542
02.08.2026 04:00;1,5;1,399999976;0,100000001;15,364
02.08.2026 05:00;1,7;1,399999976;0,300000012;17,205
02.08.2026 06:00;2,1;1,299999952;0,800000012;19,44
02.08.2026 07:00;1,5;0,800000012;0,699999988;20,985
02.08.2026 08:00;1;0,400000006;0,600000024;22,189
02.08.2026 09:00;1;0,400000006;0,600000024;23,341
02.08.2026 10:00;0,9;0,400000006;0,5;24,33
02.08.2026 11:00;0,9;0,400000006;0,5;25,001
02.08.2026 12:00;0,8;0,400000006;0,400000006;25,339
02.08.2026 13:00;0,8;0,400000006;0,400000006;25,121
02.08.2026 14:00;0,8;0,400000006;0,400000006;24,504
02.08.2026 15:00;0,8;0,400000006;0,400000006;23,355
02.08.2026 16:00;0,8;0,400000006;0,400000006;22,104
02.08.2026 17:00;0,9;0,400000006;0,5;20,886
02.08.2026 18:00;0,9;0,400000006;0,5;19,451
02.08.2026 19:00;1,2;0,5;0,699999988;18,225
02.08.2026 20:00;1,3;0,5;0,800000012;17,433
02.08.2026 21:00;1,5;0,699999988;0,800000012;16,784
02.08.2026 22:00;1,1;0,600000024;0,5;16,274
02.08.2026 23:00;0,5;0,300000012;0,200000003;15,874
03.08.2026 00:00;0,6;0,400000006;0,200000003;15,645
03.08.2026 01:00;0,5;0,400000006;0,100000001;15,357
03.08.2026 02:00;0,5;0,5;0;15,118
03.08.2026 03:00;0,4;0,400000006;0;14,877
03.08.2026 04:00;0,8;0,699999988;0,100000001;14,886
03.08.2026 05:00;1,1;0,800000012;0,300000012;15,602
03.08.2026 06:00;1,6;0,800000012;0,800000012;16,895
03.08.2026 07:00;1,6;0,800000012;0,800000012;18,419
03.08.2026 08:00;1,4;0,699999988;0,699999988;19,995
03.08.2026 09:00;1,3;0,699999988;0,600000024;21,415
03.08.2026 10:00;0,9;0,400000006;0,5;22,637
03.08.2026 11:00;0,6;0,200000003;0,400000006;23,684
03.08.2026 12:00;0,6;0,200000003;0,400000006;24,361
03.08.2026 13:00;0,6;0,200000003;0,400000006;24,39
03.08.2026 14:00;0,6;0,200000003;0,400000006;24,182
03.08.2026 15:00;0,5;0,200000003;0,400000006;23,67
03.08.2026 16:00;0,6;0,200000003;0,400000006;22,845
03.08.2026 17:00;0,7;0,200000003;0,5;21,706
03.08.2026 18:00;0,8;0,200000003;0,600000024;20,159
03.08.2026 19:00;1,1;0,300000012;0,800000012;18,288
03.08.2026 20:00;1,1;0,300000012;0,800000012;17,383
03.08.2026 21:00;1,1;0,300000012;0,800000012;16,551
03.08.2026 22:00;0,5;0,100000001;0,400000006;15,77
03.08.2026 23:00;0,4;0;0,300000012;15,153
04.08.2026 00:00;0,2;0;0,200000003;14,661
04.08.2026 01:00;0,1;0;0,100000001;14,311
04.08.2026 02:00;0,1;0;0,100000001;14,093
04.08.2026 03:00;0;0;0;13,875
04.08.2026 04:00;0,1;0;0,100000001;14,307
04.08.2026 05:00;0,1;0;0,100000001;16,187
04.08.2026 06:00;0,1;0;0,100000001;18,828
04.08.2026 07:00;0,2;0;0,200000003;20,834
04.08.2026 08:00;0,5;0;0,5;22,599
04.08.2026 09:00;0,8;0;0,800000012;24,166
04.08.2026 10:00;0,9;0;0,899999976;25,491
04.08.2026 11:00;1;0;1;26,722
04.08.2026 12:00;0,8;0;0,800000012;27,69
04.08.2026 13:00;0,6;0;0,600000024;28,282
04.08.2026 14:00;0,6;0;0,600000024;28,442
04.08.2026 15:00;0,5;0;0,5;28,328
04.08.2026 16:00;0,5;0;0,5;27,476
04.08.2026 17:00;0,6;0;0,600000024;26,252
04.08.2026 18:00;0,6;0;0,600000024;24,743
04.08.2026 19:00;0,6;0;0,600000024;23,391
04.08.2026 20:00;0,6;0;0,600000024;22,247
04.08.2026 21:00;0,5;0;0,5;21,357
04.08.2026 22:00;0,4;0;0,400000006;20,771
04.08.2026 23:00;0,3;0;0,300000012;20,339
05.08.2026 00:00;0,2;0;0,200000003;20,03
05.08.2026 01:00;0,1;0;0,100000001;19,805
05.08.2026 02:00;0,1;0;0,100000001;19,374
05.08.2026 03:00;0;0;0;18,55
05.08.2026 04:00;0,1;0;0,100000001;18,407
05.08.2026 05:00;0,2;0,100000001;0,100000001;19,096
05.08.2026 06:00;0,3;0,200000003;0,100000001;19,683
05.08.2026 07:00;0,3;0,100000001;0,200000003;20,929
05.08.2026 08:00;0,5;0,100000001;0,400000006;22,87
05.08.2026 09:00;0,9;0,100000001;0,800000012;24,354
05.08.2026 10:00;1;0,100000001;0,899999976;25,382
05.08.2026 11:00;1;0,100000001;0,899999976;26,3
05.08.2026 12:00;0,9;0,100000001;0,800000012;26,956
05.08.2026 13:00;0,7;0,100000001;0,600000024;27,189
05.08.2026 14:00;0,7;0,100000001;0,600000024;27,157
05.08.2026 15:00;0,6;0,100000001;0,5;26,8
05.08.2026 16:00;0,6;0,100000001;0,5;26,145
05.08.2026 17:00;0,6;0,100000001;0,5;25,05
05.08.2026 18:00;0,7;0,100000001;0,600000024;22,738
05.08.2026 19:00;0,9;0,300000012;0,600000024;21,073
05.08.2026 20:00;1,2;0,600000024;0,600000024;20,483
05.08.2026 21:00;1;0,5;0,5;20,059
05.08.2026 22:00;0,9;0,5;0,400000006;19,662
05.08.2026 23:00;0,6;0,400000006;0,200000003;19,185
06.08.2026 00:00;0,8;0,600000024;0,200000003;18,745
06.08.2026 01:00;0,9;0,800000012;0,100000001;18,426
06.08.2026 02:00;0,8;0,800000012;0;18,246
06.08.2026 03:00;0,9;0,899999976;0;17,965
06.08.2026 04:00;1,3;1,200000048;0,100000001;17,779
06.08.2026 05:00;1,5;1,200000048;0,300000012;18,356
06.08.2026 06:00;2,1;1,299999952;0,800000012;18,633
06.08.2026 07:00;1,8;1;0,800000012;19,062
06.08.2026 08:00;1,3;0,600000024;0,699999988;19,72
06.08.2026 09:00;1;0,400000006;0,600000024;20,635
06.08.2026 10:00;0,9;0,400000006;0,5;21,72
06.08.2026 11:00;0,7;0,400000006;0,400000006;23,025
06.08.2026 12:00;0,9;0,400000006;0,5;24,113
06.08.2026 13:00;0,7;0,300000012;0,400000006;24,444
06.08.2026 14:00;0,7;0,300000012;0,400000006;23,97
06.08.2026 15:00;0,7;0,300000012;0,400000006;24,099
06.08.2026 16:00;0,7;0,300000012;0,400000006;23,461
06.08.2026 17:00;0,9;0,400000006;0,5;22,383
06.08.2026 18:00;1;0,400000006;0,600000024;20,445
06.08.2026 19:00;1,3;0,5;0,800000012;18,71
06.08.2026 20:00;1,7;0,800000012;0,800000012;18,302
06.08.2026 21:00;1,7;0,899999976;0,800000012;18,002
06.08.2026 22:00;0,9;0,5;0,400000006;17,641
06.08.2026 23:00;0,8;0,5;0,300000012;17,094
07.08.2026 00:00;0,9;0,699999988;0,200000003;16,773
07.08.2026 01:00;1,2;1,100000024;0,100000001;16,579
07.08.2026 02:00;0,9;0,899999976;0;16,423
07.08.2026 03:00;1,1;1,100000024;0;16,299
07.08.2026 04:00;1;0,899999976;0,100000001;16,271
07.08.2026 05:00;1,6;1,299999952;0,300000012;16,586
07.08.2026 06:00;1,8;1;0,800000012;17,223
07.08.2026 07:00;1,6;0,800000012;0,800000012;18,296
07.08.2026 08:00;1,1;0,400000006;0,699999988;19,558
07.08.2026 09:00;1;0,400000006;0,600000024;20,866
07.08.2026 10:00;0,9;0,400000006;0,5;22,468
07.08.2026 11:00;0,7;0,300000012;0,400000006;23,511
07.08.2026 12:00;0,9;0,400000006;0,5;23,992
07.08.2026 13:00;0,7;0,300000012;0,400000006;24,181
07.08.2026 14:00;0,7;0,400000006;0,400000006;24,297
07.08.2026 15:00;0,7;0,300000012;0,400000006;24,367
07.08.2026 16:00;0,7;0,300000012;0,400000006;23,76
07.08.2026 17:00;0,9;0,400000006;0,5;22,591
07.08.2026 18:00;1;0,400000006;0,600000024;20,528
07.08.2026 19:00;1,3;0,5;0,800000012;18,938
07.08.2026 20:00;1,5;0,699999988;0,800000012;17,942
07.08.2026 21:00;1,5;0,800000012;0,699999988;16,866
07.08.2026 22:00;1,1;0,699999988;0,400000006;16,058
07.08.2026 23:00;1,1;0,899999976;0,200000003;15,379
08.08.2026 00:00;1,1;0,899999976;0,200000003;14,809
08.08.2026 01:00;0,9;0,800000012;0,100000001;14,25
08.08.2026 02:00;0,9;0,899999976;0;13,784
08.08.2026 03:00;1,2;1,200000048;0;13,247
08.08.2026 04:00;1,7;1,600000024;0,100000001;13,441
08.08.2026 05:00;1,7;1,399999976;0,300000012;15,256
08.08.2026 06:00;1,7;0,899999976;0,800000012;17,478
08.08.2026 07:00;1,3;0,5;0,800000012;19,321
08.08.2026 08:00;1,1;0,400000006;0,699999988;20,946
08.08.2026 09:00;0,9;0,300000012;0,600000024;22,791
08.08.2026 10:00;0,8;0,300000012;0,5;24,142
08.08.2026 11:00;0,7;0,300000012;0,400000006;25,025
08.08.2026 12:00;0,7;0,300000012;0,400000006;25,475
08.08.2026 13:00;0,7;0,300000012;0,400000006;25,584
08.08.2026 14:00;0,7;0,300000012;0,400000006;25,062
08.08.2026 15:00;0,7;0,300000012;0,400000006;23,703
08.08.2026 16:00;0,7;0,300000012;0,400000006;23,742
08.08.2026 17:00;0,8;0,300000012;0,5;22,999
08.08.2026 18:00;0,9;0,400000006;0,600000024;20,993
08.08.2026 19:00;1,1;0,400000006;0,699999988;19,92
08.08.2026 20:00;1,3;0,400000006;0,899999976;19,407
08.08.2026 21:00;1,2;0,400000006;0,800000012;18,475
08.08.2026 22:00;0,5;0,100000001;0,400000006;17,44
08.08.2026 23:00;0,4;0,100000001;0,300000012;16,715
09.08.2026 00:00;0,2;0;0,200000003;16,288
09.08.2026 01:00;0,1;0;0,100000001;16,137
09.08.2026 02:00;0;0;0;16,257
09.08.2026 03:00;0;0;0;16,64
09.08.2026 04:00;0,1;0;0,100000001;17,022
09.08.2026 05:00;0,4;0,100000001;0,300000012;17,769
09.08.2026 06:00;1;0,200000003;0,800000012;19,159
09.08.2026 07:00;0,9;0,100000001;0,800000012;20,937
09.08.2026 08:00;0,8;0,100000001;0,699999988;23,343
09.08.2026 09:00;0,7;0,100000001;0,600000024;26,603
09.08.2026 10:00;0,6;0,100000001;0,5;28,837
09.08.2026 11:00;0,5;0,100000001;0,400000006;30,092
09.08.2026 12:00;0,5;0,100000001;0,400000006;30,818
09.08.2026 13:00;0,5;0,100000001;0,400000006;30,542
09.08.2026 14:00;0,5;0,100000001;0,400000006;29,026
09.08.2026 15:00;0,5;0,100000001;0,400000006;28,012
09.08.2026 16:00;0,5;0,100000001;0,400000006;26,598
09.08.2026 17:00;0,6;0,100000001;0,5;24,436
09.08.2026 18:00;0,7;0,100000001;0,600000024;22,807
09.08.2026 19:00;0,8;0,100000001;0,699999988;21,961
09.08.2026 20:00;1,1;0,300000012;0,800000012;21,328
09.08.2026 21:00;1,4;0,600000024;0,800000012;20,873
09.08.2026 22:00;1;0,600000024;0,400000006;20,497
09.08.2026 23:00;0,8;0,600000024;0,200000003;19,867
10.08.2026 00:00;1,1;0,899999976;0,200000003;19,102
10.08.2026 01:00;1;0,899999976;0,100000001;18,272
10.08.2026 02:00;0,7;0,699999988;0;17,621
10.08.2026 03:00;0,9;0,899999976;0;17,071
10.08.2026 04:00;1,6;1,5;0,100000001;16,702
10.08.2026 05:00;1,9;1,600000024;0,300000012;17,27
10.08.2026 06:00;2,1;1,399999976;0,699999988;18,453
10.08.2026 07:00;2,4;1,600000024;0,800000012;20,209
10.08.2026 08:00;1,6;0,899999976;0,699999988;22,123
10.08.2026 09:00;1,1;0,600000024;0,5;23,248
10.08.2026 10:00;1,1;0,600000024;0,5;24,198
10.08.2026 11:00;1;0,600000024;0,400000006;25,068
10.08.2026 12:00;0,9;0,5;0,400000006;25,78
10.08.2026 13:00;1;0,600000024;0,400000006;26,156
10.08.2026 14:00;0,9;0,5;0,400000006;26,082
10.08.2026 15:00;1;0,600000024;0,400000006;25,685
10.08.2026 16:00;1;0,600000024;0,400000006;24,954
10.08.2026 17:00;1,3;0,800000012;0,5;23,925
10.08.2026 18:00;1,7;1,100000024;0,600000024;22,229
10.08.2026 19:00;2,3;1,5;0,800000012;20,324
10.08.2026 20:00;2,4;1,600000024;0,800000012;19,001
10.08.2026 21:00;2,8;2;0,800000012;17,915
10.08.2026 22:00;1,8;1,399999976;0,400000006;17,247
10.08.2026 23:00;2,1;1,799999952;0,300000012;16,904
11.08.2026 00:00;1,7;1,600000024;0,200000003;16,088
11.08.2026 01:00;1,7;1,600000024;0,100000001;15,065
11.08.2026 02:00;1,5;1,399999976;0,100000001;14,348
11.08.2026 03:00;1,3;1,299999952;0;14,285
11.08.2026 04:00;1,7;1,600000024;0,100000001;14,805
11.08.2026 05:00;2,3;2,200000048;0,100000001;16,357
11.08.2026 06:00;3;2,900000095;0,100000001;17,925
11.08.2026 07:00;3,2;3;0,200000003;19,784
11.08.2026 08:00;2,7;2,299999952;0,400000006;21,05
11.08.2026 09:00;2,7;1,899999976;0,800000012;22,099
11.08.2026 10:00;2,4;1,5;0,899999976;22,987
11.08.2026 11:00;2,5;1,600000024;0,899999976;24,222
11.08.2026 12:00;1,8;1;0,800000012;25,048
11.08.2026 13:00;1,5;0,899999976;0,600000024;23,906
11.08.2026 14:00;1,6;1;0,600000024;22,444
11.08.2026 15:00;1,5;1;0,5;21,805
11.08.2026 16:00;2,1;1,600000024;0,5;21,374
11.08.2026 17:00;2,1;1,600000024;0,5;20,541
11.08.2026 18:00;2,8;2,200000048;0,600000024;17,954
11.08.2026 19:00;3,4;2,700000048;0,699999988;16,01
11.08.2026 20:00;3,8;3,200000048;0,600000024;15,153
11.08.2026 21:00;3,6;3,099999905;0,5;14,489
11.08.2026 22:00;2,5;2,099999905;0,400000006;13,971
11.08.2026 23:00;2,1;1,799999952;0,300000012;13,599
12.08.2026 00:00;1,8;1,600000024;0,200000003;13,272
12.08.2026 01:00;2,1;2;0,100000001;12,93
12.08.2026 02:00;2,3;2,200000048;0,100000001;12,577
12.08.2026 03:00;2,4;2,400000095;0;12,215
12.08.2026 04:00;2,5;2,400000095;0,100000001;12,245
12.08.2026 05:00;3,2;3,099999905;0,100000001;13,735
12.08.2026 06:00;3,7;3,599999905;0,100000001;16,289
12.08.2026 07:00;3,2;3;0,200000003;19,237
12.08.2026 08:00;2,6;2,099999905;0,5;20,866
12.08.2026 09:00;2,3;1,5;0,800000012;21,949
12.08.2026 10:00;2,3;1,399999976;0,899999976;22,795
12.08.2026 11:00;2;1,200000048;0,899999976;23,304
12.08.2026 12:00;2,1;1,200000048;0,899999976;23,285
12.08.2026 13:00;1,8;1,100000024;0,699999988;22,886
12.08.2026 14:00;1,8;1,200000048;0,600000024;21,835
12.08.2026 15:00;2,2;1,700000048;0,5;20,568
12.08.2026 16:00;2,2;1,700000048;0,5;19,272
12.08.2026 17:00;2,6;2,099999905;0,5;17,976
12.08.2026 18:00;2,7;2,099999905;0,600000024;16,629
12.08.2026 19:00;2,9;2,299999952;0,600000024;15,24
12.08.2026 20:00;2,9;2,299999952;0,600000024;14,256
12.08.2026 21:00;2,7;2,200000048;0,5;13,594
12.08.2026 22:00;1,5;1,100000024;0,400000006;13,18
12.08.2026 23:00;1,4;1,100000024;0,300000012;12,864
13.08.2026 00:00;0,8;0,600000024;0,200000003;12,606
13.08.2026 01:00;0,7;0,600000024;0,100000001;12,381
13.08.2026 02:00;0,5;0,5;0;12,18
13.08.2026 03:00;0,4;0,400000006;0;11,998
13.08.2026 04:00;0,6;0,5;0,100000001;12,059
13.08.2026 05:00;0,6;0,400000006;0,300000012;12,637
13.08.2026 06:00;1,3;0,5;0,800000012;13,633
13.08.2026 07:00;1,3;0,400000006;0,800000012;15,202
13.08.2026 08:00;0,9;0,200000003;0,699999988;17,071
13.08.2026 09:00;0,7;0,200000003;0,5;18,652
13.08.2026 10:00;0,7;0,200000003;0,5;19,902
13.08.2026 11:00;0,7;0,200000003;0,5;20,81
13.08.2026 12:00;0,5;0,100000001;0,400000006;21,191
13.08.2026 13:00;0,5;0,100000001;0,400000006;20,676
13.08.2026 14:00;0,5;0,100000001;0,400000006;19,593
13.08.2026 15:00;0,5;0,100000001;0,400000006;18,977
13.08.2026 16:00;0,6;0,200000003;0,400000006;18,24
13.08.2026 17:00;0,7;0,200000003;0,5;17,085
13.08.2026 18:00;0,8;0,200000003;0,600000024;15,468
13.08.2026 19:00;1;0,200000003;0,800000012;13,965
13.08.2026 20:00;1;0,200000003;0,800000012;12,98
13.08.2026 21:00;1;0,200000003;0,800000012;12,093
13.08.2026 22:00;0,5;0;0,400000006;11,374
13.08.2026 23:00;0,2;0;0,200000003;10,743
14.08.2026 00:00;0,4;0,200000003;0,200000003;10,189
14.08.2026 01:00;0,3;0,200000003;0,100000001;9,669
14.08.2026 02:00;0,2;0,200000003;0;9,165
14.08.2026 03:00;0,5;0,5;0;8,721
14.08.2026 04:00;0,6;0,5;0,100000001;8,828
14.08.2026 05:00;0,8;0,5;0,300000012;10,761
14.08.2026 06:00;1;0,200000003;0,800000012;13,109
14.08.2026 07:00;1;0,200000003;0,800000012;16,062
14.08.2026 08:00;0,9;0,200000003;0,699999988;18,217
14.08.2026 09:00;0,7;0,100000001;0,600000024;19,973
14.08.2026 10:00;0,6;0,100000001;0,5;21,38
14.08.2026 11:00;0,5;0,100000001;0,400000006;22,506
14.08.2026 12:00;0,5;0,100000001;0,400000006;23,355
14.08.2026 13:00;0,5;0,100000001;0,400000006;23,722
14.08.2026 14:00;0,5;0,100000001;0,400000006;23,219
14.08.2026 15:00;0,5;0,100000001;0,400000006;22,324
14.08.2026 16:00;0,5;0,100000001;0,400000006;21,585
14.08.2026 17:00;0,7;0,200000003;0,5;20,513
14.08.2026 18:00;0,8;0,200000003;0,600000024;18,137
14.08.2026 19:00;1;0,200000003;0,800000012;17,114
14.08.2026 20:00;1;0,200000003;0,800000012;16,69
14.08.2026 21:00;1,4;0,600000024;0,800000012;16,353
14.08.2026 22:00;0,6;0,200000003;0,400000006;15,96
14.08.2026 23:00;0,7;0,400000006;0,300000012;15,556
15.08.2026 00:00;1,1;0,899999976;0,200000003;15,286
15.08.2026 01:00;0,6;0,5;0,100000001;15,109
15.08.2026 02:00;0,7;0,699999988;0;14,973
15.08.2026 03:00;0,9;0,899999976;0;14,881
15.08.2026 04:00;1;0,899999976;0,100000001;14,747
15.08.2026 05:00;1,4;1,100000024;0,300000012;14,868
15.08.2026 06:00;1,3;0,5;0,800000012;15,509
15.08.2026 07:00;1,2;0,400000006;0,800000012;16,618
15.08.2026 08:00;1,1;0,400000006;0,699999988;18,312
15.08.2026 09:00;0,9;0,300000012;0,600000024;20,347
15.08.2026 10:00;0,8;0,300000012;0,5;21,746
15.08.2026 11:00;0,7;0,300000012;0,400000006;22,518
15.08.2026 12:00;0,7;0,300000012;0,400000006;22,558
15.08.2026 13:00;0,7;0,300000012;0,400000006;21,872
15.08.2026 14:00;0,7;0,300000012;0,400000006;20,704
15.08.2026 15:00;0,7;0,300000012;0,400000006;20,046
15.08.2026 16:00;0,7;0,300000012;0,400000006;19,735
15.08.2026 17:00;0,8;0,300000012;0,5;19,143
15.08.2026 18:00;0,9;0,400000006;0,600000024;17,462
15.08.2026 19:00;1,1;0,400000006;0,699999988;16,213
15.08.2026 20:00;1,3;0,400000006;0,899999976;15,433
15.08.2026 21:00;1,8;1;0,800000012;14,821
15.08.2026 22:00;1,1;0,699999988;0,400000006;14,304
15.08.2026 23:00;1,2;0,899999976;0,300000012;13,707
16.08.2026 00:00;1,1;0,800000012;0,200000003;13,282
16.08.2026 01:00;1,2;1,100000024;0,100000001;12,945
16.08.2026 02:00;1,1;1,200000048;0;12,362
16.08.2026 03:00;1,1;1,100000024;0;11,748
16.08.2026 04:00;1,4;1,299999952;0,100000001;11,674
16.08.2026 05:00;1,5;1,299999952;0,200000003;13,248
16.08.2026 06:00;1,9;1,100000024;0,800000012;14,863
16.08.2026 07:00;1,4;0,600000024;0,800000012;16,951
16.08.2026 08:00;1,1;0,5;0,600000024;19,283
16.08.2026 09:00;1,1;0,5;0,600000024;20,635
16.08.2026 10:00;1;0,5;0,5;20,819
16.08.2026 11:00;1;0,5;0,5;21,53
16.08.2026 12:00;0,9;0,400000006;0,5;22,952
16.08.2026 13:00;0,8;0,400000006;0,400000006;23,597
16.08.2026 14:00;0,8;0,400000006;0,400000006;23,497
16.08.2026 15:00;0,8;0,400000006;0,400000006;23,077
16.08.2026 16:00;0,8;0,400000006;0,400000006;22,217
16.08.2026 17:00;1;0,5;0,5;20,278
16.08.2026 18:00;1,1;0,5;0,600000024;18,611
16.08.2026 19:00;1,4;0,600000024;0,800000012;17,917
16.08.2026 20:00;1,8;1;0,800000012;17,653
16.08.2026 21:00;2;1,200000048;0,800000012;17,853
16.08.2026 22:00;1,4;1;0,400000006;17,926
16.08.2026 23:00;1,4;1,100000024;0,300000012;17,77
17.08.2026 00:00;1,5;1,299999952;0,200000003;17,59
17.08.2026 01:00;1,6;1,5;0,100000001;17,298
17.08.2026 02:00;1,3;1,299999952;0;16,728
17.08.2026 03:00;1,3;1,299999952;0;16,226
17.08.2026 04:00;1,7;1,600000024;0,100000001;16,025
17.08.2026 05:00;1,9;1,700000048;0,200000003;16,339
17.08.2026 06:00;2,1;1,299999952;0,800000012;17,314
17.08.2026 07:00;1,6;0,800000012;0,800000012;19,054
17.08.2026 08:00;1,2;0,5;0,699999988;20,249
17.08.2026 09:00;1,1;0,5;0,600000024;20,346
17.08.2026 10:00;0,9;0,400000006;0,5;20,49
17.08.2026 11:00;0,8;0,400000006;0,400000006;20,982
17.08.2026 12:00;0,8;0,400000006;0,400000006;21,387
17.08.2026 13:00;0,8;0,400000006;0,400000006;22,187
17.08.2026 14:00;0,8;0,400000006;0,400000006;21,769
17.08.2026 15:00;0,8;0,400000006;0,400000006;21,199
17.08.2026 16:00;0,8;0,400000006;0,400000006;20,358
17.08.2026 17:00;1;0,5;0,5;19,06
17.08.2026 18:00;1,1;0,5;0,600000024;17,847
17.08.2026 19:00;1,3;0,600000024;0,699999988;17,08
17.08.2026 20:00;1,4;0,600000024;0,800000012;16,606
17.08.2026 21:00;1,4;0,600000024;0,800000012;16,372
17.08.2026 22:00;0,7;0,200000003;0,5;16,285
17.08.2026 23:00;1;0,699999988;0,300000012;16,314
18.08.2026 00:00;1,1;0,899999976;0,200000003;16,299
18.08.2026 01:00;1,2;1,100000024;0,100000001;16,262
18.08.2026 02:00;1,4;1,299999952;0,100000001;16,175
18.08.2026 03:00;1,4;1,399999976;0;16,123
18.08.2026 04:00;1,5;1,399999976;0,100000001;16,083
18.08.2026 05:00;2;1,899999976;0,100000001;16,341
18.08.2026 06:00;1;0,899999976;0,100000001;17,075
18.08.2026 07:00;0,8;0,600000024;0,200000003;18,397
18.08.2026 08:00;0,9;0,5;0,400000006;20,027
18.08.2026 09:00;1,3;0,400000006;0,899999976;21,23
18.08.2026 10:00;1,3;0,400000006;0,899999976;22,304
18.08.2026 11:00;1,4;0,400000006;1;23,306
18.08.2026 12:00;1,1;0,400000006;0,800000012;23,797
18.08.2026 13:00;1,1;0,400000006;0,699999988;23,657
18.08.2026 14:00;1;0,400000006;0,600000024;22,776
18.08.2026 15:00;0,9;0,400000006;0,5;21,506
18.08.2026 16:00;0,9;0,400000006;0,5;20,078
18.08.2026 17:00;1;0,400000006;0,600000024;18,915
18.08.2026 18:00;1;0,400000006;0,600000024;17,243
18.08.2026 19:00;1,2;0,5;0,699999988;16,188
18.08.2026 20:00;1,1;0,5;0,600000024;15,792
18.08.2026 21:00;1,1;0,5;0,600000024;15,23
18.08.2026 22:00;0,5;0,100000001;0,400000006;14,756
18.08.2026 23:00;1,2;0,899999976;0,300000012;13,96
19.08.2026 00:00;0,8;0,600000024;0,200000003;12,835
19.08.2026 01:00;1,1;1;0,100000001;12,029
19.08.2026 02:00;1;0,899999976;0,100000001;11,549
19.08.2026 03:00;0,7;0,699999988;0;11,615
19.08.2026 04:00;1;0,800000012;0,100000001;11,763
19.08.2026 05:00;1,4;1,299999952;0,100000001;13,076
19.08.2026 06:00;0,8;0,699999988;0,100000001;15,246
19.08.2026 07:00;0,6;0,400000006;0,200000003;17,545
19.08.2026 08:00;0,7;0,300000012;0,400000006;19,317
19.08.2026 09:00;1,1;0,300000012;0,800000012;20,683
19.08.2026 10:00;1,2;0,300000012;1;21,722
19.08.2026 11:00;1,2;0,300000012;0,899999976;22,534
19.08.2026 12:00;1,1;0,300000012;0,800000012;23,047
19.08.2026 13:00;0,8;0,200000003;0,600000024;23,247
19.08.2026 14:00;0,8;0,200000003;0,600000024;23,127
19.08.2026 15:00;0,8;0,300000012;0,5;22,714
19.08.2026 16:00;0,8;0,300000012;0,5;21,882
19.08.2026 17:00;0,9;0,300000012;0,600000024;20,423
19.08.2026 18:00;0,9;0,300000012;0,600000024;17,621
19.08.2026 19:00;1;0,400000006;0,600000024;16,496
19.08.2026 20:00;1;0,400000006;0,600000024;15,852
19.08.2026 21:00;0,9;0,400000006;0,5;14,815
19.08.2026 22:00;0,5;0,100000001;0,400000006;13,865
19.08.2026 23:00;0,8;0,5;0,300000012;13,317
20.08.2026 00:00;1;0,800000012;0,200000003;12,927
20.08.2026 01:00;1;0,899999976;0,100000001;12,073
20.08.2026 02:00;0,9;0,899999976;0;11,35
20.08.2026 03:00;0,8;0,800000012;0;10,785
20.08.2026 04:00;1,3;1,200000048;0,100000001;10,483
20.08.2026 05:00;1,3;1;0,300000012;12,49
20.08.2026 06:00;1,3;0,600000024;0,699999988;14,474
20.08.2026 07:00;1,2;0,400000006;0,800000012;16,79
20.08.2026 08:00;0,9;0,300000012;0,600000024;18,567
20.08.2026 09:00;0,9;0,300000012;0,600000024;19,795
20.08.2026 10:00;0,7;0,200000003;0,5;20,582
20.08.2026 11:00;0,8;0,300000012;0,5;20,965
20.08.2026 12:00;0,7;0,200000003;0,5;21,196
20.08.2026 13:00;0,6;0,200000003;0,400000006;21,3
20.08.2026 14:00;0,6;0,200000003;0,400000006;21,037
20.08.2026 15:00;0,6;0,200000003;0,400000006;20,612
20.08.2026 16:00;0,6;0,200000003;0,400000006;19,937
20.08.2026 17:00;0,8;0,300000012;0,5;18,691
20.08.2026 18:00;0,9;0,300000012;0,600000024;16,268
20.08.2026 19:00;1;0,300000012;0,699999988;15,03
20.08.2026 20:00;1,1;0,300000012;0,800000012;14,254
20.08.2026 21:00;1,1;0,300000012;0,800000012;13,482
20.08.2026 22:00;0,5;0,100000001;0,400000006;12,862
20.08.2026 23:00;0,3;0;0,200000003;12,166
21.08.2026 00:00;0,2;0;0,200000003;11,916
21.08.2026 01:00;0,3;0,200000003;0,100000001;12,081
21.08.2026 02:00;0;0;0;12,316
21.08.2026 03:00;0,2;0,200000003;0;12,255
21.08.2026 04:00;0,1;0;0,100000001;11,732
21.08.2026 05:00;0,3;0;0,300000012;12,499
21.08.2026 06:00;0,8;0;0,699999988;14,564
21.08.2026 07:00;0,8;0;0,800000012;17,87
21.08.2026 08:00;0,7;0;0,699999988;19,568
21.08.2026 09:00;0,5;0;0,5;20,793
21.08.2026 10:00;0,5;0;0,5;21,86
21.08.2026 11:00;0,5;0;0,5;22,749
21.08.2026 12:00;0,4;0;0,400000006;23,411
21.08.2026 13:00;0,4;0;0,400000006;23,809
21.08.2026 14:00;0,4;0;0,400000006;23,616
21.08.2026 15:00;0,4;0;0,400000006;22,969
21.08.2026 16:00;0,4;0;0,400000006;22,09
21.08.2026 17:00;0,6;0;0,600000024;20,294
21.08.2026 18:00;0,6;0;0,600000024;17,26
21.08.2026 19:00;0,7;0;0,699999988;15,668
21.08.2026 20:00;0,8;0;0,800000012;14,866
21.08.2026 21:00;0,8;0;0,800000012;14,26
21.08.2026 22:00;0,4;0;0,400000006;13,753
21.08.2026 23:00;0,5;0,200000003;0,300000012;13,355
22.08.2026 00:00;0,6;0,400000006;0,200000003;13,043
22.08.2026 01:00;0,8;0,699999988;0,100000001;12,714
22.08.2026 02:00;0,2;0,200000003;0;12,323
22.08.2026 03:00;0,2;0,200000003;0;11,896
22.08.2026 04:00;0,6;0,5;0,100000001;11,594
22.08.2026 05:00;0,9;0,600000024;0,300000012;13,801
22.08.2026 06:00;1,2;0,5;0,699999988;16,643
22.08.2026 07:00;1,3;0,5;0,800000012;19,798
22.08.2026 08:00;0,8;0,200000003;0,600000024;22,75
22.08.2026 09:00;1;0,400000006;0,600000024;24,07
22.08.2026 10:00;1,1;0,600000024;0,5;25,071
22.08.2026 11:00;0,7;0,200000003;0,5;25,896
22.08.2026 12:00;0,6;0,200000003;0,400000006;26,448
22.08.2026 13:00;0,6;0,200000003;0,400000006;26,732
22.08.2026 14:00;0,6;0,200000003;0,400000006;26,807
22.08.2026 15:00;0,5;0,200000003;0,400000006;26,539
22.08.2026 16:00;0,6;0,200000003;0,400000006;25,774
22.08.2026 17:00;0,7;0,200000003;0,5;23,845
22.08.2026 18:00;0,8;0,200000003;0,600000024;20,884
22.08.2026 19:00;0,9;0,200000003;0,699999988;19,079
22.08.2026 20:00;1;0,200000003;0,800000012;17,816
22.08.2026 21:00;1;0,200000003;0,800000012;16,784
22.08.2026 22:00;0,7;0,300000012;0,400000006;16,017
22.08.2026 23:00;0,5;0,200000003;0,300000012;15,486
23.08.2026 00:00;0,4;0,200000003;0,200000003;15,099
23.08.2026 01:00;0,6;0,5;0,100000001;14,633
23.08.2026 02:00;0,7;0,699999988;0;14,013
23.08.2026 03:00;0,9;0,899999976;0;13,478
23.08.2026 04:00;1;0,899999976;0,100000001;13,086
23.08.2026 05:00;1,2;0,800000012;0,300000012;14,281
23.08.2026 06:00;1,6;0,800000012;0,800000012;16,811
23.08.2026 07:00;1,6;0,800000012;0,800000012;20,024
23.08.2026 08:00;1,5;0,800000012;0,699999988;24,013
23.08.2026 09:00;1,3;0,699999988;0,600000024;25,837
23.08.2026 10:00;0,8;0,300000012;0,5;26,999
23.08.2026 11:00;0,8;0,300000012;0,5;27,919
23.08.2026 12:00;0,6;0,200000003;0,400000006;28,579
23.08.2026 13:00;0,6;0,200000003;0,400000006;28,943
23.08.2026 14:00;0,6;0,200000003;0,400000006;29,017
23.08.2026 15:00;0,6;0,200000003;0,400000006;28,685
23.08.2026 16:00;0,7;0,300000012;0,400000006;27,83
23.08.2026 17:00;0,8;0,300000012;0,5;25,04
23.08.2026 18:00;0,9;0,300000012;0,600000024;21,639
23.08.2026 19:00;1,1;0,300000012;0,800000012;20,123
23.08.2026 20:00;1,2;0,400000006;0,800000012;19,12
23.08.2026 21:00;1,1;0,300000012;0,800000012;18,241
23.08.2026 22:00;0,5;0,100000001;0,400000006;17,515
23.08.2026 23:00;0,8;0,5;0,300000012;16,921
24.08.2026 00:00;0,9;0,699999988;0,200000003;16,397
24.08.2026 01:00;0,8;0,699999988;0,100000001;15,817
24.08.2026 02:00;0,9;0,899999976;0;15,258
24.08.2026 03:00;1;1;0;14,712
24.08.2026 04:00;1;0,899999976;0,100000001;14,251
24.08.2026 05:00;0,9;0,600000024;0,300000012;16,044
24.08.2026 06:00;1,1;0,300000012;0,800000012;19,012
24.08.2026 07:00;1,1;0,300000012;0,800000012;21,649
24.08.2026 08:00;0,9;0,200000003;0,699999988;25,725
24.08.2026 09:00;0,8;0,200000003;0,600000024;27,686
24.08.2026 10:00;0,7;0,200000003;0,5;28,828
24.08.2026 11:00;0,6;0,200000003;0,400000006;29,705
24.08.2026 12:00;0,6;0,200000003;0,400000006;30,381
24.08.2026 13:00;0,6;0,200000003;0,400000006;30,727
24.08.2026 14:00;0,6;0,200000003;0,400000006;30,706
24.08.2026 15:00;0,6;0,200000003;0,400000006;30,278
24.08.2026 16:00;0,6;0,200000003;0,400000006;29,409
24.08.2026 17:00;0,7;0,200000003;0,5;26,675
24.08.2026 18:00;0,8;0,200000003;0,600000024;24,091
24.08.2026 19:00;1,1;0,300000012;0,800000012;22,798
24.08.2026 20:00;1,1;0,300000012;0,800000012;21,857
24.08.2026 21:00;1,1;0,300000012;0,800000012;20,961
24.08.2026 22:00;0,6;0,100000001;0,5;20,106
24.08.2026 23:00;0,2;0;0,200000003;19,458
25.08.2026 00:00;0,2;0;0,200000003;18,821
25.08.2026 01:00;0,1;0;0,100000001;18,241
25.08.2026 02:00;0,1;0;0,100000001;17,66
25.08.2026 03:00;0,6;0,600000024;0;17,1
25.08.2026 04:00;0,1;0;0;16,624
25.08.2026 05:00;0,1;0;0,100000001;18,165
25.08.2026 06:00;0,1;0;0,100000001;20,761
25.08.2026 07:00;0,2;0;0,200000003;24
25.08.2026 08:00;0,5;0;0,5;27,425
25.08.2026 09:00;0,8;0;0,800000012;28,985
25.08.2026 10:00;0,9;0;1;29,95
25.08.2026 11:00;1;0;1;30,657
25.08.2026 12:00;0,8;0;0,800000012;31,121
25.08.2026 13:00;0,7;0;0,699999988;31,191
25.08.2026 14:00;0,6;0;0,600000024;30,976
25.08.2026 15:00;0,5;0;0,5;30,575
25.08.2026 16:00;0,5;0;0,5;29,727
25.08.2026 17:00;0,6;0;0,600000024;27,77
25.08.2026 18:00;0,6;0;0,600000024;24,921
25.08.2026 19:00;0,7;0;0,699999988;23,777
25.08.2026 20:00;0,6;0;0,600000024;23,022
25.08.2026 21:00;0,5;0;0,5;22,213
25.08.2026 22:00;0,4;0;0,400000006;21,482
25.08.2026 23:00;0,3;0;0,300000012;20,983
26.08.2026 00:00;0,2;0;0,200000003;20,834
26.08.2026 01:00;0,1;0;0,100000001;20,665
26.08.2026 02:00;0,1;0;0,100000001;20,149
26.08.2026 03:00;0,2;0,200000003;0;19,498
26.08.2026 04:00;0,1;0;0,100000001;18,994
26.08.2026 05:00;0,1;0;0,100000001;19,908
26.08.2026 06:00;0,1;0;0,100000001;21,767
26.08.2026 07:00;0,2;0;0,200000003;24,269
26.08.2026 08:00;0,4;0;0,400000006;28,009
26.08.2026 09:00;0,9;0;0,899999976;30,376
26.08.2026 10:00;0,9;0;0,899999976;31,645
26.08.2026 11:00;0,9;0;0,899999976;32,526
26.08.2026 12:00;0,8;0;0,800000012;32,999
26.08.2026 13:00;0,7;0;0,699999988;33,195
26.08.2026 14:00;0,6;0;0,600000024;33,095
26.08.2026 15:00;0,5;0;0,5;32,637
26.08.2026 16:00;0,5;0;0,5;31,83
26.08.2026 17:00;0,5;0;0,5;29,916
26.08.2026 18:00;0,6;0;0,600000024;28,091
26.08.2026 19:00;0,7;0;0,699999988;27,079
26.08.2026 20:00;0,6;0;0,600000024;26,207
26.08.2026 21:00;0,5;0;0,5;25,276
26.08.2026 22:00;0,4;0;0,400000006;24,568
26.08.2026 23:00;0,3;0;0,300000012;23,511
27.08.2026 00:00;0,2;0;0,200000003;22,635
27.08.2026 01:00;0,1;0;0,100000001;21,911
27.08.2026 02:00;0;0;0;21,308
27.08.2026 03:00;0;0;0;20,648
27.08.2026 04:00;0,1;0;0,100000001;19,884
27.08.2026 05:00;0,3;0;0,300000012;20,687
27.08.2026 06:00;0,7;0;0,699999988;22,728
27.08.2026 07:00;0,8;0;0,800000012;25,284
27.08.2026 08:00;0,7;0;0,699999988;29,349
27.08.2026 09:00;0,6;0;0,600000024;31,389
27.08.2026 10:00;0,5;0;0,5;32,42
27.08.2026 11:00;0,4;0;0,400000006;33,107
27.08.2026 12:00;0,4;0;0,400000006;33,495
27.08.2026 13:00;0,4;0;0,400000006;33,617
27.08.2026 14:00;0,4;0;0,400000006;33,197
27.08.2026 15:00;0,4;0;0,400000006;32,309
27.08.2026 16:00;0,4;0;0,400000006;31,371
27.08.2026 17:00;0,5;0;0,5;29,438
27.08.2026 18:00;0,6;0;0,600000024;27,493
27.08.2026 19:00;0,8;0;0,800000012;26,113
27.08.2026 20:00;0,8;0;0,800000012;24,697
27.08.2026 21:00;0,8;0;0,800000012;23,831
27.08.2026 22:00;0,4;0;0,400000006;23,229
27.08.2026 23:00;0,3;0;0,300000012;22,831
28.08.2026 00:00;0,2;0;0,200000003;22,418
28.08.2026 01:00;0,1;0;0,100000001;21,987
28.08.2026 02:00;0;0;0;21,538
28.08.2026 03:00;0;0;0;21,057
28.08.2026 04:00;0,1;0;0,100000001;20,388
28.08.2026 05:00;0,3;0;0,300000012;20,686
28.08.2026 06:00;0,8;0;0,800000012;22,064
28.08.2026 07:00;0,8;0;0,800000012;24,643
28.08.2026 08:00;0,7;0;0,699999988;27,501
28.08.2026 09:00;0,6;0;0,600000024;29,591
28.08.2026 10:00;0,5;0;0,5;30,989
28.08.2026 11:00;0,5;0;0,5;31,555
28.08.2026 12:00;0,4;0;0,400000006;31,264
28.08.2026 13:00;0,4;0;0,400000006;29,713
28.08.2026 14:00;0,4;0;0,400000006;27,701
28.08.2026 15:00;0,4;0;0,400000006;26,04
28.08.2026 16:00;0,4;0;0,400000006;25,377
28.08.2026 17:00;0,5;0;0,5;24,533
28.08.2026 18:00;0,6;0;0,600000024;23,536
28.08.2026 19:00;0,7;0;0,699999988;23,32
28.08.2026 20:00;0,8;0;0,800000012;23,603
28.08.2026 21:00;0,8;0;0,800000012;23,833
28.08.2026 22:00;0,5;0;0,5;22,942
28.08.2026 23:00;0,3;0;0,300000012;21,831
29.08.2026 00:00;0,2;0;0,200000003;20,94
29.08.2026 01:00;0,1;0;0,100000001;20,147
29.08.2026 02:00;0;0;0;19,308
29.08.2026 03:00;0;0;0;18,612
29.08.2026 04:00;0,1;0;0,100000001;17,928
29.08.2026 05:00;0,3;0;0,300000012;18,125
29.08.2026 06:00;0,8;0;0,800000012;18,697
29.08.2026 07:00;0,8;0;0,800000012;19,671
29.08.2026 08:00;0,7;0;0,699999988;21,049
29.08.2026 09:00;0,5;0;0,5;22,528
29.08.2026 10:00;0,5;0;0,5;23,525
29.08.2026 11:00;0,5;0;0,5;24,596
29.08.2026 12:00;0,5;0;0,5;25,264
29.08.2026 13:00;0,4;0;0,400000006;25,587
29.08.2026 14:00;0,4;0;0,400000006;25,484
29.08.2026 15:00;0,3;0;0,300000012;25,074
29.08.2026 16:00;0,4;0;0,400000006;24,372
29.08.2026 17:00;0,5;0;0,5;22,971
29.08.2026 18:00;0,6;0;0,600000024;20,18
29.08.2026 19:00;0,8;0;0,800000012;18,923
29.08.2026 20:00;0,8;0;0,800000012;18,058
29.08.2026 21:00;0,8;0;0,800000012;17,404
29.08.2026 22:00;0,4;0;0,400000006;16,96
29.08.2026 23:00;0,3;0;0,300000012;16,316
30.08.2026 00:00;0,2;0;0,200000003;15,529
30.08.2026 01:00;0,3;0,200000003;0,100000001;15,093
30.08.2026 02:00;0,2;0,200000003;0;15,005
30.08.2026 03:00;0,4;0,400000006;0;14,708
30.08.2026 04:00;0,3;0,200000003;0,100000001;14,282
30.08.2026 05:00;0,6;0,300000012;0,300000012;14,882
30.08.2026 06:00;0,9;0,200000003;0,699999988;17,059
30.08.2026 07:00;1;0,200000003;0,800000012;20,023
30.08.2026 08:00;0,9;0,200000003;0,699999988;21,951
30.08.2026 09:00;0,7;0,100000001;0,600000024;23,396
30.08.2026 10:00;0,6;0,100000001;0,5;24,696
30.08.2026 11:00;0,6;0,100000001;0,5;25,907
30.08.2026 12:00;0,5;0,100000001;0,400000006;26,905
30.08.2026 13:00;0,5;0,100000001;0,400000006;27,543
30.08.2026 14:00;0,5;0,100000001;0,400000006;27,708
30.08.2026 15:00;0,5;0,100000001;0,400000006;27,449
30.08.2026 16:00;0,5;0,100000001;0,400000006;26,48
30.08.2026 17:00;0,6;0,100000001;0,5;23,61
30.08.2026 18:00;0,8;0,200000003;0,600000024;20,107
30.08.2026 19:00;1;0,200000003;0,800000012;18,816
30.08.2026 20:00;1,2;0,400000006;0,800000012;17,888
30.08.2026 21:00;1,2;0,400000006;0,800000012;17,136
30.08.2026 22:00;0,9;0,5;0,400000006;16,576
30.08.2026 23:00;1,1;0,800000012;0,300000012;16,076
31.08.2026 00:00;1,1;0,899999976;0,200000003;15,646
31.08.2026 01:00;1;0,899999976;0,100000001;15,358
31.08.2026 02:00;1,1;1,100000024;0;15,203
31.08.2026 03:00;1;1;0;15,046
31.08.2026 04:00;1,6;1,5;0,100000001;14,81
31.08.2026 05:00;2;1,700000048;0,300000012;16,445
31.08.2026 06:00;2,2;1,5;0,699999988;19,368
31.08.2026 07:00;2,1;1,299999952;0,800000012;22,241
31.08.2026 08:00;1,4;0,699999988;0,699999988;26,468
31.08.2026 09:00;1;0,400000006;0,600000024;29,006
31.08.2026 10:00;0,9;0,400000006;0,5;30,587
31.08.2026 11:00;0,9;0,400000006;0,5;31,639
31.08.2026 12:00;0,9;0,400000006;0,5;32,278
31.08.2026 13:00;0,8;0,400000006;0,400000006;32,531
31.08.2026 14:00;0,8;0,400000006;0,400000006;32,379
31.08.2026 15:00;0,8;0,400000006;0,400000006;31,915
31.08.2026 16:00;0,8;0,400000006;0,400000006;30,867
31.08.2026 17:00;0,9;0,400000006;0,5;28,112
31.08.2026 18:00;1,1;0,5;0,600000024;25,887
31.08.2026 19:00;1,4;0,600000024;0,800000012;25,169
31.08.2026 20:00;1,6;0,800000012;0,800000012;24,112
31.08.2026 21:00;1,2;0,5;0,699999988;22,141
31.08.2026 22:00;0,7;0,200000003;0,5;19,906
31.08.2026 23:00;0,3;0,100000001;0,200000003;18,425
01.09.2026 00:00;0,2;0;0,200000003;17,596
01.09.2026 01:00;0,1;0;0,100000001;16,743
01.09.2026 02:00;0,1;0;0,100000001;15,891
01.09.2026 03:00;0;0;0;15,384
01.09.2026 04:00;0,2;0,100000001;0,100000001;15,2
01.09.2026 05:00;0,3;0,200000003;0;15,445
01.09.2026 06:00;0,4;0,300000012;0,100000001;16,057
01.09.2026 07:00;0,5;0,300000012;0,200000003;16,714
01.09.2026 08:00;0,7;0,200000003;0,5;17,46
01.09.2026 09:00;1,3;0,400000006;0,899999976;18,934
01.09.2026 10:00;1,1;0,200000003;0,899999976;20,041
01.09.2026 11:00;1,2;0,200000003;1;19,891
01.09.2026 12:00;1,1;0,200000003;0,800000012;19,383
01.09.2026 13:00;0,9;0,200000003;0,699999988;19,295
01.09.2026 14:00;0,8;0,200000003;0,600000024;19,79
01.09.2026 15:00;0,7;0,200000003;0,5;20,379
01.09.2026 16:00;0,7;0,200000003;0,5;19,988
01.09.2026 17:00;0,7;0,200000003;0,5;18,226
01.09.2026 18:00;0,8;0,200000003;0,600000024;15,933
01.09.2026 19:00;1,6;0,899999976;0,699999988;15,511
01.09.2026 20:00;1,4;0,800000012;0,600000024;14,718
01.09.2026 21:00;1,5;1;0,5;13,634
01.09.2026 22:00;1,3;0,800000012;0,400000006;12,582
01.09.2026 23:00;1,2;0,800000012;0,300000012;11,573
02.09.2026 00:00;1,3;1,100000024;0,200000003;10,813
02.09.2026 01:00;1,7;1,600000024;0,100000001;10,243
02.09.2026 02:00;1,6;1,5;0,100000001;9,796
02.09.2026 03:00;1,7;1,700000048;0;9,323
02.09.2026 04:00;2,4;2,299999952;0,100000001;8,892
02.09.2026 05:00;2,8;2,700000048;0,100000001;10,31
02.09.2026 06:00;2,9;2,799999952;0,100000001;12,773
02.09.2026 07:00;2,1;1,899999976;0,200000003;15,815
02.09.2026 08:00;1,5;1,200000048;0,400000006;17,69
02.09.2026 09:00;1,8;0,899999976;0,899999976;19,032
02.09.2026 10:00;1,9;0,899999976;1;20,167
02.09.2026 11:00;1,9;0,899999976;1;21,104
02.09.2026 12:00;1,7;0,800000012;0,899999976;21,66
02.09.2026 13:00;1,5;0,800000012;0,699999988;21,882
02.09.2026 14:00;1,4;0,800000012;0,600000024;21,759
02.09.2026 15:00;1,2;0,699999988;0,5;21,321
02.09.2026 16:00;1,3;0,800000012;0,5;20,462
02.09.2026 17:00;1,4;0,899999976;0,5;18,175
02.09.2026 18:00;1,6;1;0,600000024;15,214
02.09.2026 19:00;2,4;1,700000048;0,699999988;14,728
02.09.2026 20:00;2,7;2;0,699999988;14,776
02.09.2026 21:00;2,3;1,799999952;0,5;14,573
02.09.2026 22:00;1,8;1,399999976;0,400000006;13,318
02.09.2026 23:00;1,6;1,299999952;0,300000012;12,436
03.09.2026 00:00;1,9;1,700000048;0,200000003;12,225
03.09.2026 01:00;1,9;1,799999952;0,100000001;12,006
03.09.2026 02:00;1,8;1,799999952;0;11,404
03.09.2026 03:00;1,9;1,899999976;0;10,781
03.09.2026 04:00;1,7;1,600000024;0,100000001;10,327
03.09.2026 05:00;2,3;2;0,300000012;11,314
03.09.2026 06:00;2,7;1,799999952;0,800000012;13,666
03.09.2026 07:00;2;1,200000048;0,800000012;16,802
03.09.2026 08:00;1,4;0,699999988;0,699999988;18,918
03.09.2026 09:00;1,2;0,600000024;0,600000024;20,421
03.09.2026 10:00;1;0,5;0,5;21,495
03.09.2026 11:00;1,1;0,600000024;0,5;22,286
03.09.2026 12:00;1,1;0,600000024;0,5;22,536
03.09.2026 13:00;0,9;0,5;0,400000006;22,397
03.09.2026 14:00;0,9;0,5;0,400000006;22,412
03.09.2026 15:00;1;0,600000024;0,400000006;22,077
03.09.2026 16:00;1;0,600000024;0,400000006;21,234
03.09.2026 17:00;1,1;0,600000024;0,5;19,518
03.09.2026 18:00;1,2;0,600000024;0,600000024;16,703
03.09.2026 19:00;1,5;0,699999988;0,800000012;15,741
03.09.2026 20:00;1,7;0,899999976;0,800000012;15,084
03.09.2026 21:00;1,7;0,899999976;0,800000012;14,548
03.09.2026 22:00;0,9;0,400000006;0,5;14,083
03.09.2026 23:00;0,8;0,5;0,300000012;13,661
04.09.2026 00:00;0,7;0,5;0,200000003;13,33
04.09.2026 01:00;0,5;0,400000006;0,100000001;13,261
04.09.2026 02:00;0,5;0,5;0;13,215
04.09.2026 03:00;0,5;0,5;0;12,933
04.09.2026 04:00;0,8;0,699999988;0,100000001;12,624
04.09.2026 05:00;1,2;0,800000012;0,300000012;13,151
04.09.2026 06:00;1,7;0,899999976;0,800000012;14,579
04.09.2026 07:00;1,6;0,699999988;0,899999976;17,093
04.09.2026 08:00;1;0,300000012;0,699999988;19,206
04.09.2026 09:00;0,9;0,300000012;0,600000024;21,127
04.09.2026 10:00;0,8;0,300000012;0,5;22,919
04.09.2026 11:00;0,8;0,300000012;0,5;24,363
04.09.2026 12:00;0,8;0,300000012;0,5;25,351
04.09.2026 13:00;0,8;0,300000012;0,5;25,77
04.09.2026 14:00;0,6;0,200000003;0,400000006;25,535
04.09.2026 15:00;0,7;0,300000012;0,400000006;24,196
04.09.2026 16:00;0,7;0,300000012;0,400000006;21,769
04.09.2026 17:00;0,8;0,300000012;0,5;18,854
04.09.2026 18:00;1,1;0,5;0,600000024;16,795
04.09.2026 19:00;1,4;0,600000024;0,800000012;15,896
04.09.2026 20:00;1,4;0,600000024;0,800000012;15,234
04.09.2026 21:00;1,6;0,800000012;0,800000012;14,425
04.09.2026 22:00;1,1;0,699999988;0,400000006;13,209
04.09.2026 23:00;1,2;0,899999976;0,300000012;12,14
05.09.2026 00:00;1,1;0,899999976;0,200000003;11,427
05.09.2026 01:00;1,3;1,200000048;0,100000001;11
05.09.2026 02:00;1,1;1,100000024;0;10,71
05.09.2026 03:00;1,4;1,399999976;0;10,782
05.09.2026 04:00;1,8;1,700000048;0,100000001;11,063
05.09.2026 05:00;2,3;2;0,300000012;11,416
05.09.2026 06:00;2,9;2,099999905;0,800000012;12,745
05.09.2026 07:00;2,6;1,799999952;0,800000012;14,541
05.09.2026 08:00;2,1;1,399999976;0,699999988;16,089
05.09.2026 09:00;1,7;1,100000024;0,600000024;17,33
05.09.2026 10:00;1,3;0,800000012;0,5;18,349
05.09.2026 11:00;1,3;0,800000012;0,5;19,179
05.09.2026 12:00;1,1;0,699999988;0,400000006;19,422
05.09.2026 13:00;1,1;0,699999988;0,400000006;19,077
05.09.2026 14:00;1,3;0,899999976;0,400000006;18,227
05.09.2026 15:00;1,4;1;0,400000006;17,371
05.09.2026 16:00;1,3;1;0,400000006;16,372
05.09.2026 17:00;1,7;1,100000024;0,600000024;15,222
05.09.2026 18:00;2;1,399999976;0,600000024;13,586
05.09.2026 19:00;2,5;1,700000048;0,800000012;12,357
05.09.2026 20:00;2,8;2;0,800000012;11,083
05.09.2026 21:00;3,2;2,400000095;0,800000012;10,063
05.09.2026 22:00;2,3;1,899999976;0,400000006;9,377
05.09.2026 23:00;2,3;2;0,300000012;8,887
06.09.2026 00:00;2,2;2;0,200000003;8,46
06.09.2026 01:00;2,3;2,200000048;0,100000001;8,122
06.09.2026 02:00;2,5;2,400000095;0;7,658
06.09.2026 03:00;2,5;2,5;0;7,179
06.09.2026 04:00;2,8;2,700000048;0,100000001;6,75
06.09.2026 05:00;3;2,700000048;0,300000012;7,53
06.09.2026 06:00;4;3,200000048;0,800000012;10,125
06.09.2026 07:00;3,4;2,599999905;0,800000012;13,231
06.09.2026 08:00;2,5;1,799999952;0,699999988;15,316
06.09.2026 09:00;2;1,399999976;0,600000024;17,041
06.09.2026 10:00;1,5;1;0,5;18,549
06.09.2026 11:00;1,3;0,899999976;0,400000006;19,798
06.09.2026 12:00;1,4;0,899999976;0,5;20,705
06.09.2026 13:00;1,3;0,899999976;0,400000006;21,194
06.09.2026 14:00;1,3;0,899999976;0,400000006;21,127
06.09.2026 15:00;1,3;0,899999976;0,400000006;20,573
06.09.2026 16:00;1,3;0,899999976;0,400000006;19,49
06.09.2026 17:00;1,5;1;0,5;17,196
06.09.2026 18:00;1,9;1,299999952;0,600000024;15,499
06.09.2026 19:00;2,4;1,600000024;0,800000012;14,791
06.09.2026 20:00;2,6;1,799999952;0,800000012;14,008
06.09.2026 21:00;2,5;1,700000048;0,800000012;13,545
06.09.2026 22:00;1,3;0,899999976;0,400000006;13,372
06.09.2026 23:00;1,1;0,800000012;0,300000012;13,168
07.09.2026 00:00;1,2;1;0,200000003;12,814
07.09.2026 01:00;1,1;1;0,100000001;12,445
07.09.2026 02:00;1;1;0;12,15
07.09.2026 03:00;1,3;1,299999952;0;11,969
07.09.2026 04:00;1,5;1,399999976;0,100000001;11,931
07.09.2026 05:00;2,5;2,200000048;0,300000012;12,021
07.09.2026 06:00;3,3;2,599999905;0,800000012;12,416
07.09.2026 07:00;3,1;2,299999952;0,800000012;13,26
07.09.2026 08:00;2,7;2;0,699999988;14,634
07.09.2026 09:00;2,1;1,5;0,600000024;15,934
07.09.2026 10:00;1,6;1,100000024;0,5;17,013
07.09.2026 11:00;1,5;1;0,5;17,946
07.09.2026 12:00;1,4;0,899999976;0,5;18,731
07.09.2026 13:00;1,2;0,800000012;0,400000006;19,031
07.09.2026 14:00;2;1,600000024;0,400000006;18,764
07.09.2026 15:00;2,3;1,899999976;0,400000006;18,221
07.09.2026 16:00;2;1,600000024;0,400000006;17,287
07.09.2026 17:00;2,1;1,600000024;0,5;15,711
07.09.2026 18:00;2,4;1,799999952;0,600000024;14,292
07.09.2026 19:00;2,9;2,099999905;0,800000012;13,646
07.09.2026 20:00;3,2;2,400000095;0,800000012;13,027
07.09.2026 21:00;3,2;2,400000095;0,800000012;12,405
07.09.2026 22:00;2,1;1,700000048;0,400000006;11,952
07.09.2026 23:00;1,9;1,600000024;0,300000012;11,661
08.09.2026 00:00;1,7;1,5;0,200000003;11,408
08.09.2026 01:00;1,7;1,600000024;0,100000001;11,213
08.09.2026 02:00;1,7;1,600000024;0,100000001;11,114
08.09.2026 03:00;1,6;1,600000024;0;10,965
08.09.2026 04:00;1,7;1,600000024;0,100000001;10,894
08.09.2026 05:00;2,5;2,400000095;0,100000001;11,02
08.09.2026 06:00;2,8;2,599999905;0,100000001;11,481
08.09.2026 07:00;2,7;2,5;0,200000003;12,092
08.09.2026 08:00;2,7;2,200000048;0,5;12,877
08.09.2026 09:00;2,7;1,899999976;0,800000012;13,812
08.09.2026 10:00;2,5;1,600000024;0,899999976;14,609
08.09.2026 11:00;2,3;1,299999952;1;15,139
08.09.2026 12:00;1,8;1;0,800000012;15,211
08.09.2026 13:00;2,1;1,399999976;0,699999988;15,317
08.09.2026 14:00;2,6;2;0,600000024;15,383
08.09.2026 15:00;2,3;1,799999952;0,5;15,199
08.09.2026 16:00;2,3;1,799999952;0,5;14,747
08.09.2026 17:00;2,4;1,899999976;0,5;13,518
08.09.2026 18:00;3;2,400000095;0,600000024;11,968
08.09.2026 19:00;3,3;2,599999905;0,699999988;11,416
08.09.2026 20:00;3,3;2,700000048;0,600000024;10,907
08.09.2026 21:00;3,2;2,700000048;0,5;10,458
08.09.2026 22:00;2;1,600000024;0,400000006;10,141
08.09.2026 23:00;1,8;1,5;0,300000012;9,807
09.09.2026 00:00;1,7;1,5;0,200000003;9,348
09.09.2026 01:00;1,4;1,299999952;0,100000001;8,844
09.09.2026 02:00;1,5;1,399999976;0,100000001;8,378
09.09.2026 03:00;1,4;1,399999976;0;7,959
09.09.2026 04:00;1,7;1,600000024;0,100000001;7,667
09.09.2026 05:00;2,5;2,400000095;0,100000001;8,139
09.09.2026 06:00;3;2,900000095;0,100000001;9,637
09.09.2026 07:00;3;2,799999952;0,200000003;11,909
09.09.2026 08:00;3;2,400000095;0,5;14,251
09.09.2026 09:00;2,8;1,899999976;0,899999976;15,936
09.09.2026 10:00;2,6;1,600000024;1;17,124
09.09.2026 11:00;2,3;1,299999952;1;18,024
09.09.2026 12:00;2,1;1,200000048;0,899999976;18,634
09.09.2026 13:00;1,8;1,100000024;0,699999988;18,938
09.09.2026 14:00;1,8;1,200000048;0,600000024;18,96
09.09.2026 15:00;1,6;1,100000024;0,5;18,586
09.09.2026 16:00;1,8;1,299999952;0,5;17,702
09.09.2026 17:00;2,2;1,600000024;0,600000024;15,391
09.09.2026 18:00;2,6;2;0,600000024;13,868
09.09.2026 19:00;3,1;2,400000095;0,699999988;13,34
09.09.2026 20:00;3,1;2,599999905;0,600000024;12,97
09.09.2026 21:00;2,8;2,299999952;0,5;12,867
09.09.2026 22:00;2;1,600000024;0,400000006;12,466
09.09.2026 23:00;2;1,700000048;0,300000012;12,025
10.09.2026 00:00;1,8;1,600000024;0,200000003;11,585
10.09.2026 01:00;1,9;1,799999952;0,100000001;11,16
10.09.2026 02:00;2;2;0;10,68
10.09.2026 03:00;2,3;2,299999952;0;10,052
10.09.2026 04:00;2,5;2,400000095;0,100000001;9,23
10.09.2026 05:00;3,5;3,200000048;0,300000012;8,993
10.09.2026 06:00;4,5;3,700000048;0,800000012;10,6
10.09.2026 07:00;3,6;2,799999952;0,800000012;13,274
10.09.2026 08:00;2,9;2,200000048;0,699999988;16,624
10.09.2026 09:00;2;1,399999976;0,600000024;18,209
10.09.2026 10:00;1,6;1,100000024;0,5;19,395
10.09.2026 11:00;1,4;1;0,400000006;20,294
10.09.2026 12:00;1,4;1;0,400000006;20,883
10.09.2026 13:00;1,4;1;0,400000006;21,122
10.09.2026 14:00;1,4;1;0,400000006;20,967
10.09.2026 15:00;1,4;1;0,400000006;20,494
10.09.2026 16:00;1,5;1,100000024;0,400000006;19,445
10.09.2026 17:00;1,7;1,200000048;0,5;16,467
10.09.2026 18:00;2,5;1,899999976;0,600000024;15,002
10.09.2026 19:00;3,3;2,5;0,800000012;14,54
10.09.2026 20:00;3,7;2,799999952;0,899999976;14,91
10.09.2026 21:00;3,5;2,700000048;0,800000012;14,644
10.09.2026 22:00;2,6;2,099999905;0,5;12,959
10.09.2026 23:00;2,5;2,200000048;0,300000012;11,315
11.09.2026 00:00;2,4;2,200000048;0,200000003;10,13
11.09.2026 01:00;2,2;2,099999905;0,100000001;9,461
11.09.2026 02:00;2;2;0;8,968
11.09.2026 03:00;2;2;0;8,512
11.09.2026 04:00;2;1,899999976;0,100000001;8,115
11.09.2026 05:00;2,4;2,099999905;0,300000012;8,679
11.09.2026 06:00;3,6;2,799999952;0,800000012;11,957
11.09.2026 07:00;2,8;2;0,800000012;14,697
11.09.2026 08:00;2,3;1,600000024;0,699999988;18,061
11.09.2026 09:00;1,5;0,899999976;0,600000024;19,583
11.09.2026 10:00;1,3;0,800000012;0,5;20,703
11.09.2026 11:00;1,3;0,800000012;0,5;21,464
11.09.2026 12:00;1,1;0,699999988;0,400000006;21,031
11.09.2026 13:00;1,1;0,699999988;0,400000006;19,727
11.09.2026 14:00;1,1;0,699999988;0,400000006;17,902
11.09.2026 15:00;1,6;1,200000048;0,400000006;17,045
11.09.2026 16:00;1,4;1;0,400000006;16,642
11.09.2026 17:00;1,9;1,299999952;0,600000024;15,943
11.09.2026 18:00;1,8;1,200000048;0,600000024;15,442
11.09.2026 19:00;2,3;1,5;0,800000012;15,177
11.09.2026 20:00;2,5;1,600000024;0,899999976;14,903
11.09.2026 21:00;2,4;1,5;0,800000012;14,702
11.09.2026 22:00;1,2;0,699999988;0,5;14,543
11.09.2026 23:00;0,5;0,300000012;0,200000003;14,453
12.09.2026 00:00;0,4;0,200000003;0,200000003;14,538
12.09.2026 01:00;0,1;0;0,100000001;14,594
12.09.2026 02:00;0,2;0,200000003;0;14,455
12.09.2026 03:00;0,4;0,400000006;0;14,358
12.09.2026 04:00;0,3;0,200000003;0,100000001;14,203
12.09.2026 05:00;0,6;0,300000012;0,300000012;14,328
12.09.2026 06:00;1,1;0,300000012;0,800000012;15,321
12.09.2026 07:00;1;0,100000001;0,800000012;16,724
12.09.2026 08:00;0,8;0,100000001;0,699999988;18,484
12.09.2026 09:00;0,7;0,100000001;0,600000024;20,418
12.09.2026 10:00;0,6;0,100000001;0,5;21,852
12.09.2026 11:00;0,6;0,100000001;0,5;23,02
12.09.2026 12:00;0,5;0,100000001;0,400000006;23,924
12.09.2026 13:00;0,5;0,100000001;0,400000006;24,208
12.09.2026 14:00;0,5;0,100000001;0,400000006;24,134
12.09.2026 15:00;0,5;0,100000001;0,400000006;23,775
12.09.2026 16:00;0,5;0,100000001;0,400000006;22,861
12.09.2026 17:00;0,7;0,100000001;0,600000024;19,913
12.09.2026 18:00;0,7;0,100000001;0,600000024;17,567
12.09.2026 19:00;0,9;0,100000001;0,800000012;17,003
12.09.2026 20:00;0,9;0,100000001;0,800000012;16,817
12.09.2026 21:00;0,9;0,100000001;0,800000012;16,975
12.09.2026 22:00;0,5;0;0,5;16,894
12.09.2026 23:00;0,3;0;0,300000012;16,453
13.09.2026 00:00;0,2;0;0,200000003;15,816
13.09.2026 01:00;0,1;0;0,100000001;15,224
13.09.2026 02:00;0;0;0;14,82
13.09.2026 03:00;0;0;0;14,615
13.09.2026 04:00;0,1;0;0,100000001;14,497
13.09.2026 05:00;0,4;0,100000001;0,300000012;14,76
13.09.2026 06:00;0,9;0,100000001;0,800000012;15,775
13.09.2026 07:00;0,9;0,100000001;0,800000012;17,177
13.09.2026 08:00;0,8;0,100000001;0,699999988;19,141
13.09.2026 09:00;0,7;0,100000001;0,600000024;20,803
13.09.2026 10:00;0,7;0,100000001;0,600000024;21,629
13.09.2026 11:00;0,6;0,100000001;0,5;21,812
13.09.2026 12:00;0,6;0,100000001;0,5;21,72
13.09.2026 13:00;0,5;0,100000001;0,400000006;21,503
13.09.2026 14:00;0,5;0,100000001;0,400000006;21,164
13.09.2026 15:00;0,5;0,100000001;0,400000006;20,662
13.09.2026 16:00;0,5;0,100000001;0,400000006;19,989
13.09.2026 17:00;0,7;0,100000001;0,600000024;18,521
13.09.2026 18:00;0,7;0,100000001;0,600000024;17,061
13.09.2026 19:00;1,1;0,300000012;0,800000012;16,164
13.09.2026 20:00;1,1;0,300000012;0,800000012;15,339
13.09.2026 21:00;1,3;0,5;0,800000012;14,355
13.09.2026 22:00;0,8;0,400000006;0,400000006;13,031
13.09.2026 23:00;0,9;0,600000024;0,300000012;12,154
14.09.2026 00:00;1,4;1,200000048;0,200000003;11,481
14.09.2026 01:00;1,5;1,399999976;0,100000001;10,888
14.09.2026 02:00;1,4;1,399999976;0;10,303
14.09.2026 03:00;1,7;1,700000048;0;9,722
14.09.2026 04:00;2,3;2,200000048;0,100000001;9,129
14.09.2026 05:00;2,6;2,299999952;0,300000012;9,27
14.09.2026 06:00;3,5;2,700000048;0,800000012;11,531
14.09.2026 07:00;2,6;1,799999952;0,800000012;14,446
14.09.2026 08:00;1,8;1,100000024;0,699999988;17,873
14.09.2026 09:00;1,4;0,800000012;0,600000024;19,62
14.09.2026 10:00;1,3;0,800000012;0,5;20,964
14.09.2026 11:00;1,1;0,699999988;0,400000006;22,057
14.09.2026 12:00;1,1;0,699999988;0,400000006;22,772
14.09.2026 13:00;1,1;0,699999988;0,400000006;23,123
14.09.2026 14:00;1;0,600000024;0,400000006;23,057
14.09.2026 15:00;1,1;0,699999988;0,400000006;22,628
14.09.2026 16:00;1,1;0,699999988;0,400000006;21,269
14.09.2026 17:00;1,4;0,800000012;0,600000024;17,367
14.09.2026 18:00;1,7;1,100000024;0,600000024;14,917
14.09.2026 19:00;2,4;1,600000024;0,800000012;13,95
14.09.2026 20:00;3;2,099999905;0,899999976;13,453
14.09.2026 21:00;3;2,200000048;0,800000012;12,978
14.09.2026 22:00;1,8;1,299999952;0,5;12,418
14.09.2026 23:00;1,9;1,600000024;0,300000012;11,677
15.09.2026 00:00;2;1,799999952;0,200000003;10,987
15.09.2026 01:00;2;1,799999952;0,100000001;10,529
15.09.2026 02:00;2,1;2;0,100000001;10,196
15.09.2026 03:00;1,8;1,799999952;0;9,847
15.09.2026 04:00;2,5;2,400000095;0,100000001;9,424
15.09.2026 05:00;2,7;2,599999905;0,100000001;9,642
15.09.2026 06:00;3,1;3;0,100000001;13,018
15.09.2026 07:00;2;1,799999952;0,200000003;15,635
15.09.2026 08:00;1,4;0,899999976;0,5;19,23
15.09.2026 09:00;1,7;0,800000012;0,899999976;21,396
15.09.2026 10:00;1,6;0,699999988;0,899999976;22,836
15.09.2026 11:00;1,7;0,699999988;1;24,088
15.09.2026 12:00;1,6;0,699999988;0,800000012;24,967
15.09.2026 13:00;1,4;0,699999988;0,699999988;25,227
15.09.2026 14:00;1,2;0,600000024;0,600000024;25
15.09.2026 15:00;1,2;0,699999988;0,5;24,379
15.09.2026 16:00;1,2;0,699999988;0,5;22,626
15.09.2026 17:00;1,4;0,800000012;0,600000024;18,401
15.09.2026 18:00;1,5;0,899999976;0,600000024;16,252
15.09.2026 19:00;1,5;0,899999976;0,600000024;15,565
15.09.2026 20:00;1,9;1,200000048;0,699999988;15,188
15.09.2026 21:00;2;1,5;0,5;14,824
15.09.2026 22:00;1,5;1,100000024;0,400000006;14,369
15.09.2026 23:00;1,3;1;0,300000012;14,103
16.09.2026 00:00;1,1;0,899999976;0,200000003;14,033
16.09.2026 01:00;1,1;1;0,100000001;14,223
16.09.2026 02:00;1,3;1,200000048;0,100000001;14,503
16.09.2026 03:00;1,4;1,399999976;0;14,503
16.09.2026 04:00;1,6;1,5;0,100000001;14,186
16.09.2026 05:00;1,6;1,600000024;0,100000001;13,953
16.09.2026 06:00;1,9;1,799999952;0,100000001;14,809
16.09.2026 07:00;1,9;1,700000048;0,200000003;16,425
16.09.2026 08:00;1,7;1,200000048;0,5;18,306
16.09.2026 09:00;2;1;1;19,708
16.09.2026 10:00;1,7;0,699999988;1;20,633
16.09.2026 11:00;1,5;0,600000024;0,899999976;21,168
16.09.2026 12:00;1,6;0,699999988;0,899999976;21,208
16.09.2026 13:00;1,3;0,600000024;0,699999988;20,846
16.09.2026 14:00;1,2;0,600000024;0,600000024;19,967
16.09.2026 15:00;1,1;0,600000024;0,5;18,854
16.09.2026 16:00;1,7;1,200000048;0,5;17,695
16.09.2026 17:00;1,7;1,200000048;0,600000024;16,245
16.09.2026 18:00;1,8;1,200000048;0,600000024;14,949
16.09.2026 19:00;2;1,399999976;0,600000024;13,987
16.09.2026 20:00;2,5;1,799999952;0,699999988;13,106
16.09.2026 21:00;2,3;1,700000048;0,600000024;12,416
16.09.2026 22:00;1,5;1,100000024;0,400000006;11,851
16.09.2026 23:00;1,3;1;0,300000012;11,116
17.09.2026 00:00;1,1;0,899999976;0,200000003;10,251
17.09.2026 01:00;1,1;1;0,100000001;9,654
17.09.2026 02:00;1,1;1,100000024;0;9,097
17.09.2026 03:00;0,9;0,899999976;0;8,61
17.09.2026 04:00;1,4;1,299999952;0,100000001;8,22
17.09.2026 05:00;2;1,700000048;0,300000012;8,354
17.09.2026 06:00;3,3;2,400000095;0,800000012;10,582
17.09.2026 07:00;2,6;1,799999952;0,800000012;12,721
17.09.2026 08:00;2,2;1,5;0,699999988;14,854
17.09.2026 09:00;1,8;1,200000048;0,600000024;16,407
17.09.2026 10:00;1,7;1,200000048;0,5;17,55
17.09.2026 11:00;1,3;0,800000012;0,5;18,406
17.09.2026 12:00;1,3;0,800000012;0,5;18,937
17.09.2026 13:00;1,2;0,800000012;0,400000006;19,049
17.09.2026 14:00;1,2;0,800000012;0,400000006;18,73
17.09.2026 15:00;1,1;0,699999988;0,400000006;17,986
17.09.2026 16:00;1,2;0,800000012;0,400000006;16,586
17.09.2026 17:00;1,7;1,100000024;0,600000024;14,525
17.09.2026 18:00;2,4;1,799999952;0,600000024;12,522
17.09.2026 19:00;2,9;2,099999905;0,800000012;10,977
17.09.2026 20:00;3,2;2,400000095;0,800000012;9,649
17.09.2026 21:00;3,5;2,700000048;0,800000012;8,64
17.09.2026 22:00;2,5;2,099999905;0,400000006;7,889
17.09.2026 23:00;2,6;2,299999952;0,300000012;7,313
18.09.2026 00:00;2,6;2,400000095;0,200000003;6,838
18.09.2026 01:00;2,6;2,5;0,100000001;6,453
18.09.2026 02:00;2,5;2,5;0;6,159
18.09.2026 03:00;3;3;0;5,983
18.09.2026 04:00;3,4;3,299999952;0,100000001;5,78
18.09.2026 05:00;4;3,700000048;0,300000012;6,051
18.09.2026 06:00;5,3;4,5;0,800000012;8,006
18.09.2026 07:00;4,7;3,900000095;0,800000012;10,503
18.09.2026 08:00;3,6;2,900000095;0,699999988;13,681
18.09.2026 09:00;2,5;2;0,5;15,233
18.09.2026 10:00;2,6;2,099999905;0,5;16,464
18.09.2026 11:00;2,4;1,799999952;0,5;17,447
18.09.2026 12:00;2,2;1,700000048;0,5;18,055
18.09.2026 13:00;1,7;1,299999952;0,400000006;18,248
18.09.2026 14:00;1,7;1,299999952;0,400000006;17,97
18.09.2026 15:00;2,1;1,700000048;0,400000006;17,265
18.09.2026 16:00;2,1;1,700000048;0,400000006;16,067
18.09.2026 17:00;2,6;2,099999905;0,5;13,481
18.09.2026 18:00;3,2;2,599999905;0,600000024;11,99
18.09.2026 19:00;3,8;3;0,800000012;11,529
18.09.2026 20:00;4,6;3,700000048;0,899999976;10,832
18.09.2026 21:00;4,6;3,799999952;0,800000012;9,861
18.09.2026 22:00;3,2;2,700000048;0,5;8,82
18.09.2026 23:00;2,8;2,5;0,300000012;8,436
19.09.2026 00:00;2,5;2,299999952;0,200000003;8,164
19.09.2026 01:00;3;2,900000095;0,100000001;7,418
19.09.2026 02:00;3,1;3,099999905;0;6,49
19.09.2026 03:00;2,9;2,900000095;0;5,972
19.09.2026 04:00;3,6;3,5;0,100000001;5,497
19.09.2026 05:00;4,6;4,300000191;0,300000012;5,427
19.09.2026 06:00;6,5;5,599999905;0,800000012;7,724
19.09.2026 07:00;5;4,199999809;0,800000012;10,558
19.09.2026 08:00;3,7;3;0,699999988;13,347
19.09.2026 09:00;3,2;2,599999905;0,600000024;14,757
19.09.2026 10:00;2,6;2,099999905;0,5;15,932
19.09.2026 11:00;2,1;1,700000048;0,400000006;16,885
19.09.2026 12:00;1,8;1,399999976;0,400000006;17,558
19.09.2026 13:00;1,9;1,5;0,400000006;17,889
19.09.2026 14:00;1,8;1,399999976;0,400000006;17,756
19.09.2026 15:00;1,9;1,5;0,400000006;17,209
19.09.2026 16:00;2,3;1,799999952;0,400000006;15,974
19.09.2026 17:00;2,6;2,099999905;0,5;12,226
19.09.2026 18:00;3,3;2,700000048;0,600000024;10,418
19.09.2026 19:00;4,5;3,700000048;0,800000012;9,66
19.09.2026 20:00;4,7;3,900000095;0,800000012;8,98
19.09.2026 21:00;4,8;4;0,800000012;8,405
19.09.2026 22:00;3,2;2,799999952;0,400000006;7,916
19.09.2026 23:00;2,9;2,700000048;0,200000003;7,485
20.09.2026 00:00;2,9;2,700000048;0,200000003;7,137
20.09.2026 01:00;3;2,900000095;0,100000001;6,852
20.09.2026 02:00;2,8;2,799999952;0;6,598
20.09.2026 03:00;3,2;3,200000048;0;6,268
20.09.2026 04:00;3,6;3,5;0,100000001;5,81
20.09.2026 05:00;4,3;4;0,300000012;5,58
20.09.2026 06:00;5,9;5,099999905;0,800000012;8,345
20.09.2026 07:00;5;4,199999809;0,800000012;10,722
20.09.2026 08:00;3,4;2,700000048;0,699999988;14,438
20.09.2026 09:00;2,5;1,899999976;0,600000024;16,391
20.09.2026 10:00;2,2;1,700000048;0,5;17,806
20.09.2026 11:00;1,8;1,299999952;0,5;19,02
20.09.2026 12:00;1,9;1,399999976;0,5;19,955
20.09.2026 13:00;1,6;1,200000048;0,400000006;20,522
20.09.2026 14:00;1,6;1,200000048;0,400000006;20,611
20.09.2026 15:00;1,8;1,399999976;0,400000006;20,232
20.09.2026 16:00;1,8;1,399999976;0,400000006;18,643
20.09.2026 17:00;2,1;1,600000024;0,5;14,549
20.09.2026 18:00;2,9;2,200000048;0,699999988;12,814
20.09.2026 19:00;3,7;2,900000095;0,800000012;12,066
20.09.2026 20:00;3,8;2,900000095;0,800000012;11,44
20.09.2026 21:00;3,5;2,700000048;0,800000012;10,923
20.09.2026 22:00;2,3;1,799999952;0,5;10,485
20.09.2026 23:00;2,4;2,099999905;0,300000012;10,068
21.09.2026 00:00;2,7;2,400000095;0,200000003;9,651
21.09.2026 01:00;1,6;1,5;0,100000001;9,166
21.09.2026 02:00;1,8;1,799999952;0;8,763
21.09.2026 03:00;2,1;2,099999905;0;8,416
21.09.2026 04:00;2,4;2,299999952;0,100000001;8,067
21.09.2026 05:00;2,6;2,400000095;0,300000012;7,909
21.09.2026 06:00;3,4;2,5;0,800000012;9,488
21.09.2026 07:00;2,8;1,899999976;0,800000012;12,224
21.09.2026 08:00;1,9;1,200000048;0,699999988;16,188
21.09.2026 09:00;1,4;0,800000012;0,600000024;18,998
21.09.2026 10:00;1,3;0,800000012;0,5;21,036
21.09.2026 11:00;1,2;0,699999988;0,5;22,627
21.09.2026 12:00;1,2;0,699999988;0,5;23,815
21.09.2026 13:00;1,1;0,699999988;0,400000006;24,489
21.09.2026 14:00;1;0,600000024;0,400000006;24,562
21.09.2026 15:00;1,1;0,699999988;0,400000006;23,912
21.09.2026 16:00;1,2;0,800000012;0,400000006;21,505
21.09.2026 17:00;1,4;0,800000012;0,600000024;17,021
21.09.2026 18:00;1,5;0,800000012;0,600000024;15,44
21.09.2026 19:00;1,7;0,899999976;0,800000012;14,764
21.09.2026 20:00;1,9;1;0,800000012;14,177
21.09.2026 21:00;2,8;2;0,800000012;13,742
21.09.2026 22:00;1,5;1,100000024;0,400000006;13,471
21.09.2026 23:00;0,9;0,600000024;0,300000012;13,105
22.09.2026 00:00;1,2;1;0,200000003;12,56
22.09.2026 01:00;1,4;1,299999952;0,100000001;12,012
22.09.2026 02:00;0,9;0,800000012;0,100000001;11,525
22.09.2026 03:00;0,6;0,600000024;0;11,103
22.09.2026 04:00;0,8;0,699999988;0,100000001;10,771
22.09.2026 05:00;1;0,899999976;0,100000001;10,639
22.09.2026 06:00;1,2;1,100000024;0,100000001;12,179
22.09.2026 07:00;0,6;0,400000006;0,200000003;15,159
22.09.2026 08:00;0,8;0,300000012;0,5;19,057
22.09.2026 09:00;1,2;0,300000012;0,899999976;22,034
22.09.2026 10:00;1,2;0,300000012;0,899999976;23,721
22.09.2026 11:00;1,3;0,300000012;1;24,438
22.09.2026 12:00;1,1;0,200000003;0,899999976;24,688
22.09.2026 13:00;0,9;0,200000003;0,699999988;24,593
22.09.2026 14:00;0,8;0,200000003;0,600000024;23,974
22.09.2026 15:00;0,9;0,300000012;0,600000024;22,877
22.09.2026 16:00;0,8;0,300000012;0,5;21,457
22.09.2026 17:00;0,9;0,300000012;0,600000024;19,516
22.09.2026 18:00;0,9;0,300000012;0,600000024;18,628
22.09.2026 19:00;0,9;0,300000012;0,600000024;18,164
22.09.2026 20:00;1,1;0,400000006;0,699999988;17,779
22.09.2026 21:00;0,8;0,300000012;0,5;17,386
22.09.2026 22:00;0,5;0,100000001;0,400000006;16,685
22.09.2026 23:00;0,5;0,200000003;0,300000012;15,672
23.09.2026 00:00;0,4;0,200000003;0,200000003;14,661
23.09.2026 01:00;0,6;0,5;0,100000001;13,925
23.09.2026 02:00;0,6;0,5;0,100000001;13,514
23.09.2026 03:00;0,5;0,5;0;13,316
23.09.2026 04:00;0,7;0,600000024;0,100000001;13,233
23.09.2026 05:00;1,1;1;0,100000001;13,063
23.09.2026 06:00;1,4;1,299999952;0,100000001;13,466
23.09.2026 07:00;1,5;1,299999952;0,200000003;14,014
23.09.2026 08:00;1,5;1;0,5;14,758
23.09.2026 09:00;1,6;0,699999988;0,899999976;15,833
23.09.2026 10:00;1,5;0,5;1;17,169
23.09.2026 11:00;1,4;0,400000006;1;18,829
23.09.2026 12:00;1,3;0,400000006;0,899999976;20,083
23.09.2026 13:00;1,1;0,400000006;0,699999988;20,621
23.09.2026 14:00;1;0,400000006;0,600000024;20,533
23.09.2026 15:00;0,9;0,400000006;0,5;19,963
23.09.2026 16:00;0,9;0,400000006;0,5;18,589
23.09.2026 17:00;1,1;0,5;0,600000024;16,241
23.09.2026 18:00;1,7;1,200000048;0,600000024;15,296
23.09.2026 19:00;1,9;1,200000048;0,699999988;14,675
23.09.2026 20:00;1,8;1,200000048;0,600000024;13,963
23.09.2026 21:00;1,6;1,100000024;0,5;13,181
23.09.2026 22:00;1,3;0,800000012;0,5;12,661
23.09.2026 23:00;1,2;0,899999976;0,300000012;12,307
24.09.2026 00:00;1,1;0,899999976;0,200000003;12,115
24.09.2026 01:00;1;0,899999976;0,100000001;12,185
24.09.2026 02:00;1;1;0;11,916
24.09.2026 03:00;1,2;1,200000048;0;11,52
24.09.2026 04:00;1,5;1,399999976;0,100000001;11,13
24.09.2026 05:00;1,8;1,5;0,300000012;11,121
24.09.2026 06:00;2,5;1,700000048;0,800000012;11,855
24.09.2026 07:00;2,4;1,600000024;0,899999976;13,193
24.09.2026 08:00;1,6;0,899999976;0,699999988;15,464
24.09.2026 09:00;1,2;0,600000024;0,600000024;17,656
24.09.2026 10:00;1,1;0,600000024;0,5;18,923
24.09.2026 11:00;0,9;0,5;0,400000006;19,36
24.09.2026 12:00;0,9;0,5;0,400000006;19,251
24.09.2026 13:00;0,9;0,5;0,400000006;18,326
24.09.2026 14:00;0,9;0,5;0,400000006;17,16
24.09.2026 15:00;0,9;0,5;0,400000006;16,518
24.09.2026 16:00;1,1;0,699999988;0,400000006;15,693
24.09.2026 17:00;1,5;1;0,5;14,466
24.09.2026 18:00;1,8;1,200000048;0,699999988;13,777
24.09.2026 19:00;2;1,200000048;0,800000012;13,371
24.09.2026 20:00;2,3;1,399999976;0,899999976;13,172
24.09.2026 21:00;2,3;1,399999976;0,800000012;13,056
24.09.2026 22:00;1,6;1,100000024;0,5;12,991
24.09.2026 23:00;1;0,800000012;0,200000003;12,983
25.09.2026 00:00;1,1;0,800000012;0,200000003;13,086
25.09.2026 01:00;0,8;0,699999988;0,100000001;13,056
25.09.2026 02:00;0,7;0,699999988;0;12,813
25.09.2026 03:00;0,7;0,699999988;0;12,348
25.09.2026 04:00;1,1;1;0,100000001;11,757
25.09.2026 05:00;1,5;1,200000048;0,300000012;11,4
25.09.2026 06:00;2,2;1,399999976;0,800000012;12,268
25.09.2026 07:00;1,9;1;0,899999976;13,662
25.09.2026 08:00;1,4;0,699999988;0,699999988;15,409
25.09.2026 09:00;1;0,400000006;0,600000024;16,65
25.09.2026 10:00;0,9;0,400000006;0,5;17,46
25.09.2026 11:00;0,9;0,400000006;0,5;18,245
25.09.2026 12:00;0,9;0,400000006;0,5;18,866
25.09.2026 13:00;0,7;0,300000012;0,400000006;19,323
25.09.2026 14:00;0,7;0,300000012;0,400000006;19,348
25.09.2026 15:00;0,7;0,400000006;0,400000006;18,627
25.09.2026 16:00;0,8;0,400000006;0,400000006;17,251
25.09.2026 17:00;1,2;0,600000024;0,600000024;15,469
25.09.2026 18:00;1,3;0,699999988;0,600000024;14,629
25.09.2026 19:00;1,5;0,699999988;0,800000012;14,101
25.09.2026 20:00;1,8;1;0,899999976;13,811
25.09.2026 21:00;1,6;0,800000012;0,800000012;13,702
25.09.2026 22:00;0,9;0,5;0,400000006;13,412
25.09.2026 23:00;1;0,699999988;0,300000012;13,333
26.09.2026 00:00;0,8;0,600000024;0,200000003;13,151
26.09.2026 01:00;0,5;0,400000006;0,100000001;12,687
26.09.2026 02:00;0,4;0,400000006;0;12,399
26.09.2026 03:00;0,5;0,5;0;12,26
26.09.2026 04:00;0,8;0,699999988;0,100000001;12,22
26.09.2026 05:00;1,1;0,800000012;0,300000012;12,144
26.09.2026 06:00;1,7;0,800000012;0,800000012;12,551
26.09.2026 07:00;1,7;0,899999976;0,800000012;13,64
26.09.2026 08:00;1,3;0,600000024;0,699999988;15,395
26.09.2026 09:00;1;0,400000006;0,600000024;16,842
26.09.2026 10:00;0,7;0,200000003;0,5;17,942
26.09.2026 11:00;0,8;0,200000003;0,600000024;18,705
26.09.2026 12:00;0,6;0,200000003;0,400000006;18,695
26.09.2026 13:00;0,6;0,200000003;0,400000006;18,423
26.09.2026 14:00;0,6;0,200000003;0,400000006;18,603
26.09.2026 15:00;0,6;0,200000003;0,400000006;19,011
26.09.2026 16:00;0,6;0,200000003;0,400000006;18,568
26.09.2026 17:00;0,8;0,200000003;0,600000024;17,169
26.09.2026 18:00;0,8;0,200000003;0,600000024;16,634
26.09.2026 19:00;1,1;0,300000012;0,800000012;15,993
26.09.2026 20:00;1,2;0,300000012;0,899999976;15,6
26.09.2026 21:00;1,1;0,300000012;0,800000012;15,242
26.09.2026 22:00;0,6;0,100000001;0,5;14,978
26.09.2026 23:00;0,2;0;0,200000003;14,738
27.09.2026 00:00;0,7;0,5;0,200000003;14,493
27.09.2026 01:00;0,8;0,699999988;0,100000001;14,266
27.09.2026 02:00;0,8;0,800000012;0;14,081
27.09.2026 03:00;0,7;0,699999988;0;13,772
27.09.2026 04:00;1,1;1;0,100000001;13,385
27.09.2026 05:00;1,5;1,200000048;0,300000012;12,937
27.09.2026 06:00;2,2;1,399999976;0,800000012;13,429
27.09.2026 07:00;2,2;1,299999952;0,899999976;14,483
27.09.2026 08:00;1,7;0,899999976;0,800000012;15,781
27.09.2026 09:00;1,3;0,699999988;0,600000024;17,619
27.09.2026 10:00;0,9;0,400000006;0,5;18,952
27.09.2026 11:00;0,9;0,400000006;0,5;19,67
27.09.2026 12:00;0,9;0,400000006;0,5;20,037
27.09.2026 13:00;0,9;0,400000006;0,5;20,108
27.09.2026 14:00;0,8;0,400000006;0,400000006;19,907
27.09.2026 15:00;0,8;0,400000006;0,400000006;19,369
27.09.2026 16:00;0,8;0,400000006;0,400000006;18,114
27.09.2026 17:00;1;0,400000006;0,600000024;15,704
27.09.2026 18:00;1,5;0,899999976;0,600000024;14,942
27.09.2026 19:00;1,6;0,800000012;0,800000012;14,539
27.09.2026 20:00;1,7;0,899999976;0,800000012;14,083
27.09.2026 21:00;1,7;0,899999976;0,800000012;13,746
27.09.2026 22:00;1,3;1;0,400000006;13,355
27.09.2026 23:00;1;0,699999988;0,300000012;13,152
28.09.2026 00:00;0,9;0,699999988;0,200000003;12,941
28.09.2026 01:00;1;0,899999976;0,100000001;12,651
28.09.2026 02:00;1,1;1,100000024;0;12,528
28.09.2026 03:00;0,7;0,699999988;0;12,476
28.09.2026 04:00;0,8;0,699999988;0,100000001;12,522
28.09.2026 05:00;1,5;1,200000048;0,300000012;12,406
28.09.2026 06:00;2,3;1,399999976;0,899999976;12,946
28.09.2026 07:00;2;1,100000024;0,899999976;13,987
28.09.2026 08:00;1,5;0,699999988;0,800000012;15,142
28.09.2026 09:00;1,3;0,699999988;0,600000024;16,557
28.09.2026 10:00;1;0,400000006;0,600000024;17,646
28.09.2026 11:00;0,8;0,400000006;0,400000006;18,32
28.09.2026 12:00;0,9;0,400000006;0,5;18,458
28.09.2026 13:00;0,8;0,400000006;0,400000006;18,019
28.09.2026 14:00;0,8;0,400000006;0,400000006;17,533
28.09.2026 15:00;0,8;0,400000006;0,400000006;16,97
28.09.2026 16:00;0,8;0,400000006;0,400000006;16,132
28.09.2026 17:00;1,1;0,600000024;0,5;14,846
28.09.2026 18:00;1,6;1;0,600000024;14,134
28.09.2026 19:00;1,6;0,899999976;0,699999988;13,546
28.09.2026 20:00;1,7;0,899999976;0,800000012;12,88
28.09.2026 21:00;1,7;0,899999976;0,800000012;12,538
28.09.2026 22:00;1,1;0,600000024;0,5;12,59
28.09.2026 23:00;0,8;0,5;0,300000012;12,626
29.09.2026 00:00;0,9;0,699999988;0,200000003;12,577
29.09.2026 01:00;0,7;0,600000024;0,100000001;12,397
29.09.2026 02:00;0,6;0,5;0,100000001;12,066
29.09.2026 03:00;0,5;0,5;0;11,643
29.09.2026 04:00;0,8;0,699999988;0,100000001;11,412
29.09.2026 05:00;1;0,899999976;0,100000001;11,726
29.09.2026 06:00;0,9;0,800000012;0,100000001;12,436
29.09.2026 07:00;0,8;0,600000024;0,200000003;13,293
29.09.2026 08:00;0,9;0,5;0,400000006;14,632
29.09.2026 09:00;1,4;0,5;0,899999976;16,557
29.09.2026 10:00;1,6;0,699999988;1;17,429
29.09.2026 11:00;1,3;0,400000006;0,899999976;17,506
29.09.2026 12:00;1;0,200000003;0,800000012;17,757
29.09.2026 13:00;0,9;0,200000003;0,699999988;18,371
29.09.2026 14:00;0,8;0,200000003;0,600000024;18,766
29.09.2026 15:00;0,7;0,200000003;0,5;18,295
29.09.2026 16:00;0,8;0,300000012;0,5;17,486
29.09.2026 17:00;0,9;0,300000012;0,600000024;16,858
29.09.2026 18:00;0,9;0,300000012;0,600000024;16,701
29.09.2026 19:00;1;0,300000012;0,699999988;16,529
29.09.2026 20:00;1,1;0,5;0,600000024;15,839
29.09.2026 21:00;0,8;0,300000012;0,5;14,837
29.09.2026 22:00;0,7;0,300000012;0,400000006;14,36
29.09.2026 23:00;0,6;0,300000012;0,300000012;14,416
30.09.2026 00:00;0,5;0,300000012;0,200000003;14,279
30.09.2026 01:00;0,6;0,5;0,100000001;13,273
30.09.2026 02:00;0,7;0,600000024;0,100000001;12,404
30.09.2026 03:00;0,7;0,699999988;0;12,048
30.09.2026 04:00;0,9;0,800000012;0,100000001;11,844
30.09.2026 05:00;1,2;1,100000024;0,100000001;11,629
30.09.2026 06:00;1,6;1,5;0,100000001;11,712
30.09.2026 07:00;1,7;1,5;0,200000003;12,4
30.09.2026 08:00;1,6;1,200000048;0,400000006;13,533
30.09.2026 09:00;1,9;1;0,899999976;14,984
30.09.2026 10:00;1,8;0,800000012;1;16,088
30.09.2026 11:00;1,6;0,600000024;1;16,91
30.09.2026 12:00;1,4;0,5;0,899999976;17,564
30.09.2026 13:00;1,2;0,5;0,699999988;17,896
30.09.2026 14:00;1,1;0,5;0,600000024;17,878
30.09.2026 15:00;1;0,5;0,5;17,402
30.09.2026 16:00;1;0,5;0,5;16,037
30.09.2026 17:00;1,4;0,800000012;0,600000024;13,591
30.09.2026 18:00;1,7;1,100000024;0,600000024;13,124
30.09.2026 19:00;2;1,299999952;0,699999988;12,793
30.09.2026 20:00;2;1,299999952;0,699999988;12,744
30.09.2026 21:00;2,2;1,600000024;0,600000024;12,749
30.09.2026 22:00;1,7;1,299999952;0,400000006;12,642
30.09.2026 23:00;1,8;1,5;0,300000012;12,864
01.10.2026 00:00;1,9;1,700000048;0,200000003;12,656
01.10.2026 01:00;1,9;1,799999952;0,100000001;12,407
01.10.2026 02:00;1,7;1,700000048;0;12,231
01.10.2026 03:00;1,8;1,799999952;0;12,211
01.10.2026 04:00;2;1,899999976;0,100000001;12,1
01.10.2026 05:00;2,5;2,200000048;0,300000012;12,273
01.10.2026 06:00;3,9;3,099999905;0,800000012;13,037
01.10.2026 07:00;3,3;2,5;0,800000012;14,323
01.10.2026 08:00;2,5;1,799999952;0,699999988;15,375
01.10.2026 09:00;2;1,399999976;0,600000024;15,828
01.10.2026 10:00;1,9;1,399999976;0,5;16,666
01.10.2026 11:00;1,4;0,899999976;0,5;18,427
01.10.2026 12:00;1,4;0,800000012;0,5;19,453
01.10.2026 13:00;1,4;0,899999976;0,5;19,384
01.10.2026 14:00;1,2;0,800000012;0,400000006;18,704
01.10.2026 15:00;1,2;0,800000012;0,400000006;17,671
01.10.2026 16:00;1,6;1,100000024;0,5;16,61
01.10.2026 17:00;1,8;1,299999952;0,5;15,364
01.10.2026 18:00;2,2;1,600000024;0,600000024;14,552
01.10.2026 19:00;2,2;1,600000024;0,699999988;14,052
01.10.2026 20:00;2,7;1,799999952;0,899999976;13,685
01.10.2026 21:00;2,5;1,700000048;0,800000012;13,457
01.10.2026 22:00;1,6;1,100000024;0,5;13,541
01.10.2026 23:00;1,5;1,200000048;0,300000012;13,498
02.10.2026 00:00;1,3;1,100000024;0,200000003;13,373
02.10.2026 01:00;1,2;1,100000024;0,100000001;12,999
02.10.2026 02:00;1,1;1,100000024;0;12,135
02.10.2026 03:00;1;1;0;10,45
02.10.2026 04:00;1,3;1,200000048;0,100000001;8,745
02.10.2026 05:00;1,8;1,5;0,300000012;7,839
02.10.2026 06:00;2,4;1,600000024;0,800000012;7,74
02.10.2026 07:00;2,4;1,5;0,899999976;8,736
02.10.2026 08:00;1,7;1;0,699999988;10,451
02.10.2026 09:00;1,3;0,699999988;0,600000024;12,055
02.10.2026 10:00;0,9;0,400000006;0,5;13,107
02.10.2026 11:00;1,1;0,600000024;0,5;13,647
02.10.2026 12:00;0,9;0,400000006;0,5;13,791
02.10.2026 13:00;0,8;0,400000006;0,400000006;13,518
02.10.2026 14:00;0,8;0,400000006;0,400000006;12,921
02.10.2026 15:00;0,8;0,400000006;0,400000006;12,267
02.10.2026 16:00;0,8;0,400000006;0,400000006;11,251
02.10.2026 17:00;0,9;0,400000006;0,5;9,647
02.10.2026 18:00;1,1;0,5;0,600000024;8,665
02.10.2026 19:00;1,3;0,5;0,800000012;7,958
02.10.2026 20:00;1,3;0,5;0,800000012;7,627
02.10.2026 21:00;1,3;0,5;0,800000012;7,651
02.10.2026 22:00;0,7;0,200000003;0,5;7,832
02.10.2026 23:00;0,4;0,100000001;0,300000012;7,957
03.10.2026 00:00;0,3;0,100000001;0,200000003;7,906
03.10.2026 01:00;0,2;0,100000001;0,100000001;7,681
03.10.2026 02:00;0,2;0,100000001;0,100000001;7,473
03.10.2026 03:00;0,1;0,100000001;0;7,27
03.10.2026 04:00;0,2;0,100000001;0,100000001;7,157
03.10.2026 05:00;0,5;0,400000006;0,100000001;7,113
03.10.2026 06:00;0,8;0,699999988;0,100000001;7,438
03.10.2026 07:00;0,8;0,600000024;0,200000003;8,679
03.10.2026 08:00;1;0,5;0,5;10,448
03.10.2026 09:00;1,3;0,400000006;0,899999976;11,934
03.10.2026 10:00;1,4;0,400000006;1;13,076
03.10.2026 11:00;1,4;0,400000006;1;13,64
03.10.2026 12:00;1,3;0,400000006;0,899999976;13,433
03.10.2026 13:00;1;0,400000006;0,699999988;12,953
03.10.2026 14:00;0,9;0,400000006;0,600000024;12,722
03.10.2026 15:00;1;0,400000006;0,600000024;12,394
03.10.2026 16:00;1,7;1,100000024;0,600000024;11,544
03.10.2026 17:00;1,8;1,200000048;0,600000024;10,266
03.10.2026 18:00;1,9;1,299999952;0,600000024;9,858
03.10.2026 19:00;2,3;1,600000024;0,699999988;9,497
03.10.2026 20:00;2;1,399999976;0,600000024;9,149
03.10.2026 21:00;2,2;1,600000024;0,600000024;8,657
03.10.2026 22:00;1,8;1,399999976;0,400000006;7,903
03.10.2026 23:00;1,6;1,299999952;0,300000012;7,437
04.10.2026 00:00;1,6;1,399999976;0,200000003;7,161
04.10.2026 01:00;1,5;1,399999976;0,100000001;7,422
04.10.2026 02:00;1,3;1,299999952;0;7,528
04.10.2026 03:00;1,3;1,299999952;0;7,075
04.10.2026 04:00;1,6;1,5;0,100000001;6,938
04.10.2026 05:00;2,3;2;0,300000012;6,946
04.10.2026 06:00;3,7;2,799999952;0,899999976;7,073
04.10.2026 07:00;3,1;2,299999952;0,800000012;7,294
04.10.2026 08:00;2,7;1,899999976;0,800000012;7,68
04.10.2026 09:00;2,1;1,5;0,600000024;8,071
04.10.2026 10:00;1,8;1,299999952;0,5;9,124
04.10.2026 11:00;1,4;0,899999976;0,5;10,913
04.10.2026 12:00;1,3;0,800000012;0,5;12,916
04.10.2026 13:00;1,2;0,800000012;0,400000006;14,335
04.10.2026 14:00;1,2;0,800000012;0,400000006;14,711
04.10.2026 15:00;1,3;0,899999976;0,400000006;14,057
04.10.2026 16:00;1,5;1,100000024;0,400000006;12,778
04.10.2026 17:00;2,4;1,799999952;0,600000024;11,732
04.10.2026 18:00;2,5;1,899999976;0,600000024;11,259
04.10.2026 19:00;3;2,200000048;0,800000012;11
04.10.2026 20:00;3,1;2,200000048;0,899999976;10,933
04.10.2026 21:00;3,4;2,5;0,899999976;10,96
04.10.2026 22:00;2,1;1,600000024;0,5;10,92
04.10.2026 23:00;1,7;1,399999976;0,300000012;10,537
05.10.2026 00:00;1,5;1,299999952;0,200000003;9,738
05.10.2026 01:00;1,7;1,600000024;0,100000001;8,592
05.10.2026 02:00;1,5;1,5;0;7,728
05.10.2026 03:00;1,7;1,700000048;0;7,344
05.10.2026 04:00;1,6;1,5;0,100000001;7,145
05.10.2026 05:00;2,3;2;0,300000012;7,093
05.10.2026 06:00;3,7;2,900000095;0,800000012;7,381
05.10.2026 07:00;3,5;2,599999905;0,899999976;7,999
05.10.2026 08:00;2,9;2,200000048;0,699999988;9,092
05.10.2026 09:00;2,1;1,5;0,600000024;10,607
05.10.2026 10:00;1,6;1;0,600000024;12,143
05.10.2026 11:00;1,5;1;0,5;13,339
05.10.2026 12:00;1,4;0,899999976;0,5;14,121
05.10.2026 13:00;1,4;1;0,5;14,418
05.10.2026 14:00;1,5;1,100000024;0,400000006;14,232
05.10.2026 15:00;1,8;1,399999976;0,400000006;13,564
05.10.2026 16:00;1,8;1,399999976;0,400000006;11,816
05.10.2026 17:00;2,6;2;0,600000024;9,722
05.10.2026 18:00;2,7;2,099999905;0,600000024;8,739
05.10.2026 19:00;3,6;2,700000048;0,899999976;8,146
05.10.2026 20:00;3,6;2,700000048;0,899999976;7,61
05.10.2026 21:00;3,4;2,599999905;0,800000012;7,133
05.10.2026 22:00;1,9;1,5;0,400000006;7,063
05.10.2026 23:00;1,9;1,600000024;0,300000012;6,751
06.10.2026 00:00;1,6;1,399999976;0,200000003;6,355
06.10.2026 01:00;1,7;1,600000024;0,100000001;5,966
06.10.2026 02:00;1,7;1,600000024;0,100000001;5,595
06.10.2026 03:00;1,7;1,700000048;0;5,501
06.10.2026 04:00;2;1,899999976;0,100000001;5,5
06.10.2026 05:00;2,6;2,5;0,100000001;5,647
06.10.2026 06:00;3,2;3,099999905;0,100000001;6,029
06.10.2026 07:00;3,1;2,900000095;0,200000003;6,75
06.10.2026 08:00;3,3;2,799999952;0,5;7,568
06.10.2026 09:00;3,3;2,400000095;0,899999976;8,143
06.10.2026 10:00;3,4;2,400000095;1;8,564
06.10.2026 11:00;3,4;2,400000095;1;8,891
06.10.2026 12:00;3,2;2,299999952;0,899999976;9,232
06.10.2026 13:00;3;2,299999952;0,699999988;9,627
06.10.2026 14:00;2,8;2,200000048;0,600000024;9,785
06.10.2026 15:00;2,7;2,200000048;0,5;9,562
06.10.2026 16:00;3,1;2,5;0,600000024;9,164
06.10.2026 17:00;3,1;2,5;0,600000024;8,693
06.10.2026 18:00;3,3;2,700000048;0,600000024;8,488
06.10.2026 19:00;4;3,200000048;0,800000012;8,23
06.10.2026 20:00;3,6;2,900000095;0,699999988;7,844
06.10.2026 21:00;3,1;2,599999905;0,5;7,77
06.10.2026 22:00;1,9;1,5;0,400000006;7,785
06.10.2026 23:00;1,6;1,299999952;0,300000012;7,714
07.10.2026 00:00;1,4;1,200000048;0,200000003;7,492
07.10.2026 01:00;1,3;1,200000048;0,100000001;7,261
07.10.2026 02:00;1,4;1,299999952;0,100000001;7,018
07.10.2026 03:00;1,3;1,299999952;0;6,711
07.10.2026 04:00;1,6;1,5;0,100000001;6,515
07.10.2026 05:00;2,5;2,400000095;0,100000001;6,265
07.10.2026 06:00;3,7;3,599999905;0,100000001;6,613
07.10.2026 07:00;3,4;3,200000048;0,200000003;7,672
07.10.2026 08:00;2,9;2,400000095;0,5;9,215
07.10.2026 09:00;3,1;2,200000048;0,899999976;10,664
07.10.2026 10:00;2,5;1,600000024;0,899999976;11,847
07.10.2026 11:00;2,5;1,5;1;12,604
07.10.2026 12:00;2,3;1,399999976;0,899999976;12,976
07.10.2026 13:00;2,1;1,399999976;0,699999988;13,05
07.10.2026 14:00;1,9;1,299999952;0,600000024;12,849
07.10.2026 15:00;2;1,399999976;0,600000024;12,399
07.10.2026 16:00;2,1;1,600000024;0,5;11,268
07.10.2026 17:00;2,9;2,400000095;0,600000024;9,893
07.10.2026 18:00;3,5;2,799999952;0,699999988;9,328
07.10.2026 19:00;3,9;3,200000048;0,699999988;9,275
07.10.2026 20:00;4,4;3,700000048;0,699999988;9,36
07.10.2026 21:00;4;3,400000095;0,600000024;9,281
07.10.2026 22:00;2,9;2,5;0,400000006;9,5
07.10.2026 23:00;2,6;2,299999952;0,300000012;9,901
08.10.2026 00:00;2,5;2,299999952;0,200000003;10,243
08.10.2026 01:00;2,6;2,5;0,100000001;10,434
08.10.2026 02:00;2,6;2,599999905;0;10,521
08.10.2026 03:00;2,9;2,900000095;0;10,412
08.10.2026 04:00;3,4;3,299999952;0,100000001;10,175
08.10.2026 05:00;4,5;4,199999809;0,300000012;9,969
08.10.2026 06:00;5,8;5;0,800000012;9,947
08.10.2026 07:00;4,6;3,799999952;0,800000012;10,461
08.10.2026 08:00;4,1;3,400000095;0,800000012;11,294
08.10.2026 09:00;3,1;2,5;0,600000024;12,099
08.10.2026 10:00;2,7;2,099999905;0,600000024;12,927
08.10.2026 11:00;2;1,5;0,5;13,748
08.10.2026 12:00;1,8;1,299999952;0,5;14,473
08.10.2026 13:00;1,9;1,399999976;0,5;14,602
08.10.2026 14:00;1,6;1,200000048;0,400000006;14,784
08.10.2026 15:00;1,8;1,399999976;0,400000006;14,555
08.10.2026 16:00;1,9;1,5;0,400000006;13,321
08.10.2026 17:00;3;2,400000095;0,600000024;12,014
08.10.2026 18:00;3,2;2,599999905;0,600000024;11,759
08.10.2026 19:00;4,2;3,400000095;0,899999976;11,296
08.10.2026 20:00;4,4;3,5;0,899999976;10,789
08.10.2026 21:00;4;3,200000048;0,800000012;10,518
08.10.2026 22:00;2,6;2,200000048;0,400000006;10,265
08.10.2026 23:00;2,2;1,899999976;0,300000012;10,096
09.10.2026 00:00;2;1,799999952;0,200000003;9,983
09.10.2026 01:00;2,4;2,299999952;0,100000001;9,828
09.10.2026 02:00;2,3;2,299999952;0;9,584
09.10.2026 03:00;2,6;2,599999905;0;9,432
09.10.2026 04:00;3,4;3,299999952;0,100000001;9,289
09.10.2026 05:00;3,9;3,599999905;0,300000012;9,26
09.10.2026 06:00;5,3;4,5;0,800000012;9,687
09.10.2026 07:00;5;4,099999905;0,899999976;10,625
09.10.2026 08:00;3,5;2,799999952;0,699999988;11,529
09.10.2026 09:00;3,1;2,5;0,600000024;12,436
09.10.2026 10:00;2,5;1,899999976;0,600000024;13,202
09.10.2026 11:00;2;1,5;0,5;13,733
09.10.2026 12:00;1,9;1,399999976;0,5;13,774
09.10.2026 13:00;1,9;1,399999976;0,5;13,163
09.10.2026 14:00;1,8;1,399999976;0,400000006;12,521
09.10.2026 15:00;1,7;1,299999952;0,400000006;11,833
09.10.2026 16:00;2;1,600000024;0,400000006;11,072
09.10.2026 17:00;3,1;2,599999905;0,5;10,681
09.10.2026 18:00;4,2;3,5;0,699999988;10,533
09.10.2026 19:00;4;3,200000048;0,800000012;10,347
09.10.2026 20:00;4,5;3,599999905;0,899999976;10,157
09.10.2026 21:00;4,2;3,400000095;0,800000012;9,962
09.10.2026 22:00;2,6;2,099999905;0,5;9,793
09.10.2026 23:00;2,6;2,400000095;0,300000012;9,619
10.10.2026 00:00;3;2,799999952;0,200000003;9,496
10.10.2026 01:00;2,6;2,5;0,100000001;9,513
10.10.2026 02:00;2,7;2,599999905;0;9,356
10.10.2026 03:00;3;3;0;9,079
10.10.2026 04:00;3,1;3;0,100000001;9,017
10.10.2026 05:00;4,5;4,199999809;0,300000012;9,099
10.10.2026 06:00;6,3;5,5;0,800000012;9,236
10.10.2026 07:00;5,8;4,900000095;0,899999976;9,943
10.10.2026 08:00;4,4;3,700000048;0,699999988;10,92
10.10.2026 09:00;3,8;3,200000048;0,600000024;12,278
10.10.2026 10:00;3,3;2,700000048;0,600000024;13,627
10.10.2026 11:00;2,5;2;0,5;14,605
10.10.2026 12:00;2,1;1,700000048;0,400000006;15,188
10.10.2026 13:00;2,2;1,799999952;0,400000006;15,344
10.10.2026 14:00;2;1,600000024;0,400000006;15,09
10.10.2026 15:00;2,1;1,700000048;0,400000006;14,384
10.10.2026 16:00;2,9;2,5;0,400000006;12,913
10.10.2026 17:00;4;3,400000095;0,600000024;11,64
10.10.2026 18:00;4,5;3,900000095;0,600000024;11,549
10.10.2026 19:00;5,1;4,400000095;0,800000012;11,089
10.10.2026 20:00;5,6;4,699999809;0,899999976;10,323
10.10.2026 21:00;5,7;4,800000191;0,899999976;9,68
10.10.2026 22:00;3,2;2,700000048;0,5;9,225
10.10.2026 23:00;3,4;3,099999905;0,300000012;9,326
11.10.2026 00:00;3,2;3;0,200000003;9,518
11.10.2026 01:00;2,8;2,700000048;0,100000001;9,567
11.10.2026 02:00;2,6;2,599999905;0;9,623
11.10.2026 03:00;2,3;2,299999952;0;9,574
11.10.2026 04:00;2,5;2,400000095;0,100000001;9,634
11.10.2026 05:00;3,5;3,200000048;0,300000012;9,652
11.10.2026 06:00;5;4,199999809;0,800000012;9,774
11.10.2026 07:00;4,6;3,799999952;0,800000012;10,409
11.10.2026 08:00;3,9;3,200000048;0,699999988;11,518
11.10.2026 09:00;3,3;2,700000048;0,600000024;12,929
11.10.2026 10:00;3,1;2,5;0,600000024;14,655
11.10.2026 11:00;2,5;2;0,5;16,057
11.10.2026 12:00;2,6;2,099999905;0,5;16,838
11.10.2026 13:00;2,4;2;0,400000006;16,959
11.10.2026 14:00;2,5;2,099999905;0,400000006;16,725
11.10.2026 15:00;2,7;2,299999952;0,400000006;16,203
11.10.2026 16:00;2,8;2,400000095;0,400000006;15,395
11.10.2026 17:00;3,3;2,700000048;0,600000024;14,611
11.10.2026 18:00;3,7;3,099999905;0,600000024;14,091
11.10.2026 19:00;4,3;3,5;0,800000012;13,629
11.10.2026 20:00;4,4;3,599999905;0,800000012;13,115
11.10.2026 21:00;4,7;3,799999952;0,899999976;12,534
11.10.2026 22:00;2,7;2,200000048;0,5;12,068
11.10.2026 23:00;2,1;1,799999952;0,300000012;11,739
12.10.2026 00:00;2,1;1,899999976;0,200000003;11,367
12.10.2026 01:00;1,8;1,700000048;0,100000001;10,955
12.10.2026 02:00;1,8;1,799999952;0;10,494
12.10.2026 03:00;1,8;1,799999952;0;10,303
12.10.2026 04:00;2,2;2,099999905;0,100000001;10,084
12.10.2026 05:00;3,5;3,200000048;0,300000012;9,836
12.10.2026 06:00;5,6;4,699999809;0,899999976;10,081
12.10.2026 07:00;5;4;0,800000012;11,848
12.10.2026 08:00;4,2;3,5;0,699999988;14,427
12.10.2026 09:00;4,1;3,5;0,600000024;16,573
12.10.2026 10:00;3,5;3;0,5;18,104
12.10.2026 11:00;3,5;3;0,5;19,16
12.10.2026 12:00;2,9;2,5;0,400000006;19,668
12.10.2026 13:00;3;2,599999905;0,400000006;19,825
12.10.2026 14:00;2,9;2,5;0,400000006;19,589
12.10.2026 15:00;3,3;2,900000095;0,400000006;18,584
12.10.2026 16:00;3,4;3;0,400000006;17
12.10.2026 17:00;4,1;3,5;0,600000024;16,113
12.10.2026 18:00;4,9;4,199999809;0,699999988;15,807
12.10.2026 19:00;5,3;4,400000095;0,899999976;15,534
12.10.2026 20:00;5,6;4,699999809;0,899999976;15,273
12.10.2026 21:00;5,8;4,900000095;0,899999976;14,936
12.10.2026 22:00;3,6;3,099999905;0,5;14,761
12.10.2026 23:00;3,5;3,200000048;0,300000012;14,611
13.10.2026 00:00;3,2;3;0,200000003;14,085
13.10.2026 01:00;3,1;3;0,100000001;13,62
13.10.2026 02:00;3,5;3,400000095;0,100000001;13,529
13.10.2026 03:00;3,4;3,400000095;0;13,623
13.10.2026 04:00;3,7;3,599999905;0,100000001;13,803
13.10.2026 05:00;4,4;4,300000191;0,100000001;13,797
13.10.2026 06:00;5,9;5,800000191;0,100000001;14,154
13.10.2026 07:00;5,4;5,199999809;0,200000003;14,914
13.10.2026 08:00;5,1;4,599999905;0,5;16,261
13.10.2026 09:00;4,6;3,700000048;0,899999976;18,532
13.10.2026 10:00;3,7;2,799999952;0,899999976;20,759
13.10.2026 11:00;3,7;2,799999952;1;22,159
13.10.2026 12:00;3,6;2,700000048;0,899999976;22,838
13.10.2026 13:00;3,3;2,599999905;0,699999988;22,956
13.10.2026 14:00;3,7;3;0,699999988;22,734
13.10.2026 15:00;3,6;3;0,600000024;21,956
13.10.2026 16:00;3,5;3;0,5;20,413
13.10.2026 17:00;4,3;3,700000048;0,600000024;19,366
13.10.2026 18:00;4,5;3,799999952;0,699999988;18,758
13.10.2026 19:00;4,9;4,199999809;0,699999988;18,178
13.10.2026 20:00;4,8;4,099999905;0,699999988;17,205
13.10.2026 21:00;4,4;3,900000095;0,5;15,874
13.10.2026 22:00;2,6;2,200000048;0,400000006;14,689
13.10.2026 23:00;2,1;1,799999952;0,300000012;13,883
14.10.2026 00:00;1,8;1,600000024;0,200000003;13,334
14.10.2026 01:00;1,8;1,700000048;0,100000001;12,989
14.10.2026 02:00;1,8;1,700000048;0,100000001;12,915
14.10.2026 03:00;1,4;1,399999976;0;12,813
14.10.2026 04:00;1,9;1,799999952;0,100000001;13,263
14.10.2026 05:00;2,9;2,799999952;0,100000001;13,233
14.10.2026 06:00;3,4;3,299999952;0,100000001;12,736
14.10.2026 07:00;3,7;3,5;0,200000003;14,625
14.10.2026 08:00;3,6;3,099999905;0,5;16,101
14.10.2026 09:00;3,5;2,599999905;0,899999976;18,316
14.10.2026 10:00;3,4;2,400000095;1;20,355
14.10.2026 11:00;3,4;2,299999952;1,100000024;21,641
14.10.2026 12:00;2,7;1,799999952;0,899999976;22,315
14.10.2026 13:00;2,7;1,899999976;0,800000012;22,518
14.10.2026 14:00;2,1;1,5;0,600000024;22,231
14.10.2026 15:00;2,2;1,600000024;0,600000024;21,129
14.10.2026 16:00;2,3;1,799999952;0,5;18,685
14.10.2026 17:00;3;2,400000095;0,600000024;17,159
14.10.2026 18:00;2,9;2,299999952;0,600000024;17,362
14.10.2026 19:00;3,2;2,5;0,699999988;17,127
14.10.2026 20:00;3,6;2,900000095;0,699999988;16,586
14.10.2026 21:00;3,2;2,599999905;0,600000024;15,903
14.10.2026 22:00;1,9;1,5;0,400000006;15,415
14.10.2026 23:00;1,6;1,299999952;0,300000012;15,242
15.10.2026 00:00;1,9;1,700000048;0,200000003;15,097
15.10.2026 01:00;2,2;2,099999905;0,100000001;15,071
15.10.2026 02:00;1,9;1,899999976;0;15,239
15.10.2026 03:00;2;2;0;14,943
15.10.2026 04:00;2,6;2,5;0,100000001;14,299
15.10.2026 05:00;3,8;3,5;0,300000012;13,79
15.10.2026 06:00;5;4,199999809;0,800000012;13,924
15.10.2026 07:00;5,2;4,300000191;0,899999976;15,337
15.10.2026 08:00;4;3,299999952;0,699999988;16,441
15.10.2026 09:00;3,2;2,599999905;0,600000024;18,048
15.10.2026 10:00;3;2,5;0,5;19,415
15.10.2026 11:00;3,2;2,700000048;0,5;19,533
15.10.2026 12:00;3,4;2,900000095;0,5;18,856
15.10.2026 13:00;3,2;2,599999905;0,5;18,113
15.10.2026 14:00;2,8;2,400000095;0,400000006;17,188
15.10.2026 15:00;2,9;2,5;0,400000006;16,296
15.10.2026 16:00;3,6;3,099999905;0,5;15,249
15.10.2026 17:00;4,3;3,700000048;0,600000024;13,881
15.10.2026 18:00;4,2;3,599999905;0,600000024;12,737
15.10.2026 19:00;5,3;4,5;0,800000012;11,952
15.10.2026 20:00;5,5;4,599999905;0,899999976;11,614
15.10.2026 21:00;5,3;4,400000095;0,800000012;11,661
15.10.2026 22:00;3,5;3;0,5;11,652
15.10.2026 23:00;3,3;3;0,300000012;11,372
16.10.2026 00:00;3,4;3,200000048;0,200000003;10,949
16.10.2026 01:00;3,4;3,299999952;0,100000001;10,485
16.10.2026 02:00;3,3;3,299999952;0;9,966
16.10.2026 03:00;3,3;3,299999952;0;9,252
16.10.2026 04:00;3,9;3,799999952;0,100000001;8,881
16.10.2026 05:00;5,6;5,300000191;0,300000012;8,588
16.10.2026 06:00;7,5;6,599999905;0,899999976;8,517
16.10.2026 07:00;6,6;5,800000191;0,800000012;9,514
16.10.2026 08:00;5,9;5,199999809;0,699999988;11,329
16.10.2026 09:00;5,8;5,099999905;0,699999988;13,277
16.10.2026 10:00;5,1;4,5;0,600000024;14,673
16.10.2026 11:00;4;3,599999905;0,5;14,972
16.10.2026 12:00;3,7;3,200000048;0,5;14,402
16.10.2026 13:00;3,6;3,099999905;0,5;14,009
16.10.2026 14:00;2,9;2,5;0,400000006;14,071
16.10.2026 15:00;3,6;3,200000048;0,400000006;14,105
16.10.2026 16:00;4,1;3,700000048;0,400000006;13,712
16.10.2026 17:00;4,9;4,300000191;0,600000024;13,174
16.10.2026 18:00;5,2;4,599999905;0,600000024;12,722
16.10.2026 19:00;5,6;4,800000191;0,800000012;12,4
16.10.2026 20:00;6,2;5,300000191;0,899999976;12,247
16.10.2026 21:00;5,9;5;0,800000012;12,12
16.10.2026 22:00;3,5;3,099999905;0,400000006;11,918
16.10.2026 23:00;3,5;3,200000048;0,300000012;11,763
17.10.2026 00:00;3,5;3,299999952;0,200000003;11,771
17.10.2026 01:00;3,7;3,599999905;0,100000001;11,754
17.10.2026 02:00;3,3;3,299999952;0;11,604
17.10.2026 03:00;3,2;3,200000048;0;11,6
17.10.2026 04:00;4,2;4,099999905;0,100000001;11,598
17.10.2026 05:00;5,5;5,199999809;0,300000012;11,858
17.10.2026 06:00;7,6;6,699999809;0,899999976;11,912
17.10.2026 07:00;6,1;5,300000191;0,800000012;12,574
17.10.2026 08:00;4,8;4,099999905;0,699999988;13,963
17.10.2026 09:00;4,7;4;0,699999988;15,417
17.10.2026 10:00;3,4;2,900000095;0,5;16,538
17.10.2026 11:00;3,5;2,900000095;0,600000024;17,224
17.10.2026 12:00;2,8;2,299999952;0,5;17,085
17.10.2026 13:00;2,6;2,200000048;0,400000006;16,312
17.10.2026 14:00;2,9;2,5;0,400000006;15,343
17.10.2026 15:00;3,1;2,700000048;0,400000006;14,672
17.10.2026 16:00;3,5;3,099999905;0,400000006;14,039
17.10.2026 17:00;4,2;3,599999905;0,600000024;13,264
17.10.2026 18:00;4,6;4;0,600000024;12,706
17.10.2026 19:00;5,4;4,5;0,800000012;12,111
17.10.2026 20:00;5,2;4,400000095;0,800000012;11,538
17.10.2026 21:00;5,2;4,300000191;0,899999976;11,326
17.10.2026 22:00;3;2,5;0,5;11,359
17.10.2026 23:00;3,1;2,799999952;0,300000012;11,742
18.10.2026 00:00;3;2,799999952;0,200000003;11,529
18.10.2026 01:00;3,2;3,099999905;0,100000001;11,19
18.10.2026 02:00;2,8;2,799999952;0;11,346
18.10.2026 03:00;3;3;0;11,692
18.10.2026 04:00;3,3;3,200000048;0,100000001;11,844
18.10.2026 05:00;4,5;4,199999809;0,300000012;11,955
18.10.2026 06:00;6,5;5,599999905;0,899999976;12,083
18.10.2026 07:00;5,7;4,800000191;0,899999976;12,721
18.10.2026 08:00;4,1;3,400000095;0,699999988;13,669
18.10.2026 09:00;4;3,299999952;0,699999988;14,126
18.10.2026 10:00;3,5;2,900000095;0,600000024;15,001
18.10.2026 11:00;3,4;2,900000095;0,5;15,615
18.10.2026 12:00;2,6;2,099999905;0,5;15,51
18.10.2026 13:00;2,8;2,299999952;0,5;15,186
18.10.2026 14:00;2,7;2,299999952;0,400000006;14,636
18.10.2026 15:00;2,9;2,5;0,400000006;13,806
18.10.2026 16:00;3,1;2,700000048;0,400000006;11,98
18.10.2026 17:00;3,9;3,299999952;0,600000024;10,34
18.10.2026 18:00;4,1;3,400000095;0,699999988;9,929
18.10.2026 19:00;4,4;3,599999905;0,800000012;9,697
18.10.2026 20:00;4,8;3,900000095;0,899999976;9,566
18.10.2026 21:00;4,6;3,700000048;0,899999976;9,366
18.10.2026 22:00;2,5;2;0,5;9,32
18.10.2026 23:00;2,2;1,899999976;0,300000012;9,262
19.10.2026 00:00;1,5;1,299999952;0,200000003;9,304
19.10.2026 01:00;1,5;1,399999976;0,100000001;9,421
19.10.2026 02:00;1,4;1,399999976;0;9,559
19.10.2026 03:00;1,5;1,5;0;9,905
19.10.2026 04:00;1,7;1,600000024;0,100000001;9,941
19.10.2026 05:00;2,1;1,799999952;0,300000012;10,009
19.10.2026 06:00;3;2,200000048;0,800000012;10,13
19.10.2026 07:00;3,1;2,200000048;0,899999976;10,81
19.10.2026 08:00;2,3;1,600000024;0,699999988;11,932
19.10.2026 09:00;2;1,399999976;0,600000024;13,202
19.10.2026 10:00;2;1,399999976;0,600000024;14,284
19.10.2026 11:00;1,6;1,100000024;0,5;14,806
19.10.2026 12:00;1,2;0,699999988;0,5;14,928
19.10.2026 13:00;1,2;0,699999988;0,5;14,669
19.10.2026 14:00;1,1;0,699999988;0,400000006;14,369
19.10.2026 15:00;1;0,600000024;0,400000006;13,815
19.10.2026 16:00;1,1;0,699999988;0,400000006;12,243
19.10.2026 17:00;1,6;1,100000024;0,5;11,548
19.10.2026 18:00;1,8;1,200000048;0,600000024;11,261
19.10.2026 19:00;2;1,200000048;0,800000012;10,622
19.10.2026 20:00;2,4;1,5;0,899999976;9,976
19.10.2026 21:00;2,2;1,299999952;0,899999976;9,493
19.10.2026 22:00;1,2;0,699999988;0,5;9,359
19.10.2026 23:00;0,9;0,600000024;0,300000012;9,221
20.10.2026 00:00;0,9;0,699999988;0,200000003;8,962
20.10.2026 01:00;0,8;0,699999988;0,100000001;8,891
20.10.2026 02:00;0,8;0,699999988;0,100000001;8,922
20.10.2026 03:00;0,7;0,699999988;0;8,94
20.10.2026 04:00;0,6;0,5;0,100000001;9,115
20.10.2026 05:00;0,8;0,699999988;0,100000001;9,232
20.10.2026 06:00;1;0,899999976;0,100000001;9,144
20.10.2026 07:00;0,8;0,600000024;0,200000003;10,473
20.10.2026 08:00;1;0,5;0,5;11,764
20.10.2026 09:00;1,4;0,5;0,899999976;12,875
20.10.2026 10:00;1,3;0,300000012;1;13,698
20.10.2026 11:00;1,3;0,300000012;1;14,103
20.10.2026 12:00;1,2;0,300000012;0,899999976;14,121
20.10.2026 13:00;0,9;0,200000003;0,699999988;14,115
20.10.2026 14:00;0,8;0,200000003;0,600000024;13,895
20.10.2026 15:00;0,7;0,200000003;0,5;13,661
20.10.2026 16:00;1,1;0,5;0,600000024;13,44
20.10.2026 17:00;1,1;0,5;0,600000024;13,137
20.10.2026 18:00;1,1;0,5;0,600000024;12,895
20.10.2026 19:00;1,3;0,600000024;0,699999988;12,611
20.10.2026 20:00;1,3;0,600000024;0,699999988;12,331
20.10.2026 21:00;1;0,5;0,5;12,109
20.10.2026 22:00;0,7;0,300000012;0,400000006;12,169
20.10.2026 23:00;0,6;0,300000012;0,300000012;12,251
21.10.2026 00:00;0,5;0,300000012;0,200000003;12,543
21.10.2026 01:00;0,8;0,699999988;0,100000001;12,709
21.10.2026 02:00;1,1;1;0,100000001;12,839
21.10.2026 03:00;1;1;0;12,987
21.10.2026 04:00;1,6;1,5;0,100000001;13,432
21.10.2026 05:00;2,3;2,200000048;0,100000001;12,805
21.10.2026 06:00;4,3;4,199999809;0,100000001;11,855
21.10.2026 07:00;4,3;4,099999905;0,200000003;12,868
21.10.2026 08:00;4,1;3,599999905;0,5;14,072
21.10.2026 09:00;3,7;2,799999952;1;15,286
21.10.2026 10:00;3,8;2,799999952;1;16,334
21.10.2026 11:00;3,4;2,400000095;1;16,786
21.10.2026 12:00;3,2;2,299999952;0,899999976;15,929
21.10.2026 13:00;4,1;3,400000095;0,800000012;15,636
21.10.2026 14:00;3,7;3,099999905;0,600000024;15,079
21.10.2026 15:00;3,3;2,799999952;0,5;13,939
21.10.2026 16:00;3,6;3,099999905;0,5;12,18
21.10.2026 17:00;4,3;3,700000048;0,600000024;10,933
21.10.2026 18:00;4,8;4,099999905;0,699999988;10,305
21.10.2026 19:00;5;4,300000191;0,699999988;9,308
21.10.2026 20:00;5,2;4,5;0,699999988;8,732
21.10.2026 21:00;4,9;4,400000095;0,600000024;8,703
21.10.2026 22:00;3,2;2,799999952;0,400000006;8,298
21.10.2026 23:00;2,7;2,400000095;0,300000012;8,029
22.10.2026 00:00;2,4;2,200000048;0,200000003;8,014
22.10.2026 01:00;2,6;2,5;0,100000001;7,719
22.10.2026 02:00;2,7;2,700000048;0;7,051
22.10.2026 03:00;3;3;0;6,88
22.10.2026 04:00;3,5;3,400000095;0,100000001;6,86
22.10.2026 05:00;5,1;4,800000191;0,300000012;6,957
22.10.2026 06:00;7,3;6,400000095;0,899999976;6,883
22.10.2026 07:00;5,8;5;0,800000012;8,598
22.10.2026 08:00;4,5;3,799999952;0,699999988;10,172
22.10.2026 09:00;4,5;3,799999952;0,699999988;11,65
22.10.2026 10:00;4,1;3,5;0,600000024;12,821
22.10.2026 11:00;3,9;3,400000095;0,5;14,157
22.10.2026 12:00;3,4;2,900000095;0,5;14,945
22.10.2026 13:00;3,7;3,200000048;0,5;15,183
22.10.2026 14:00;3,2;2,799999952;0,400000006;14,944
22.10.2026 15:00;3,5;3,099999905;0,400000006;14,052
22.10.2026 16:00;3,6;3,200000048;0,400000006;12,559
22.10.2026 17:00;3,8;3,200000048;0,600000024;11,649
22.10.2026 18:00;4,4;3,799999952;0,600000024;10,698
22.10.2026 19:00;5;4,199999809;0,800000012;9,68
22.10.2026 20:00;5;4,199999809;0,800000012;8,828
22.10.2026 21:00;5,5;4,599999905;0,899999976;8,244
22.10.2026 22:00;3,4;2,900000095;0,5;7,837
22.10.2026 23:00;2,7;2,400000095;0,300000012;7,562
23.10.2026 00:00;2,5;2,400000095;0,200000003;7,32
23.10.2026 01:00;2,4;2,400000095;0,100000001;7,237
23.10.2026 02:00;2,3;2,299999952;0;7,289
23.10.2026 03:00;2,5;2,599999905;0;7,199
23.10.2026 04:00;2,9;2,799999952;0,100000001;7,077
23.10.2026 05:00;4,3;4;0,300000012;6,813
23.10.2026 06:00;6,1;5,300000191;0,800000012;7,204
23.10.2026 07:00;5,7;4,800000191;0,899999976;9,176
23.10.2026 08:00;4,8;4;0,800000012;10,992
23.10.2026 09:00;4;3,400000095;0,600000024;13,384
23.10.2026 10:00;3,8;3,200000048;0,600000024;15,423
23.10.2026 11:00;4,1;3,400000095;0,600000024;16,632
23.10.2026 12:00;3,5;3;0,5;17,367
23.10.2026 13:00;3,2;2,799999952;0,400000006;17,619
23.10.2026 14:00;3,3;2,900000095;0,400000006;17,325
23.10.2026 15:00;3,6;3,200000048;0,400000006;15,933
23.10.2026 16:00;4;3,599999905;0,400000006;12,955
23.10.2026 17:00;4,7;4,099999905;0,600000024;11,993
23.10.2026 18:00;5,2;4,5;0,699999988;11,665
23.10.2026 19:00;5,2;4,400000095;0,800000012;11,068
23.10.2026 20:00;5,7;4,800000191;0,899999976;10,626
23.10.2026 21:00;5,6;4,699999809;0,800000012;10,905
23.10.2026 22:00;3,5;3;0,5;11,244
23.10.2026 23:00;3,1;2,799999952;0,300000012;10,908
24.10.2026 00:00;3;2,799999952;0,200000003;10,334
24.10.2026 01:00;3;2,900000095;0,100000001;10,401
24.10.2026 02:00;3,2;3,200000048;0;10,35
24.10.2026 03:00;2,9;2,900000095;0;9,871
24.10.2026 04:00;3,9;3,799999952;0,100000001;9,883
24.10.2026 05:00;5,4;5,099999905;0,300000012;9,898
24.10.2026 06:00;7,6;6,699999809;0,899999976;10,085
24.10.2026 07:00;6,6;5,699999809;0,899999976;11,51
24.10.2026 08:00;5,6;4,800000191;0,800000012;13,316
24.10.2026 09:00;4,9;4,199999809;0,699999988;15,792
24.10.2026 10:00;3,9;3,400000095;0,5;18,077
24.10.2026 11:00;3,7;3,200000048;0,5;19,267
24.10.2026 12:00;3,3;2,799999952;0,5;19,813
24.10.2026 13:00;2,9;2,400000095;0,400000006;19,38
24.10.2026 14:00;2,8;2,400000095;0,400000006;17,911
24.10.2026 15:00;3,1;2,599999905;0,400000006;16,78
24.10.2026 16:00;3,5;3,099999905;0,400000006;15,339
24.10.2026 17:00;4,2;3,599999905;0,600000024;14,392
24.10.2026 18:00;4,9;4,199999809;0,699999988;13,631
24.10.2026 19:00;5,2;4,400000095;0,800000012;12,641
24.10.2026 20:00;5,4;4,5;0,899999976;12,026
24.10.2026 21:00;5,4;4,5;0,899999976;12,26
24.10.2026 22:00;3,3;2,799999952;0,5;12,102
24.10.2026 23:00;2,7;2,400000095;0,300000012;11,974
25.10.2026 00:00;2,5;2,299999952;0,200000003;11,824
25.10.2026 01:00;2,3;2,200000048;0,100000001;11,485
25.10.2026 02:00;2,5;2,5;0;10,828
25.10.2026 03:00;2,7;2,700000048;0;10,858
25.10.2026 04:00;3,2;3,099999905;0,100000001;10,822
25.10.2026 05:00;4,5;4,199999809;0,300000012;10,385
25.10.2026 06:00;6,1;5,199999809;0,899999976;9,801
25.10.2026 07:00;5,6;4,599999905;0,899999976;11,004
25.10.2026 08:00;4,4;3,599999905;0,800000012;12,51
25.10.2026 09:00;3,3;2,700000048;0,600000024;13,679
25.10.2026 10:00;2,8;2,299999952;0,5;14,799
25.10.2026 11:00;2,4;1,899999976;0,5;15,891
25.10.2026 12:00;1,8;1,299999952;0,5;16,494
25.10.2026 13:00;2,1;1,600000024;0,5;16,629
25.10.2026 14:00;1,9;1,5;0,400000006;16,297
25.10.2026 15:00;2,2;1,799999952;0,400000006;15,145
25.10.2026 16:00;2,8;2,400000095;0,5;12,77
25.10.2026 17:00;3,1;2,5;0,600000024;11,956
25.10.2026 18:00;3,5;2,900000095;0,600000024;11,737
25.10.2026 19:00;3,8;3;0,800000012;11,475
25.10.2026 20:00;4;3,099999905;0,899999976;11,186
25.10.2026 21:00;3,6;2,799999952;0,800000012;11,078
25.10.2026 22:00;2,1;1,600000024;0,5;11,097
25.10.2026 23:00;1,7;1,399999976;0,300000012;11,04
26.10.2026 00:00;1,6;1,399999976;0,200000003;11,011
26.10.2026 01:00;1,5;1,399999976;0,100000001;10,772
26.10.2026 02:00;1,6;1,600000024;0;10,535
26.10.2026 03:00;1,6;1,600000024;0;10,29
26.10.2026 04:00;1,9;1,799999952;0,100000001;9,986
26.10.2026 05:00;2,6;2,299999952;0,300000012;9,672
26.10.2026 06:00;3,9;3,099999905;0,800000012;9,463
26.10.2026 07:00;3,7;2,799999952;0,899999976;10,555
26.10.2026 08:00;2,9;2,200000048;0,699999988;12,431
26.10.2026 09:00;2,2;1,600000024;0,600000024;14,628
26.10.2026 10:00;1,9;1,299999952;0,600000024;16,489
26.10.2026 11:00;2;1,399999976;0,600000024;17,826
26.10.2026 12:00;1,7;1,200000048;0,5;18,424
26.10.2026 13:00;1,5;1;0,5;18,363
26.10.2026 14:00;1,6;1,200000048;0,400000006;17,903
26.10.2026 15:00;1,8;1,399999976;0,400000006;16,851
26.10.2026 16:00;2,4;1,899999976;0,5;15,149
26.10.2026 17:00;2,6;2;0,600000024;14,129
26.10.2026 18:00;2,8;2,099999905;0,699999988;13,717
26.10.2026 19:00;3,2;2,400000095;0,800000012;13,591
26.10.2026 20:00;3,9;3;1;13,418
26.10.2026 21:00;3,7;2,799999952;0,899999976;13,239
26.10.2026 22:00;2,2;1,700000048;0,5;13,062
26.10.2026 23:00;1,6;1,299999952;0,300000012;12,948
27.10.2026 00:00;1,6;1,399999976;0,200000003;12,86
27.10.2026 01:00;1,5;1,399999976;0,100000001;12,797
27.10.2026 02:00;1,5;1,399999976;0,100000001;12,647
27.10.2026 03:00;1,2;1,200000048;0;12,415
27.10.2026 04:00;1,7;1,600000024;0,100000001;11,687
27.10.2026 05:00;2,3;2,200000048;0,100000001;10,491
27.10.2026 06:00;3;2,900000095;0,100000001;9,026
27.10.2026 07:00;2,7;2,400000095;0,200000003;8,375
27.10.2026 08:00;2,7;2,200000048;0,5;8,488
27.10.2026 09:00;2,6;1,700000048;0,899999976;8,984
27.10.2026 10:00;2,6;1,600000024;1;9,564
27.10.2026 11:00;2,5;1,5;1;9,813
27.10.2026 12:00;2,1;1,200000048;0,899999976;9,714
27.10.2026 13:00;1,8;1;0,800000012;9,875
27.10.2026 14:00;1,8;1,200000048;0,600000024;10,21
27.10.2026 15:00;2;1,399999976;0,600000024;9,333
27.10.2026 16:00;2,3;1,799999952;0,5;6,694
27.10.2026 17:00;2,9;2,299999952;0,600000024;5,851
27.10.2026 18:00;3;2,400000095;0,600000024;5,241
27.10.2026 19:00;3,6;2,900000095;0,699999988;4,856
27.10.2026 20:00;3,7;3;0,699999988;4,731
27.10.2026 21:00;3,4;2,799999952;0,600000024;4,306
27.10.2026 22:00;2,4;2;0,400000006;3,644
27.10.2026 23:00;2,1;1,799999952;0,300000012;3,619
28.10.2026 00:00;2,2;2;0,200000003;2,95
28.10.2026 01:00;2;1,799999952;0,100000001;2,636
28.10.2026 02:00;2;1,899999976;0,100000001;2,52
28.10.2026 03:00;2,2;2,200000048;0;2,512
28.10.2026 04:00;2,6;2,5;0,100000001;2,573
28.10.2026 05:00;3,4;3,400000095;0,100000001;2,729
28.10.2026 06:00;4,8;4,599999905;0,100000001;3,162
28.10.2026 07:00;4,4;4,199999809;0,200000003;3,962
28.10.2026 08:00;4,1;3,599999905;0,5;4,936
28.10.2026 09:00;4;3;1;6,788
28.10.2026 10:00;3,5;2,5;1;9,638
28.10.2026 11:00;3,1;2,099999905;1;10,865
28.10.2026 12:00;2,8;1,899999976;0,899999976;11,232
28.10.2026 13:00;2,7;2;0,699999988;11,266
28.10.2026 14:00;2,7;2,099999905;0,600000024;10,887
28.10.2026 15:00;3,1;2,5;0,600000024;9,559
28.10.2026 16:00;3,6;3;0,600000024;7,267
28.10.2026 17:00;4;3,400000095;0,600000024;6,538
28.10.2026 18:00;4,4;3,700000048;0,699999988;6,038
28.10.2026 19:00;4,6;3,900000095;0,699999988;5,8
28.10.2026 20:00;4,7;4;0,699999988;5,652
28.10.2026 21:00;4,7;4,099999905;0,600000024;5,496
28.10.2026 22:00;2,8;2,400000095;0,400000006;5,254
28.10.2026 23:00;2,4;2,099999905;0,300000012;4,801
29.10.2026 00:00;2,1;1,899999976;0,200000003;4,086
29.10.2026 01:00;2,1;2;0,100000001;3,646
29.10.2026 02:00;1,9;1,899999976;0;3,704
29.10.2026 03:00;2;2;0;3,855
29.10.2026 04:00;2,3;2,200000048;0,100000001;3,486
29.10.2026 05:00;2,9;2,599999905;0,300000012;3,3
29.10.2026 06:00;4,6;3,700000048;0,899999976;3,41
29.10.2026 07:00;4,1;3,200000048;0,899999976;4,273
29.10.2026 08:00;3,5;2,700000048;0,800000012;5,599
29.10.2026 09:00;2,8;2,200000048;0,600000024;7,72
29.10.2026 10:00;2,6;2;0,600000024;9,726
29.10.2026 11:00;2;1,399999976;0,600000024;10,715
29.10.2026 12:00;1,5;1;0,5;11,176
29.10.2026 13:00;1,5;1;0,5;11,234
29.10.2026 14:00;1,3;1;0,400000006;10,819
29.10.2026 15:00;1,7;1,299999952;0,400000006;9,274
29.10.2026 16:00;2,2;1,700000048;0,5;6,344
29.10.2026 17:00;2,7;2,099999905;0,600000024;5,5
29.10.2026 18:00;2,7;2;0,699999988;4,749
29.10.2026 19:00;3,1;2,200000048;0,800000012;4,089
29.10.2026 20:00;3,3;2,400000095;1;3,436
29.10.2026 21:00;2,9;2,099999905;0,800000012;2,848
29.10.2026 22:00;1,9;1,399999976;0,5;2,31
29.10.2026 23:00;1,6;1,299999952;0,300000012;1,826
30.10.2026 00:00;1,4;1,200000048;0,200000003;1,38
30.10.2026 01:00;1,3;1,200000048;0,100000001;0,953
30.10.2026 02:00;1,2;1,200000048;0;0,586
30.10.2026 03:00;1,3;1,299999952;0;0,198
30.10.2026 04:00;1,6;1,5;0,100000001;-0,086
30.10.2026 05:00;2,2;1,899999976;0,300000012;-0,152
30.10.2026 06:00;3,7;2,799999952;0,899999976;0,402
30.10.2026 07:00;3,7;2,799999952;0,899999976;1,785
30.10.2026 08:00;3,2;2,400000095;0,800000012;3,235
30.10.2026 09:00;2,6;2;0,600000024;4,96
30.10.2026 10:00;2,6;2;0,600000024;6,481
30.10.2026 11:00;2,5;2;0,5;7,636
30.10.2026 12:00;2,4;1,899999976;0,5;8,265
30.10.2026 13:00;2,5;2;0,5;8,391
30.10.2026 14:00;2,2;1,799999952;0,400000006;8,125
30.10.2026 15:00;2,6;2,200000048;0,400000006;6,715
30.10.2026 16:00;2,6;2,099999905;0,5;3,4
30.10.2026 17:00;2,9;2,299999952;0,600000024;2,357
30.10.2026 18:00;3,2;2,5;0,699999988;1,873
30.10.2026 19:00;3,5;2,599999905;0,899999976;1,485
30.10.2026 20:00;3,4;2,599999905;0,800000012;1,139
30.10.2026 21:00;3,4;2,5;0,899999976;0,737
30.10.2026 22:00;2,1;1,600000024;0,5;0,316
30.10.2026 23:00;1,6;1,299999952;0,300000012;-0,05
31.10.2026 00:00;1,7;1,5;0,200000003;-0,352
31.10.2026 01:00;1,6;1,5;0,100000001;-0,639
31.10.2026 02:00;1,4;1,399999976;0;-0,861
31.10.2026 03:00;1,6;1,600000024;0;-1,011
31.10.2026 04:00;1,8;1,700000048;0,100000001;-1,063
31.10.2026 05:00;2,8;2,5;0,300000012;-1,155
31.10.2026 06:00;4;3,099999905;0,899999976;-1,355
31.10.2026 07:00;3,9;3;0,899999976;0,02
31.10.2026 08:00;3,2;2,400000095;0,800000012;2,001
31.10.2026 09:00;2,4;1,799999952;0,600000024;4,861
31.10.2026 10:00;2,1;1,5;0,600000024;7,828
31.10.2026 11:00;1,7;1,200000048;0,5;9,068
31.10.2026 12:00;1,7;1,200000048;0,5;9,665
31.10.2026 13:00;1,4;1;0,5;9,77
31.10.2026 14:00;1,3;0,899999976;0,400000006;9,218
31.10.2026 15:00;1,4;1;0,400000006;6,777
31.10.2026 16:00;1,6;1,100000024;0,5;3,313
31.10.2026 17:00;1,7;1,100000024;0,600000024;2,351
31.10.2026 18:00;2,7;2;0,699999988;1,902
31.10.2026 19:00;3,2;2,299999952;0,800000012;1,545
31.10.2026 20:00;3,6;2,700000048;0,899999976;1,302
31.10.2026 21:00;3,6;2,799999952;0,800000012;1,058
31.10.2026 22:00;2,8;2,299999952;0,5;0,947
31.10.2026 23:00;2,7;2,400000095;0,300000012;0,992
01.11.2026 00:00;3,5;3,299999952;0,200000003;0,872
01.11.2026 01:00;3,1;3;0,100000001;0,708
01.11.2026 02:00;3,2;3,099999905;0,100000001;0,587
01.11.2026 03:00;3,1;3,099999905;0;0,699
01.11.2026 04:00;3,1;3;0,100000001;1,216
01.11.2026 05:00;4,7;4,599999905;0,100000001;1,817
01.11.2026 06:00;6,5;6,400000095;0,100000001;2,287
01.11.2026 07:00;6,1;5,900000095;0,200000003;2,902
01.11.2026 08:00;5,1;4,599999905;0,5;3,747
01.11.2026 09:00;5,3;4,300000191;1;4,567
01.11.2026 10:00;4,7;3,700000048;1;5,318
01.11.2026 11:00;4,5;3,400000095;1,100000024;6,056
01.11.2026 12:00;4,1;3,200000048;0,899999976;6,661
01.11.2026 13:00;3,8;3,099999905;0,699999988;7,265
01.11.2026 14:00;3,9;3,200000048;0,699999988;7,681
01.11.2026 15:00;4;3,400000095;0,600000024;7,865
01.11.2026 16:00;4,2;3,700000048;0,5;8,07
01.11.2026 17:00;4,8;4,199999809;0,600000024;8,603
01.11.2026 18:00;5,3;4,599999905;0,699999988;9,415
01.11.2026 19:00;5,6;4,900000095;0,699999988;10,115
01.11.2026 20:00;5,9;5,199999809;0,699999988;10,361
01.11.2026 21:00;5,9;5,300000191;0,600000024;10,439
01.11.2026 22:00;3,7;3,200000048;0,5;10,518
01.11.2026 23:00;2,9;2,599999905;0,300000012;10,462
02.11.2026 00:00;2,7;2,5;0,200000003;10,482
02.11.2026 01:00;2,4;2,299999952;0,100000001;10,928
02.11.2026 02:00;2,5;2,5;0;11,566
02.11.2026 03:00;2,7;2,700000048;0;11,869
02.11.2026 04:00;2,8;2,700000048;0,100000001;12,038
02.11.2026 05:00;4,4;4,099999905;0,300000012;11,906
02.11.2026 06:00;6,4;5,5;0,899999976;11,675
02.11.2026 07:00;5,9;5;0,899999976;12,402
02.11.2026 08:00;5,1;4,300000191;0,800000012;13,424
02.11.2026 09:00;4,8;4,099999905;0,699999988;14,371
02.11.2026 10:00;4,2;3,599999905;0,600000024;15,047
02.11.2026 11:00;4,3;3,700000048;0,600000024;15,063
02.11.2026 12:00;3,6;3,099999905;0,5;14,664
02.11.2026 13:00;3,6;3,200000048;0,400000006;14,488
02.11.2026 14:00;3,6;3,200000048;0,400000006;13,92
02.11.2026 15:00;4;3,599999905;0,400000006;12,73
02.11.2026 16:00;4,6;4,099999905;0,5;11,418
02.11.2026 17:00;5;4,400000095;0,600000024;10,849
02.11.2026 18:00;5,2;4,599999905;0,600000024;10,69
02.11.2026 19:00;6,1;5,199999809;0,899999976;10,6
02.11.2026 20:00;5,8;4,900000095;0,899999976;10,419
02.11.2026 21:00;5,9;5;0,899999976;10,225
02.11.2026 22:00;3,6;3,099999905;0,5;10,096
02.11.2026 23:00;3;2,700000048;0,300000012;9,941
03.11.2026 00:00;2,6;2,400000095;0,200000003;9,829
03.11.2026 01:00;2,3;2,200000048;0,100000001;9,723
03.11.2026 02:00;2,6;2,5;0,100000001;9,396
03.11.2026 03:00;2,6;2,599999905;0;9,099
03.11.2026 04:00;3;2,900000095;0,100000001;8,867
03.11.2026 05:00;4,8;4,599999905;0,100000001;8,773
03.11.2026 06:00;5,9;5,800000191;0,100000001;8,547
03.11.2026 07:00;6;5,800000191;0,200000003;8,923
03.11.2026 08:00;5;4,5;0,5;10,199
03.11.2026 09:00;5,1;4,099999905;1;11,539
03.11.2026 10:00;4,6;3,599999905;1;12,836
03.11.2026 11:00;4,4;3,400000095;1;13,809
03.11.2026 12:00;4,5;3,599999905;1;14,217
03.11.2026 13:00;4,1;3,400000095;0,699999988;13,981
03.11.2026 14:00;4,4;3,700000048;0,699999988;12,925
03.11.2026 15:00;4,4;3,799999952;0,600000024;11,979
03.11.2026 16:00;4,7;4,099999905;0,600000024;11,171
03.11.2026 17:00;5,1;4,5;0,600000024;10,619
03.11.2026 18:00;5;4,400000095;0,600000024;10,082
03.11.2026 19:00;6,3;5,5;0,800000012;9,593
03.11.2026 20:00;5,8;5;0,699999988;9,158
03.11.2026 21:00;5,9;5,300000191;0,600000024;8,908
03.11.2026 22:00;3,9;3,400000095;0,5;8,923
03.11.2026 23:00;2,9;2,599999905;0,300000012;8,629
04.11.2026 00:00;3,5;3,299999952;0,200000003;8,208
04.11.2026 01:00;3,1;3;0,100000001;7,856
04.11.2026 02:00;3,3;3,200000048;0,100000001;7,887
04.11.2026 03:00;2,9;2,900000095;0;8,545
04.11.2026 04:00;3,5;3,400000095;0,100000001;8,616
04.11.2026 05:00;4,8;4,699999809;0,100000001;8,406
04.11.2026 06:00;6,8;6,699999809;0,100000001;7,652
04.11.2026 07:00;6,6;6,400000095;0,200000003;7,697
04.11.2026 08:00;5,7;5,199999809;0,5;8,78
04.11.2026 09:00;6,2;5,199999809;1;9,942
04.11.2026 10:00;6,1;5;1,100000024;11,072
04.11.2026 11:00;5,6;4,599999905;1;11,357
04.11.2026 12:00;4,8;3,900000095;0,899999976;11,36
04.11.2026 13:00;4,4;3,700000048;0,699999988;11,494
04.11.2026 14:00;4,7;4;0,699999988;11,473
04.11.2026 15:00;4,7;4,099999905;0,600000024;10,448
04.11.2026 16:00;4,9;4,400000095;0,5;8,24
04.11.2026 17:00;6,1;5,5;0,600000024;7,584
04.11.2026 18:00;6,3;5,599999905;0,699999988;7,516
04.11.2026 19:00;6,5;5,800000191;0,699999988;7,791
04.11.2026 20:00;6,9;6,199999809;0,699999988;8,186
04.11.2026 21:00;6,3;5,699999809;0,600000024;8,506
04.11.2026 22:00;3,5;3,099999905;0,400000006;8,409
04.11.2026 23:00;3,1;2,799999952;0,300000012;8,182
05.11.2026 00:00;2,8;2,599999905;0,200000003;7,785
05.11.2026 01:00;2,8;2,700000048;0,100000001;7,687
05.11.2026 02:00;2,6;2,599999905;0;7,57
05.11.2026 03:00;2,8;2,799999952;0;7,413
05.11.2026 04:00;3,3;3,200000048;0,100000001;7,199
05.11.2026 05:00;4,7;4,400000095;0,300000012;6,861
05.11.2026 06:00;7,1;6,199999809;0,899999976;6,365
05.11.2026 07:00;6,3;5,400000095;0,899999976;6,855
05.11.2026 08:00;5,4;4,599999905;0,800000012;8,146
05.11.2026 09:00;4,7;4,099999905;0,600000024;9,03
05.11.2026 10:00;4,5;3,900000095;0,600000024;9,763
05.11.2026 11:00;4,3;3,799999952;0,5;10,377
05.11.2026 12:00;3,9;3,400000095;0,5;10,792
05.11.2026 13:00;3,9;3,400000095;0,5;10,9
05.11.2026 14:00;4,2;3,700000048;0,5;10,623
05.11.2026 15:00;4;3,599999905;0,400000006;9,247
05.11.2026 16:00;4,5;4;0,5;8,055
05.11.2026 17:00;4,7;4,099999905;0,600000024;7,715
05.11.2026 18:00;5,6;4,900000095;0,699999988;7,456
05.11.2026 19:00;5,9;5;0,800000012;7,035
05.11.2026 20:00;5,4;4,599999905;0,800000012;6,739
05.11.2026 21:00;5,8;5;0,899999976;6,457
05.11.2026 22:00;3,1;2,599999905;0,5;6,236
05.11.2026 23:00;2,3;2;0,300000012;6,019
06.11.2026 00:00;2,4;2,200000048;0,200000003;5,929
06.11.2026 01:00;2,4;2,299999952;0,100000001;5,787
06.11.2026 02:00;2,4;2,400000095;0;5,632
06.11.2026 03:00;2,4;2,400000095;0;5,581
06.11.2026 04:00;3;2,900000095;0,100000001;5,521
06.11.2026 05:00;5;4,699999809;0,300000012;5,742
06.11.2026 06:00;6,8;5,900000095;0,800000012;5,936
06.11.2026 07:00;6,9;5,900000095;1;6,135
06.11.2026 08:00;5,9;5,099999905;0,800000012;6,762
06.11.2026 09:00;4,8;4,199999809;0,600000024;7,624
06.11.2026 10:00;4,6;4;0,600000024;8,587
06.11.2026 11:00;4,5;4;0,5;9,299
06.11.2026 12:00;4,1;3,599999905;0,5;9,639
06.11.2026 13:00;4,2;3,700000048;0,5;9,668
06.11.2026 14:00;4,5;4;0,5;9,407
06.11.2026 15:00;4,5;4,099999905;0,400000006;8,284
06.11.2026 16:00;5;4,5;0,5;7,268
06.11.2026 17:00;5,2;4,599999905;0,600000024;7,162
06.11.2026 18:00;5,3;4,699999809;0,600000024;6,951
06.11.2026 19:00;6,3;5,400000095;0,899999976;6,563
06.11.2026 20:00;6,9;6;1;5,943
06.11.2026 21:00;6,5;5,599999905;0,899999976;5,462
06.11.2026 22:00;4;3,5;0,5;4,999
06.11.2026 23:00;3,6;3,400000095;0,300000012;4,66
07.11.2026 00:00;3,3;3,099999905;0,200000003;4,297
07.11.2026 01:00;3,6;3,5;0,100000001;4,03
07.11.2026 02:00;3,3;3,299999952;0;4,203
07.11.2026 03:00;3,1;3,099999905;0;4,482
07.11.2026 04:00;3,6;3,599999905;0,100000001;4,743
07.11.2026 05:00;5,6;5,300000191;0,300000012;5,214
07.11.2026 06:00;7,8;6,900000095;0,899999976;5,394
07.11.2026 07:00;7,7;6,800000191;0,899999976;5,807
07.11.2026 08:00;6,9;6,099999905;0,800000012;6,821
07.11.2026 09:00;6,3;5,599999905;0,699999988;8,059
07.11.2026 10:00;5,3;4,699999809;0,600000024;8,951
07.11.2026 11:00;4,7;4,199999809;0,5;9,445
07.11.2026 12:00;4,3;3,799999952;0,5;9,241
07.11.2026 13:00;4,4;3,900000095;0,5;8,119
07.11.2026 14:00;4,3;3,900000095;0,400000006;7,788
07.11.2026 15:00;4,2;3,799999952;0,400000006;7,419
07.11.2026 16:00;4,5;4,099999905;0,400000006;6,136
07.11.2026 17:00;5,4;4,800000191;0,600000024;5,522
07.11.2026 18:00;5,7;5;0,699999988;4,836
07.11.2026 19:00;5,8;5;0,899999976;4,195
07.11.2026 20:00;6,2;5,300000191;1;3,846
07.11.2026 21:00;6,3;5,400000095;0,899999976;3,379
07.11.2026 22:00;3,3;2,799999952;0,5;2,778
07.11.2026 23:00;2,7;2,400000095;0,300000012;2,216
08.11.2026 00:00;2,7;2,599999905;0,200000003;1,757
08.11.2026 01:00;2,5;2,400000095;0,100000001;1,383
08.11.2026 02:00;2,5;2,5;0;1,113
08.11.2026 03:00;2,4;2,400000095;0;0,907
08.11.2026 04:00;2,4;2,400000095;0,100000001;0,655
08.11.2026 05:00;4,1;3,799999952;0,300000012;0,412
08.11.2026 06:00;5,3;4,5;0,800000012;0,25
08.11.2026 07:00;5,5;4,599999905;0,899999976;1,259
08.11.2026 08:00;4,5;3,700000048;0,800000012;3,732
08.11.2026 09:00;4,5;3,799999952;0,699999988;5,541
08.11.2026 10:00;4;3,400000095;0,600000024;8,115
08.11.2026 11:00;4,1;3,5;0,600000024;9,767
08.11.2026 12:00;3,7;3,200000048;0,5;10,085
08.11.2026 13:00;3,7;3,200000048;0,5;9,966
08.11.2026 14:00;3,5;3,099999905;0,400000006;9,411
08.11.2026 15:00;3,6;3,200000048;0,400000006;8,119
08.11.2026 16:00;3,6;3,200000048;0,400000006;7,516
08.11.2026 17:00;4;3,400000095;0,600000024;7,215
08.11.2026 18:00;4,4;3,700000048;0,699999988;6,805
08.11.2026 19:00;4,5;3,700000048;0,800000012;5,775
08.11.2026 20:00;4,5;3,599999905;0,899999976;4,742
08.11.2026 21:00;4,8;3,900000095;0,899999976;3,989
08.11.2026 22:00;2,8;2,299999952;0,5;3,336
08.11.2026 23:00;2,2;1,899999976;0,300000012;2,718
09.11.2026 00:00;1,9;1,700000048;0,200000003;2,11
09.11.2026 01:00;2,2;2,099999905;0,100000001;1,704
09.11.2026 02:00;2,1;2,099999905;0;1,424
09.11.2026 03:00;2;2;0;1,818
09.11.2026 04:00;2,6;2,5;0,100000001;2,202
09.11.2026 05:00;3,7;3,400000095;0,300000012;2,332
09.11.2026 06:00;5,7;4,800000191;0,899999976;2,454
09.11.2026 07:00;5,6;4,699999809;0,899999976;2,71
09.11.2026 08:00;4,5;3,700000048;0,800000012;3,352
09.11.2026 09:00;4,3;3,700000048;0,600000024;4,321
09.11.2026 10:00;4,1;3,5;0,600000024;5,397
09.11.2026 11:00;3,7;3,200000048;0,5;6,311
09.11.2026 12:00;3,5;3;0,5;7,058
09.11.2026 13:00;3,7;3,200000048;0,5;7,39
09.11.2026 14:00;3,5;3,099999905;0,400000006;6,988
09.11.2026 15:00;3,6;3,200000048;0,400000006;5,331
09.11.2026 16:00;3,9;3,400000095;0,5;3,476
09.11.2026 17:00;4,3;3,700000048;0,600000024;2,952
09.11.2026 18:00;4,5;3,799999952;0,699999988;2,349
09.11.2026 19:00;4,9;4;0,899999976;1,704
09.11.2026 20:00;4,9;4;0,899999976;1,2
09.11.2026 21:00;4,7;3,799999952;0,800000012;0,771
09.11.2026 22:00;2,8;2,299999952;0,5;0,317
09.11.2026 23:00;2,5;2,200000048;0,300000012;0,074
10.11.2026 00:00;2,4;2,200000048;0,200000003;-0,095
10.11.2026 01:00;2,2;2,099999905;0,100000001;-0,055
10.11.2026 02:00;2,1;2;0,100000001;0,253
10.11.2026 03:00;2,1;2,099999905;0;0,826
10.11.2026 04:00;2,6;2,5;0,100000001;0,885
10.11.2026 05:00;3,5;3,400000095;0,100000001;0,962
10.11.2026 06:00;5;4,900000095;0,100000001;0,838
10.11.2026 07:00;4,8;4,599999905;0,200000003;1,038
10.11.2026 08:00;4,5;4;0,5;1,936
10.11.2026 09:00;4,8;3,799999952;1;3,633
10.11.2026 10:00;4,4;3,400000095;1;5,572
10.11.2026 11:00;4;3;1;7,503
10.11.2026 12:00;3,8;2,900000095;0,899999976;8,543
10.11.2026 13:00;3,8;3;0,800000012;8,834
10.11.2026 14:00;3,9;3,200000048;0,699999988;8,439
10.11.2026 15:00;3,6;3;0,600000024;6,787
10.11.2026 16:00;4,2;3,599999905;0,600000024;4,439
10.11.2026 17:00;4,3;3,700000048;0,600000024;2,304
10.11.2026 18:00;4,4;3,700000048;0,699999988;1,066
10.11.2026 19:00;4,9;4,199999809;0,699999988;0,568
10.11.2026 20:00;5,1;4,400000095;0,699999988;0,516
10.11.2026 21:00;4,9;4,300000191;0,600000024;0,523
10.11.2026 22:00;3;2,5;0,5;0,171
10.11.2026 23:00;2,4;2,099999905;0,300000012;-0,101
11.11.2026 00:00;2,2;2;0,200000003;0,136
11.11.2026 01:00;2;1,899999976;0,100000001;0,077
11.11.2026 02:00;2,4;2,299999952;0,100000001;-0,112
11.11.2026 03:00;2,3;2,299999952;0;-0,143
11.11.2026 04:00;2,6;2,5;0,100000001;-0,033
11.11.2026 05:00;3,6;3,5;0,100000001;0,176
11.11.2026 06:00;4,9;4,800000191;0,100000001;0,457
11.11.2026 07:00;4,7;4,5;0,200000003;0,843
11.11.2026 08:00;4,2;3,700000048;0,5;1,714
11.11.2026 09:00;4,4;3,400000095;1;2,784
11.11.2026 10:00;4,3;3,299999952;1;3,835
11.11.2026 11:00;3,8;2,799999952;1;4,736
11.11.2026 12:00;4;3;1;5,134
11.11.2026 13:00;3,6;2,799999952;0,800000012;5,17
11.11.2026 14:00;3,4;2,700000048;0,699999988;4,892
11.11.2026 15:00;3,4;2,799999952;0,600000024;4,276
11.11.2026 16:00;3,8;3,200000048;0,600000024;3,647
11.11.2026 17:00;3,9;3,299999952;0,600000024;3,404
11.11.2026 18:00;3,7;3,099999905;0,600000024;3,206
11.11.2026 19:00;4,5;3,700000048;0,800000012;3,097
11.11.2026 20:00;4,3;3,599999905;0,699999988;3,203
11.11.2026 21:00;4,2;3,599999905;0,600000024;3,445
11.11.2026 22:00;2,2;1,799999952;0,400000006;3,754
11.11.2026 23:00;2,1;1,799999952;0,300000012;3,969
12.11.2026 00:00;1,8;1,600000024;0,200000003;3,925
12.11.2026 01:00;1,7;1,600000024;0,100000001;3,446
12.11.2026 02:00;1,8;1,799999952;0;3,053
12.11.2026 03:00;2,2;2,200000048;0;2,912
12.11.2026 04:00;2,6;2,5;0,100000001;2,766
12.11.2026 05:00;3,8;3,5;0,300000012;2,838
12.11.2026 06:00;6,3;5,400000095;0,899999976;2,802
12.11.2026 07:00;6;5,099999905;0,899999976;3,051
12.11.2026 08:00;4,8;4;0,800000012;3,725
12.11.2026 09:00;4,3;3,700000048;0,600000024;4,35
12.11.2026 10:00;3,7;3,099999905;0,600000024;5,218
12.11.2026 11:00;3,9;3,299999952;0,600000024;5,829
12.11.2026 12:00;3,5;3;0,5;5,935
12.11.2026 13:00;3,7;3,200000048;0,5;5,717
12.11.2026 14:00;3,2;2,799999952;0,400000006;5,329
12.11.2026 15:00;3,6;3,200000048;0,400000006;4,617
12.11.2026 16:00;3,7;3,299999952;0,400000006;3,742
12.11.2026 17:00;4,6;4;0,600000024;3,002
12.11.2026 18:00;5,4;4,699999809;0,699999988;2,287
12.11.2026 19:00;5,7;4,800000191;0,899999976;1,814
12.11.2026 20:00;5,8;4,900000095;0,899999976;1,56
12.11.2026 21:00;5,5;4,599999905;0,899999976;1,569
12.11.2026 22:00;3,7;3,200000048;0,5;1,759
12.11.2026 23:00;3,4;3,099999905;0,300000012;2,044
13.11.2026 00:00;3,3;3,099999905;0,200000003;2,098
13.11.2026 01:00;3,2;3,099999905;0,100000001;2,125
13.11.2026 02:00;2,9;2,900000095;0;2,208
13.11.2026 03:00;3;3;0;2,307
13.11.2026 04:00;3,5;3,400000095;0,100000001;2,28
13.11.2026 05:00;5,4;5,099999905;0,300000012;2,255
13.11.2026 06:00;7,2;6,300000191;0,899999976;2,424
13.11.2026 07:00;7;6;0,899999976;2,799
13.11.2026 08:00;6,1;5,300000191;0,800000012;3,52
13.11.2026 09:00;5,4;4,800000191;0,600000024;4,327
13.11.2026 10:00;4,8;4,199999809;0,600000024;5,057
13.11.2026 11:00;4,3;3,799999952;0,5;5,7
13.11.2026 12:00;4,3;3,799999952;0,5;6,286
13.11.2026 13:00;3,9;3,400000095;0,5;6,758
13.11.2026 14:00;3,7;3,299999952;0,400000006;6,573
13.11.2026 15:00;4,2;3,799999952;0,400000006;5,517
13.11.2026 16:00;5,2;4,599999905;0,5;4,296
13.11.2026 17:00;5,7;5,099999905;0,600000024;3,706
13.11.2026 18:00;6,1;5,400000095;0,699999988;3,265
13.11.2026 19:00;6,2;5,400000095;0,800000012;2,984
13.11.2026 20:00;6,2;5,400000095;0,800000012;2,651
13.11.2026 21:00;7;6,099999905;1;2,704
13.11.2026 22:00;4,1;3,599999905;0,5;2,83
13.11.2026 23:00;3,8;3,400000095;0,300000012;2,78
14.11.2026 00:00;3,5;3,299999952;0,200000003;2,688
14.11.2026 01:00;3,3;3,200000048;0,100000001;2,743
14.11.2026 02:00;3,4;3,400000095;0;2,468
14.11.2026 03:00;4;4;0;2,303
14.11.2026 04:00;4;3,900000095;0,100000001;2,15
14.11.2026 05:00;5,8;5,5;0,300000012;2,064
14.11.2026 06:00;8,4;7,5;0,899999976;2,151
14.11.2026 07:00;7,8;6,900000095;0,899999976;2,334
14.11.2026 08:00;6,2;5,5;0,699999988;3,188
14.11.2026 09:00;5,7;5,099999905;0,600000024;4,423
14.11.2026 10:00;5,4;4,800000191;0,600000024;5,886
14.11.2026 11:00;5,2;4,699999809;0,5;7,201
14.11.2026 12:00;5;4,5;0,5;8,089
14.11.2026 13:00;4,8;4,300000191;0,5;8,276
14.11.2026 14:00;4,5;4,099999905;0,400000006;7,531
14.11.2026 15:00;4,4;4;0,400000006;5,518
14.11.2026 16:00;4,9;4,400000095;0,5;4,415
14.11.2026 17:00;5,4;4,800000191;0,600000024;4,01
14.11.2026 18:00;6,1;5,400000095;0,699999988;3,553
14.11.2026 19:00;6,4;5,5;0,899999976;3,165
14.11.2026 20:00;6,3;5,400000095;0,899999976;2,931
14.11.2026 21:00;6,5;5,599999905;0,899999976;2,528
14.11.2026 22:00;3,9;3,400000095;0,5;1,981
14.11.2026 23:00;3,3;3;0,300000012;1,544
15.11.2026 00:00;3,3;3,099999905;0,200000003;1,288
15.11.2026 01:00;3,4;3,299999952;0,100000001;1,326
15.11.2026 02:00;3,4;3,400000095;0;1,351
15.11.2026 03:00;3,8;3,799999952;0;1,044
15.11.2026 04:00;4,4;4,300000191;0,100000001;0,871
15.11.2026 05:00;6,6;6,300000191;0,300000012;0,677
15.11.2026 06:00;9,4;8,5;0,899999976;0,55
15.11.2026 07:00;9,2;8,300000191;0,899999976;0,771
15.11.2026 08:00;7,6;6,800000191;0,800000012;1,613
15.11.2026 09:00;6,9;6,199999809;0,699999988;2,38
15.11.2026 10:00;5,5;4,900000095;0,600000024;3,055
15.11.2026 11:00;5;4,5;0,5;3,726
15.11.2026 12:00;4,8;4,300000191;0,5;4,407
15.11.2026 13:00;5;4,5;0,5;4,924
15.11.2026 14:00;4,9;4,5;0,400000006;4,822
15.11.2026 15:00;5,1;4,699999809;0,400000006;3,689
15.11.2026 16:00;6,4;5,900000095;0,5;1,902
15.11.2026 17:00;6,9;6,400000095;0,600000024;1,507
15.11.2026 18:00;6,8;6,099999905;0,699999988;1,865
15.11.2026 19:00;7,7;6,800000191;0,899999976;1,583
15.11.2026 20:00;7,2;6,300000191;0,899999976;1,812
15.11.2026 21:00;7,1;6,199999809;0,899999976;2,184
15.11.2026 22:00;4,1;3,599999905;0,5;1,928
15.11.2026 23:00;3,4;3,099999905;0,300000012;1,611
16.11.2026 00:00;3,4;3,200000048;0,200000003;1,335
16.11.2026 01:00;3,4;3,299999952;0,100000001;1,162
16.11.2026 02:00;3,3;3,299999952;0;1,215
16.11.2026 03:00;3,4;3,400000095;0;1,318
16.11.2026 04:00;4,1;4;0,100000001;1,285
16.11.2026 05:00;5,7;5,400000095;0,300000012;1,102
16.11.2026 06:00;8,4;7,5;0,899999976;0,712
16.11.2026 07:00;7,9;7;0,899999976;0,45
16.11.2026 08:00;7,7;6,800000191;0,899999976;2,046
16.11.2026 09:00;6,1;5,5;0,600000024;3,793
16.11.2026 10:00;6,2;5,599999905;0,600000024;5,737
16.11.2026 11:00;6;5,5;0,5;7,14
16.11.2026 12:00;5,8;5,300000191;0,5;7,786
16.11.2026 13:00;5,7;5,199999809;0,5;7,861
16.11.2026 14:00;5,4;5;0,400000006;6,933
16.11.2026 15:00;5,6;5,199999809;0,400000006;3,708
16.11.2026 16:00;6,3;5,800000191;0,5;1,652
16.11.2026 17:00;6,6;6;0,600000024;1,121
16.11.2026 18:00;6,8;6;0,699999988;0,905
16.11.2026 19:00;7,4;6,5;0,899999976;0,61
16.11.2026 20:00;7,3;6,400000095;0,899999976;0,051
16.11.2026 21:00;7,5;6,599999905;0,899999976;-0,5
16.11.2026 22:00;4,1;3,599999905;0,5;-0,965
16.11.2026 23:00;3,7;3,400000095;0,300000012;-1,24
17.11.2026 00:00;3,4;3,200000048;0,200000003;-1,275
17.11.2026 01:00;3,4;3,299999952;0,100000001;-1,317
17.11.2026 02:00;3,8;3,599999905;0,100000001;-1,779
17.11.2026 03:00;3,6;3,599999905;0;-1,656
17.11.2026 04:00;4,3;4,199999809;0,100000001;-1,222
17.11.2026 05:00;5,9;5,800000191;0,100000001;-0,601
17.11.2026 06:00;8,5;8,399999619;0,100000001;-0,504
17.11.2026 07:00;7,9;7,699999809;0,200000003;-0,342
17.11.2026 08:00;7,2;6,699999809;0,5;0,601
17.11.2026 09:00;7,7;6,599999905;1,100000024;1,622
17.11.2026 10:00;6,8;5,800000191;1;2,764
17.11.2026 11:00;6,4;5,400000095;1;3,639
17.11.2026 12:00;6,2;5,300000191;0,899999976;4,422
17.11.2026 13:00;5,8;5,099999905;0,699999988;4,723
17.11.2026 14:00;5,8;5,099999905;0,699999988;4,317
17.11.2026 15:00;5,9;5,300000191;0,600000024;3,49
17.11.2026 16:00;6,3;5,699999809;0,600000024;2,981
17.11.2026 17:00;6,6;6;0,600000024;2,717
17.11.2026 18:00;7,7;7;0,699999988;2,537
17.11.2026 19:00;8,3;7,5;0,800000012;2,267
17.11.2026 20:00;7,3;6,599999905;0,699999988;1,262
17.11.2026 21:00;7,5;6,900000095;0,600000024;0,884
17.11.2026 22:00;4,3;3,900000095;0,400000006;0,734
17.11.2026 23:00;3,8;3,5;0,300000012;0,654
18.11.2026 00:00;3,5;3,299999952;0,200000003;0,644
18.11.2026 01:00;3,9;3,799999952;0,100000001;0,695
18.11.2026 02:00;3,6;3,599999905;0,100000001;0,764
18.11.2026 03:00;3,3;3,299999952;0;1,009
18.11.2026 04:00;4,1;4;0,100000001;1,3
18.11.2026 05:00;5,7;5,599999905;0,100000001;1,568
18.11.2026 06:00;7,7;7,599999905;0,100000001;1,794
18.11.2026 07:00;7,4;7,199999809;0,200000003;2,027
18.11.2026 08:00;7;6,400000095;0,600000024;2,399
18.11.2026 09:00;5,9;5;0,899999976;2,737
18.11.2026 10:00;6,2;5,099999905;1,100000024;3,021
18.11.2026 11:00;5,5;4,5;1;3,184
18.11.2026 12:00;5,9;4,800000191;1,100000024;3,096
18.11.2026 13:00;5;4,199999809;0,800000012;2,818
18.11.2026 14:00;5,1;4,400000095;0,699999988;2,403
18.11.2026 15:00;5;4,400000095;0,600000024;1,882
18.11.2026 16:00;5,5;4,900000095;0,600000024;1,548
18.11.2026 17:00;5,8;5,199999809;0,600000024;1,571
18.11.2026 18:00;6,2;5,5;0,699999988;1,71
18.11.2026 19:00;6;5,300000191;0,699999988;2,15
18.11.2026 20:00;6,5;5,800000191;0,699999988;2,699
18.11.2026 21:00;5,9;5,300000191;0,600000024;3,215
18.11.2026 22:00;3,5;3;0,5;3,674
18.11.2026 23:00;2,7;2,400000095;0,300000012;3,913
19.11.2026 00:00;2,3;2,099999905;0,200000003;3,715
19.11.2026 01:00;2,4;2,299999952;0,100000001;3,02
19.11.2026 02:00;2,3;2,299999952;0;2,539
19.11.2026 03:00;2,3;2,299999952;0;2,081
19.11.2026 04:00;2,8;2,700000048;0,100000001;1,815
19.11.2026 05:00;4;3,700000048;0,300000012;1,673
19.11.2026 06:00;6;5,099999905;0,800000012;1,333
19.11.2026 07:00;6,2;5,199999809;1;1,203
19.11.2026 08:00;5,1;4,300000191;0,800000012;1,915
19.11.2026 09:00;4,6;4;0,600000024;2,744
19.11.2026 10:00;4,1;3,599999905;0,5;3,558
19.11.2026 11:00;4,6;4;0,600000024;4,202
19.11.2026 12:00;4,7;4,099999905;0,600000024;4,542
19.11.2026 13:00;4;3,5;0,5;4,618
19.11.2026 14:00;4;3,599999905;0,400000006;4,367
19.11.2026 15:00;4,2;3,799999952;0,400000006;3,22
19.11.2026 16:00;4,3;3,799999952;0,5;2,14
19.11.2026 17:00;4,8;4,199999809;0,600000024;1,823
19.11.2026 18:00;5,5;4,800000191;0,699999988;1,525
19.11.2026 19:00;5,6;4,699999809;0,899999976;1,351
19.11.2026 20:00;5,6;4,599999905;0,899999976;1,062
19.11.2026 21:00;6,2;5,199999809;1;0,91
19.11.2026 22:00;3,4;2,900000095;0,5;0,94
19.11.2026 23:00;3;2,700000048;0,300000012;0,764
20.11.2026 00:00;2,9;2,700000048;0,200000003;0,664
20.11.2026 01:00;2,7;2,599999905;0,100000001;0,6
20.11.2026 02:00;2,5;2,5;0;0,569
20.11.2026 03:00;2,9;2,900000095;0;0,413
20.11.2026 04:00;3,1;3;0,100000001;0,23
20.11.2026 05:00;4,7;4,400000095;0,300000012;0,087
20.11.2026 06:00;6,5;5,599999905;0,899999976;-0,019
20.11.2026 07:00;6,1;5,199999809;0,899999976;0,189
20.11.2026 08:00;5,2;4,400000095;0,800000012;1,976
20.11.2026 09:00;4,9;4,199999809;0,699999988;3,173
20.11.2026 10:00;4,5;3,900000095;0,600000024;3,888
20.11.2026 11:00;3,7;3,200000048;0,5;4,426
20.11.2026 12:00;3,5;3;0,5;4,753
20.11.2026 13:00;3,4;2,900000095;0,5;4,795
20.11.2026 14:00;3,1;2,700000048;0,400000006;4,323
20.11.2026 15:00;3,5;3,099999905;0,400000006;2,623
20.11.2026 16:00;4,1;3,599999905;0,5;1,33
20.11.2026 17:00;4,1;3,400000095;0,600000024;0,682
20.11.2026 18:00;4,6;3,900000095;0,699999988;-0,346
20.11.2026 19:00;5,2;4,300000191;0,899999976;-1,483
20.11.2026 20:00;5,5;4,599999905;1;-2,038
20.11.2026 21:00;5,6;4,699999809;0,899999976;-2,165
20.11.2026 22:00;3,3;2,799999952;0,5;-2,289
20.11.2026 23:00;2,7;2,400000095;0,300000012;-2,569
21.11.2026 00:00;2,8;2,599999905;0,200000003;-2,839
21.11.2026 01:00;2,8;2,700000048;0,100000001;-2,832
21.11.2026 02:00;2,8;2,799999952;0;-2,508
21.11.2026 03:00;2,8;2,799999952;0;-1,956
21.11.2026 04:00;3,6;3,5;0,100000001;-1,487
21.11.2026 05:00;4,9;4,599999905;0,300000012;-1,191
21.11.2026 06:00;7,7;6,800000191;0,899999976;-1,065
21.11.2026 07:00;6,9;6;0,899999976;-0,832
21.11.2026 08:00;6,5;5,699999809;0,800000012;0,153
21.11.2026 09:00;5,5;4,900000095;0,600000024;1,262
21.11.2026 10:00;5,2;4,599999905;0,600000024;2,124
21.11.2026 11:00;5;4,5;0,5;2,886
21.11.2026 12:00;4,7;4,199999809;0,5;3,474
21.11.2026 13:00;4,9;4,400000095;0,5;3,755
21.11.2026 14:00;5;4,5;0,5;3,513
21.11.2026 15:00;5,3;4,900000095;0,400000006;2,825
21.11.2026 16:00;5,7;5,199999809;0,5;2,654
21.11.2026 17:00;5,9;5,300000191;0,600000024;2,607
21.11.2026 18:00;6,4;5,699999809;0,699999988;2,513
21.11.2026 19:00;7;6;0,899999976;2,372
21.11.2026 20:00;7,3;6,300000191;1;2,294
21.11.2026 21:00;6,7;5,800000191;0,899999976;2,259
21.11.2026 22:00;3,8;3,400000095;0,5;2,221
21.11.2026 23:00;3,3;3;0,300000012;2,176
22.11.2026 00:00;3,2;3;0,200000003;2,419
22.11.2026 01:00;3,3;3,200000048;0,100000001;2,484
22.11.2026 02:00;3;3;0;2,485
22.11.2026 03:00;3,6;3,599999905;0;2,569
22.11.2026 04:00;3,9;3,799999952;0,100000001;2,603
22.11.2026 05:00;5,7;5,400000095;0,300000012;2,576
22.11.2026 06:00;7,9;7;0,899999976;2,369
22.11.2026 07:00;7,6;6,699999809;0,899999976;2,199
22.11.2026 08:00;7;6,199999809;0,800000012;2,994
22.11.2026 09:00;6,4;5,699999809;0,699999988;4,18
22.11.2026 10:00;5,4;4,900000095;0,5;5,596
22.11.2026 11:00;5,9;5,300000191;0,600000024;6,611
22.11.2026 12:00;5,3;4,800000191;0,5;6,964
22.11.2026 13:00;5,4;4,900000095;0,5;6,728
22.11.2026 14:00;5,1;4,699999809;0,400000006;5,875
22.11.2026 15:00;5,5;5,099999905;0,400000006;4,847
22.11.2026 16:00;5,6;5,099999905;0,5;4,347
22.11.2026 17:00;5,8;5,199999809;0,600000024;4,073
22.11.2026 18:00;6;5,300000191;0,699999988;3,908
22.11.2026 19:00;6,5;5,599999905;0,899999976;3,628
22.11.2026 20:00;6,9;6;1;3,162
22.11.2026 21:00;5,9;5,099999905;0,800000012;2,658
22.11.2026 22:00;3,5;3;0,5;2,161
22.11.2026 23:00;2,7;2,400000095;0,300000012;1,983
23.11.2026 00:00;2;1,799999952;0,200000003;2,079
23.11.2026 01:00;2,1;2;0,100000001;2,312
23.11.2026 02:00;2,4;2,400000095;0;2,457
23.11.2026 03:00;3,2;3,200000048;0;2,542
23.11.2026 04:00;3,5;3,400000095;0,100000001;2,455
23.11.2026 05:00;4,9;4,599999905;0,300000012;2,316
23.11.2026 06:00;6,9;6;0,899999976;2,223
23.11.2026 07:00;6,8;5,900000095;0,899999976;2,191
23.11.2026 08:00;6;5,199999809;0,800000012;2,878
23.11.2026 09:00;4,7;4,099999905;0,600000024;4,286
23.11.2026 10:00;4,5;3,900000095;0,600000024;6,04
23.11.2026 11:00;4,1;3,599999905;0,600000024;7,598
23.11.2026 12:00;3,6;3,099999905;0,5;8,675
23.11.2026 13:00;3,4;2,900000095;0,5;9,307
23.11.2026 14:00;3,8;3,299999952;0,5;8,711
23.11.2026 15:00;3,7;3,299999952;0,400000006;6,71
23.11.2026 16:00;5;4,5;0,5;5,815
23.11.2026 17:00;5,4;4,800000191;0,600000024;5,42
23.11.2026 18:00;5,6;4,900000095;0,699999988;5,02
23.11.2026 19:00;6,2;5,300000191;0,899999976;4,529
23.11.2026 20:00;6,4;5,5;1;4,172
23.11.2026 21:00;6,1;5,199999809;0,899999976;3,816
23.11.2026 22:00;3,8;3,299999952;0,5;3,434
23.11.2026 23:00;2,9;2,599999905;0,300000012;3,103
24.11.2026 00:00;2,7;2,5;0,200000003;3,098
24.11.2026 01:00;2,6;2,5;0,100000001;3,197
24.11.2026 02:00;2,8;2,700000048;0,100000001;3,065
24.11.2026 03:00;2,7;2,700000048;0;3,133
24.11.2026 04:00;2,9;2,799999952;0,100000001;3,118
24.11.2026 05:00;4,4;4,300000191;0,100000001;3,188
24.11.2026 06:00;5,9;5,800000191;0,100000001;3,227
24.11.2026 07:00;5,4;5,199999809;0,200000003;3,185
24.11.2026 08:00;5,3;4,699999809;0,600000024;4,393
24.11.2026 09:00;5;4,099999905;1;6,278
24.11.2026 10:00;5,3;4,199999809;1,100000024;7,98
24.11.2026 11:00;4,9;3,799999952;1,100000024;9,234
24.11.2026 12:00;4,3;3,400000095;0,899999976;9,864
24.11.2026 13:00;4,4;3,700000048;0,699999988;9,92
24.11.2026 14:00;4,4;3,700000048;0,699999988;9,052
24.11.2026 15:00;4,3;3,700000048;0,600000024;7,185
24.11.2026 16:00;4,2;3,700000048;0,5;6,475
24.11.2026 17:00;4,7;4,099999905;0,600000024;6,386
24.11.2026 18:00;4,6;4;0,600000024;6,389
24.11.2026 19:00;5,5;4,699999809;0,800000012;6,324
24.11.2026 20:00;5,3;4,599999905;0,699999988;6,193
24.11.2026 21:00;4,9;4,300000191;0,600000024;5,996
24.11.2026 22:00;3,2;2,700000048;0,5;5,843
24.11.2026 23:00;2,5;2,200000048;0,300000012;5,444
25.11.2026 00:00;2,2;2;0,200000003;5,194
25.11.2026 01:00;2,4;2,299999952;0,100000001;5,229
25.11.2026 02:00;2,2;2,099999905;0,100000001;5,316
25.11.2026 03:00;2,3;2,299999952;0;5,263
25.11.2026 04:00;2,8;2,700000048;0,100000001;4,954
25.11.2026 05:00;4;3,900000095;0,100000001;4,796
25.11.2026 06:00;5,4;5,300000191;0,100000001;4,768
25.11.2026 07:00;5,1;4,900000095;0,200000003;4,829
25.11.2026 08:00;4,8;4,300000191;0,5;5,689
25.11.2026 09:00;5,1;4;1,100000024;6,577
25.11.2026 10:00;4,5;3,5;1;7,256
25.11.2026 11:00;4,4;3,299999952;1,100000024;7,772
25.11.2026 12:00;4,3;3,299999952;1;8,094
25.11.2026 13:00;3,8;3;0,800000012;8,116
25.11.2026 14:00;3,4;2,799999952;0,600000024;7,522
25.11.2026 15:00;3,9;3,299999952;0,600000024;6,479
25.11.2026 16:00;3,7;3,200000048;0,5;6,14
25.11.2026 17:00;4;3,400000095;0,600000024;6,165
25.11.2026 18:00;4,5;3,799999952;0,699999988;5,959
25.11.2026 19:00;4,5;3,799999952;0,699999988;5,504
25.11.2026 20:00;4,9;4,199999809;0,699999988;4,967
25.11.2026 21:00;4,7;4,099999905;0,600000024;4,484
25.11.2026 22:00;2,7;2,200000048;0,5;4,338
25.11.2026 23:00;1,9;1,600000024;0,300000012;4,438
26.11.2026 00:00;1,7;1,5;0,200000003;4,611
26.11.2026 01:00;1,5;1,399999976;0,100000001;4,617
26.11.2026 02:00;1,5;1,5;0;4,624
26.11.2026 03:00;1,2;1,200000048;0;4,774
26.11.2026 04:00;1,4;1,299999952;0,100000001;4,952
26.11.2026 05:00;2,3;2;0,300000012;5,172
26.11.2026 06:00;4;3,099999905;0,899999976;5,58
26.11.2026 07:00;3,8;2,900000095;0,899999976;5,921
26.11.2026 08:00;3,4;2,599999905;0,800000012;6,575
26.11.2026 09:00;3,2;2,5;0,699999988;7,549
26.11.2026 10:00;2,9;2,400000095;0,5;8,629
26.11.2026 11:00;3,2;2,599999905;0,600000024;9,552
26.11.2026 12:00;3,3;2,799999952;0,5;10,314
26.11.2026 13:00;2,8;2,299999952;0,5;10,455
26.11.2026 14:00;2,9;2,400000095;0,5;9,961
26.11.2026 15:00;3,2;2,799999952;0,400000006;8,912
26.11.2026 16:00;3,7;3,200000048;0,5;8,628
26.11.2026 17:00;4;3,400000095;0,600000024;8,694
26.11.2026 18:00;4,4;3,700000048;0,699999988;8,512
26.11.2026 19:00;4,7;3,799999952;0,899999976;8,347
26.11.2026 20:00;4,9;4;0,899999976;8,045
26.11.2026 21:00;5,1;4,199999809;0,899999976;7,764
26.11.2026 22:00;3,5;3;0,5;7,729
26.11.2026 23:00;3,1;2,799999952;0,300000012;7,746
27.11.2026 00:00;3,2;3;0,200000003;7,913
27.11.2026 01:00;2,8;2,700000048;0,100000001;7,886
27.11.2026 02:00;2,9;2,900000095;0;7,671
27.11.2026 03:00;3;3;0;7,353
27.11.2026 04:00;3,3;3,200000048;0,100000001;7,075
27.11.2026 05:00;4,6;4,300000191;0,300000012;6,902
27.11.2026 06:00;6,9;6;0,899999976;7,075
27.11.2026 07:00;6,2;5,300000191;0,899999976;7,368
27.11.2026 08:00;5,1;4,300000191;0,800000012;8,127
27.11.2026 09:00;5,3;4,599999905;0,699999988;9,03
27.11.2026 10:00;5,3;4,699999809;0,600000024;9,982
27.11.2026 11:00;4,4;3,900000095;0,5;10,548
27.11.2026 12:00;4,2;3,700000048;0,5;10,815
27.11.2026 13:00;4,4;3,900000095;0,5;10,772
27.11.2026 14:00;4;3,599999905;0,400000006;10,144
27.11.2026 15:00;4,1;3,700000048;0,400000006;9,427
27.11.2026 16:00;4,3;3,799999952;0,5;9,3
27.11.2026 17:00;4,6;4;0,600000024;9,47
27.11.2026 18:00;5,5;4,699999809;0,800000012;9,531
27.11.2026 19:00;5,7;4,800000191;1;9,496
27.11.2026 20:00;5,1;4,199999809;0,899999976;9,541
27.11.2026 21:00;5,4;4,5;0,899999976;9,465
27.11.2026 22:00;2,9;2,400000095;0,5;9,291
27.11.2026 23:00;2,9;2,599999905;0,300000012;9,123
28.11.2026 00:00;2,4;2,200000048;0,200000003;8,988
28.11.2026 01:00;2,4;2,299999952;0,100000001;8,927
28.11.2026 02:00;2,2;2,200000048;0;8,957
28.11.2026 03:00;2,5;2,5;0;8,94
28.11.2026 04:00;3;2,900000095;0,100000001;8,816
28.11.2026 05:00;4,2;3,900000095;0,300000012;8,622
28.11.2026 06:00;6,6;5,599999905;0,899999976;8,49
28.11.2026 07:00;5,6;4,599999905;0,800000012;8,479
28.11.2026 08:00;5,6;4,699999809;0,800000012;8,729
28.11.2026 09:00;4,9;4,199999809;0,699999988;9,087
28.11.2026 10:00;4,4;3,799999952;0,600000024;9,357
28.11.2026 11:00;4,5;3,900000095;0,600000024;9,458
28.11.2026 12:00;3,7;3,200000048;0,5;9,433
28.11.2026 13:00;4,4;3,900000095;0,5;9,318
28.11.2026 14:00;4,1;3,700000048;0,400000006;9,023
28.11.2026 15:00;4;3,599999905;0,400000006;8,587
28.11.2026 16:00;4,9;4,400000095;0,5;8,294
28.11.2026 17:00;5,1;4,5;0,600000024;8,107
28.11.2026 18:00;5,3;4,599999905;0,699999988;7,932
28.11.2026 19:00;5,9;5;0,899999976;7,776
28.11.2026 20:00;6,1;5,099999905;1;7,689
28.11.2026 21:00;6,3;5,300000191;1;7,632
28.11.2026 22:00;3,5;3;0,5;7,545
28.11.2026 23:00;3,3;3;0,300000012;7,27
29.11.2026 00:00;3;2,799999952;0,200000003;6,915
29.11.2026 01:00;3,2;3,099999905;0,100000001;6,625
29.11.2026 02:00;3,3;3,299999952;0;6,223
29.11.2026 03:00;3,3;3,299999952;0;5,624
29.11.2026 04:00;3,8;3,700000048;0,100000001;5,004
29.11.2026 05:00;6,4;6,099999905;0,400000006;4,316
29.11.2026 06:00;8,9;7,900000095;1;3,687
29.11.2026 07:00;7,7;6,800000191;0,899999976;3,298
29.11.2026 08:00;6,6;5,800000191;0,800000012;3,528
29.11.2026 09:00;6,3;5,599999905;0,699999988;4,435
29.11.2026 10:00;6;5,400000095;0,600000024;5,874
29.11.2026 11:00;5,3;4,800000191;0,5;6,916
29.11.2026 12:00;5,6;5,099999905;0,5;7,276
29.11.2026 13:00;5;4,5;0,5;7,129
29.11.2026 14:00;4,9;4,5;0,400000006;6,276
29.11.2026 15:00;5,2;4,800000191;0,400000006;4,129
29.11.2026 16:00;5,2;4,800000191;0,400000006;3,16
29.11.2026 17:00;6,1;5,5;0,600000024;2,698
29.11.2026 18:00;6,8;6,099999905;0,699999988;2,213
29.11.2026 19:00;7,4;6,5;0,899999976;1,777
29.11.2026 20:00;7,2;6,300000191;1;1,527
29.11.2026 21:00;6,9;6;0,899999976;1,26
29.11.2026 22:00;3,8;3,299999952;0,5;1,216
29.11.2026 23:00;3,2;2,900000095;0,300000012;1,242
30.11.2026 00:00;3,1;2,900000095;0,200000003;1,187
30.11.2026 01:00;3,1;3;0,100000001;0,757
30.11.2026 02:00;3,1;3,099999905;0;0,332
30.11.2026 03:00;3,1;3,099999905;0;0,361
30.11.2026 04:00;3,8;3,700000048;0,100000001;0,582
30.11.2026 05:00;5,8;5,5;0,300000012;0,938
30.11.2026 06:00;8,1;7,199999809;0,800000012;1,021
30.11.2026 07:00;7,8;6,900000095;0,899999976;0,902
30.11.2026 08:00;7,1;6,300000191;0,800000012;1,011
30.11.2026 09:00;6,7;6;0,699999988;1,61
30.11.2026 10:00;6,5;5,900000095;0,600000024;2,753
30.11.2026 11:00;6,5;5,900000095;0,600000024;4,248
30.11.2026 12:00;6;5,5;0,5;5,363
30.11.2026 13:00;5,5;5;0,5;5,471
30.11.2026 14:00;5,6;5,199999809;0,400000006;4,471
30.11.2026 15:00;6,1;5,599999905;0,400000006;2,324
30.11.2026 16:00;6,2;5,699999809;0,5;1,138
30.11.2026 17:00;6,2;5,599999905;0,600000024;0,467
30.11.2026 18:00;7,3;6,599999905;0,699999988;-0,041
30.11.2026 19:00;7,5;6,599999905;0,899999976;-0,524
30.11.2026 20:00;7,9;7;0,899999976;-0,966
30.11.2026 21:00;7,9;7;0,899999976;-1,165
30.11.2026 22:00;4,5;4;0,5;-1,254
30.11.2026 23:00;4,3;4;0,300000012;-1,744
01.12.2026 00:00;3,8;3,599999905;0,200000003;-2,219
01.12.2026 01:00;3,7;3,599999905;0,100000001;-2,068
01.12.2026 02:00;3,8;3,700000048;0,100000001;-1,473
01.12.2026 03:00;3,8;3,799999952;0;-1,208
01.12.2026 04:00;4,3;4,199999809;0,100000001;-1,171
01.12.2026 05:00;6,6;6,5;0,100000001;-1,367
01.12.2026 06:00;8,7;8,600000381;0,100000001;-1,791
01.12.2026 07:00;8,8;8,600000381;0,200000003;-1,055
01.12.2026 08:00;7,7;7,199999809;0,5;-0,074
01.12.2026 09:00;7,4;6,5;1;0,528
01.12.2026 10:00;7;6;1;1,214
01.12.2026 11:00;7,5;6,400000095;1,100000024;1,757
01.12.2026 12:00;7;6;1;1,923
01.12.2026 13:00;7;6,199999809;0,800000012;1,703
01.12.2026 14:00;7;6,300000191;0,699999988;1,138
01.12.2026 15:00;7,2;6,599999905;0,600000024;0,415
01.12.2026 16:00;7,8;7,199999809;0,600000024;0,25
01.12.2026 17:00;9;8,300000191;0,699999988;0,185
01.12.2026 18:00;8,8;8,100000381;0,699999988;0,047
01.12.2026 19:00;9,2;8,399999619;0,800000012;-0,105
01.12.2026 20:00;10,1;9,300000191;0,800000012;-0,303
01.12.2026 21:00;8,9;8,300000191;0,600000024;-0,507
01.12.2026 22:00;5,3;4,900000095;0,400000006;-0,79
01.12.2026 23:00;5,5;5,199999809;0,300000012;-1,353
02.12.2026 00:00;4,6;4,400000095;0,200000003;-2,037
02.12.2026 01:00;4,3;4,199999809;0,100000001;-2
02.12.2026 02:00;4,9;4,800000191;0,100000001;-1,729
02.12.2026 03:00;4,6;4,599999905;0;-1,578
02.12.2026 04:00;5;4,900000095;0,100000001;-1,426
02.12.2026 05:00;7,4;7,400000095;0,100000001;-1,408
02.12.2026 06:00;10,2;10,10000038;0,100000001;-1,32
02.12.2026 07:00;10,5;10,30000019;0,200000003;-1,006
02.12.2026 08:00;7,9;7,400000095;0,5;-0,313
02.12.2026 09:00;8,9;7,900000095;1;0,492
02.12.2026 10:00;7,8;6,800000191;1;1,31
02.12.2026 11:00;8,2;7,099999905;1,100000024;2,031
02.12.2026 12:00;7,5;6,599999905;1;2,601
02.12.2026 13:00;7,5;6,699999809;0,800000012;3,027
02.12.2026 14:00;6,3;5,699999809;0,600000024;3,078
02.12.2026 15:00;7,5;6,900000095;0,600000024;2,549
02.12.2026 16:00;7,7;7,099999905;0,600000024;2,396
02.12.2026 17:00;8,5;7,900000095;0,600000024;2,374
02.12.2026 18:00;9;8,300000191;0,699999988;2,715
02.12.2026 19:00;8,6;7,900000095;0,699999988;3,055
02.12.2026 20:00;10;9,300000191;0,699999988;3,159
02.12.2026 21:00;9,8;9,199999809;0,600000024;3,158
02.12.2026 22:00;5,6;5,099999905;0,5;3,151
02.12.2026 23:00;4,4;4,099999905;0,300000012;3,249
03.12.2026 00:00;3,8;3,599999905;0,200000003;3,282
03.12.2026 01:00;4;3,900000095;0,100000001;3,272
03.12.2026 02:00;3,8;3,799999952;0;3,348
03.12.2026 03:00;3,9;3,900000095;0;3,372
03.12.2026 04:00;4,5;4,400000095;0,100000001;3,385
03.12.2026 05:00;6,3;6;0,300000012;3,171
03.12.2026 06:00;9,5;8,600000381;0,899999976;2,887
03.12.2026 07:00;9;8,199999809;0,899999976;2,734
03.12.2026 08:00;8,1;7,300000191;0,800000012;2,939
03.12.2026 09:00;6,8;6,199999809;0,600000024;3,481
03.12.2026 10:00;7;6,400000095;0,600000024;4,305
03.12.2026 11:00;6,5;6;0,5;5,323
03.12.2026 12:00;6;5,5;0,5;5,996
03.12.2026 13:00;6;5,5;0,5;6,225
03.12.2026 14:00;6,2;5,699999809;0,5;5,73
03.12.2026 15:00;6,1;5,699999809;0,400000006;4,936
03.12.2026 16:00;6,3;5,800000191;0,5;4,4
03.12.2026 17:00;6,8;6,199999809;0,600000024;3,888
03.12.2026 18:00;7,3;6,599999905;0,699999988;3,587
03.12.2026 19:00;7,8;6,900000095;0,899999976;3,247
03.12.2026 20:00;8,6;7,599999905;1;2,852
03.12.2026 21:00;7,9;7;0,899999976;1,969
03.12.2026 22:00;4,4;3,900000095;0,5;1,158
03.12.2026 23:00;4,1;3,799999952;0,300000012;0,549
04.12.2026 00:00;3,4;3,200000048;0,200000003;0,118
04.12.2026 01:00;3,5;3,400000095;0,100000001;-0,308
04.12.2026 02:00;3,6;3,599999905;0;-0,667
04.12.2026 03:00;3,6;3,599999905;0;-0,72
04.12.2026 04:00;4,3;4,199999809;0,100000001;-0,595
04.12.2026 05:00;7,1;6,800000191;0,300000012;-0,433
04.12.2026 06:00;9,5;8,600000381;0,899999976;-0,382
04.12.2026 07:00;9,2;8,300000191;0,899999976;-0,303
04.12.2026 08:00;8;7,199999809;0,800000012;0,584
04.12.2026 09:00;7,5;6,800000191;0,699999988;1,896
04.12.2026 10:00;7,3;6,699999809;0,600000024;3,517
04.12.2026 11:00;7,3;6,800000191;0,5;4,901
04.12.2026 12:00;7,1;6,599999905;0,5;5,704
04.12.2026 13:00;6,7;6,199999809;0,5;5,851
04.12.2026 14:00;6,7;6,300000191;0,400000006;4,472
04.12.2026 15:00;7,3;6,800000191;0,5;1,743
04.12.2026 16:00;7,1;6,599999905;0,5;0,69
04.12.2026 17:00;7,7;7,099999905;0,600000024;0,167
04.12.2026 18:00;7,5;6,800000191;0,699999988;-0,332
04.12.2026 19:00;8,4;7,5;0,899999976;-0,832
04.12.2026 20:00;8,3;7,400000095;1;-1,294
04.12.2026 21:00;7,2;6,300000191;0,899999976;-1,698
04.12.2026 22:00;4,3;3,799999952;0,5;-1,992
04.12.2026 23:00;3,4;3,099999905;0,300000012;-2,158
05.12.2026 00:00;3,3;3,099999905;0,200000003;-2,29
05.12.2026 01:00;3,2;3,099999905;0,100000001;-2,411
05.12.2026 02:00;3,3;3,299999952;0;-2,515
05.12.2026 03:00;3,5;3,5;0;-2,59
05.12.2026 04:00;3,6;3,5;0,100000001;-2,689
05.12.2026 05:00;6,2;5,900000095;0,300000012;-2,822
05.12.2026 06:00;8,1;7,199999809;0,899999976;-2,975
05.12.2026 07:00;7,7;6,800000191;0,899999976;-2,963
05.12.2026 08:00;7,1;6,300000191;0,800000012;-1,051
05.12.2026 09:00;6,4;5,699999809;0,699999988;0,628
05.12.2026 10:00;6,2;5,599999905;0,600000024;2,145
05.12.2026 11:00;6,2;5,599999905;0,600000024;3,48
05.12.2026 12:00;5,4;4,900000095;0,5;4,148
05.12.2026 13:00;5,7;5,199999809;0,5;3,821
05.12.2026 14:00;5,2;4,800000191;0,400000006;1,498
05.12.2026 15:00;5,7;5,300000191;0,400000006;-1,252
05.12.2026 16:00;6;5,5;0,5;-1,926
05.12.2026 17:00;6,6;6;0,600000024;-1,942
05.12.2026 18:00;7;6,300000191;0,699999988;-2,136
05.12.2026 19:00;7,5;6,599999905;0,899999976;-2,497
05.12.2026 20:00;8;7;1;-2,841
05.12.2026 21:00;7,4;6,5;0,899999976;-2,962
05.12.2026 22:00;3,9;3,5;0,400000006;-2,792
05.12.2026 23:00;4,1;3,799999952;0,300000012;-2,55
06.12.2026 00:00;3,7;3,5;0,200000003;-2,047
06.12.2026 01:00;3,6;3,5;0,100000001;-1,576
06.12.2026 02:00;3,4;3,400000095;0;-1,103
06.12.2026 03:00;3,3;3,299999952;0;-0,683
06.12.2026 04:00;4,2;4,099999905;0,100000001;-0,332
06.12.2026 05:00;6,9;6,599999905;0,400000006;0,269
06.12.2026 06:00;9;8,100000381;0,899999976;0,624
06.12.2026 07:00;8,9;8;0,899999976;0,773
06.12.2026 08:00;7,8;7;0,800000012;1,097
06.12.2026 09:00;7,8;7,099999905;0,699999988;1,654
06.12.2026 10:00;7;6,400000095;0,600000024;2,248
06.12.2026 11:00;6,3;5,800000191;0,5;2,688
06.12.2026 12:00;6,8;6,300000191;0,5;3,037
06.12.2026 13:00;6,8;6,300000191;0,5;3,181
06.12.2026 14:00;7,2;6,699999809;0,5;3,13
06.12.2026 15:00;7,1;6,599999905;0,5;3,177
06.12.2026 16:00;6,7;6,199999809;0,5;3,338
06.12.2026 17:00;8,5;7,800000191;0,699999988;4,068
06.12.2026 18:00;7,8;7,099999905;0,699999988;4,036
06.12.2026 19:00;8,1;7,199999809;0,800000012;4,085
06.12.2026 20:00;9,1;8,100000381;1;4,075
06.12.2026 21:00;8,5;7,599999905;0,899999976;4,202
06.12.2026 22:00;5;4,5;0,5;4,528
06.12.2026 23:00;4,3;4;0,300000012;5,166
07.12.2026 00:00;4,1;3,900000095;0,200000003;6,153
07.12.2026 01:00;3,9;3,799999952;0,100000001;6,718
07.12.2026 02:00;4;4;0;6,759
07.12.2026 03:00;4,1;4,099999905;0;6,578
07.12.2026 04:00;5,2;5;0,100000001;6,297
07.12.2026 05:00;7,8;7,5;0,300000012;6,074
07.12.2026 06:00;10,5;9,600000381;0,899999976;5,953
07.12.2026 07:00;10,2;9,300000191;0,899999976;5,996
07.12.2026 08:00;9,3;8,5;0,800000012;6,169
07.12.2026 09:00;8,6;8;0,699999988;6,637
07.12.2026 10:00;7,5;7;0,600000024;7,238
07.12.2026 11:00;7,4;6,900000095;0,5;7,8
07.12.2026 12:00;6,8;6,300000191;0,5;8,202
07.12.2026 13:00;6,9;6,400000095;0,5;8,16
07.12.2026 14:00;7;6,599999905;0,400000006;7,414
07.12.2026 15:00;7,5;7,099999905;0,400000006;6,269
07.12.2026 16:00;7,2;6,800000191;0,400000006;6,016
07.12.2026 17:00;8,4;7,800000191;0,600000024;6,212
07.12.2026 18:00;9,3;8,600000381;0,699999988;5,958
07.12.2026 19:00;10,1;9,100000381;1;5,413
07.12.2026 20:00;9,7;8,800000191;1;5,043
07.12.2026 21:00;9;8,100000381;0,899999976;4,894
07.12.2026 22:00;5,9;5,400000095;0,5;4,763
07.12.2026 23:00;4,5;4,199999809;0,300000012;4,702
08.12.2026 00:00;5;4,800000191;0,200000003;4,625
08.12.2026 01:00;4,7;4,599999905;0,100000001;4,321
08.12.2026 02:00;4,4;4,300000191;0,100000001;4,125
08.12.2026 03:00;4;4;0;4,32
08.12.2026 04:00;4,9;4,800000191;0,100000001;5,246
08.12.2026 05:00;7,4;7,300000191;0,100000001;6,368
08.12.2026 06:00;9,5;9,399999619;0,100000001;7,153
08.12.2026 07:00;10,4;10,19999981;0,200000003;7,499
08.12.2026 08:00;9,3;8,800000191;0,5;7,955
08.12.2026 09:00;9,2;8,199999809;1;8,4
08.12.2026 10:00;9,1;8;1,100000024;8,916
08.12.2026 11:00;8,8;7,699999809;1,100000024;9,437
08.12.2026 12:00;9;8;1;9,796
08.12.2026 13:00;8;7,199999809;0,800000012;9,906
08.12.2026 14:00;7,9;7,199999809;0,699999988;9,437
08.12.2026 15:00;8,6;8;0,600000024;8,208
08.12.2026 16:00;8,2;7,599999905;0,600000024;7,141
08.12.2026 17:00;8,5;8;0,600000024;6,487
08.12.2026 18:00;9,3;8,600000381;0,699999988;6,213
08.12.2026 19:00;9,7;8,899999619;0,800000012;6,2
08.12.2026 20:00;10,4;9,600000381;0,800000012;6,283
08.12.2026 21:00;9,4;8,800000191;0,600000024;6,262
08.12.2026 22:00;5,7;5,199999809;0,5;6,074
08.12.2026 23:00;5,5;5,199999809;0,300000012;5,732
09.12.2026 00:00;5,4;5,199999809;0,200000003;5,543
09.12.2026 01:00;5,6;5,5;0,100000001;5,663
09.12.2026 02:00;5,7;5,599999905;0,100000001;5,764
09.12.2026 03:00;5,9;5,900000095;0;5,737
09.12.2026 04:00;6,1;6;0,100000001;5,639
09.12.2026 05:00;9,8;9,699999809;0,100000001;5,523
09.12.2026 06:00;13,6;13,5;0,100000001;5,393
09.12.2026 07:00;14,4;14,19999981;0,200000003;5,045
09.12.2026 08:00;12,4;11,89999962;0,5;5,295
09.12.2026 09:00;12,3;11,30000019;1;5,976
09.12.2026 10:00;11,5;10,39999962;1,100000024;6,273
09.12.2026 11:00;10,5;9,399999619;1,100000024;6,304
09.12.2026 12:00;10,1;9,100000381;1;6,416
09.12.2026 13:00;9,4;8,600000381;0,800000012;6,485
09.12.2026 14:00;9,9;9,199999809;0,699999988;6,29
09.12.2026 15:00;10,8;10,19999981;0,600000024;5,891
09.12.2026 16:00;11,2;10,60000038;0,600000024;5,539
09.12.2026 17:00;11,2;10,60000038;0,600000024;5,203
09.12.2026 18:00;11,7;11;0,699999988;4,99
09.12.2026 19:00;11,8;11,10000038;0,699999988;4,351
09.12.2026 20:00;13;12,30000019;0,699999988;3,613
09.12.2026 21:00;12,2;11,60000038;0,600000024;2,901
09.12.2026 22:00;7,9;7,400000095;0,5;2,735
09.12.2026 23:00;6,2;5,900000095;0,300000012;2,489
10.12.2026 00:00;5,8;5,599999905;0,200000003;2,339
10.12.2026 01:00;5,3;5,199999809;0,100000001;2,174
10.12.2026 02:00;5,6;5,599999905;0;1,616
10.12.2026 03:00;5;5;0;1,188
10.12.2026 04:00;5,9;5,800000191;0,100000001;0,811
10.12.2026 05:00;8,3;8;0,300000012;0,123
10.12.2026 06:00;11,9;10,80000019;1;-0,281
10.12.2026 07:00;10,6;9,600000381;1;-0,037
10.12.2026 08:00;8,9;8,100000381;0,800000012;0,87
10.12.2026 09:00;7,7;7,099999905;0,600000024;1,84
10.12.2026 10:00;7,5;7;0,600000024;3,133
10.12.2026 11:00;6,8;6,300000191;0,5;4,349
10.12.2026 12:00;6,7;6,199999809;0,5;4,856
10.12.2026 13:00;7,3;6,800000191;0,5;4,743
10.12.2026 14:00;6,2;5,800000191;0,400000006;4,1
10.12.2026 15:00;6,9;6,5;0,400000006;2,875
10.12.2026 16:00;7,2;6,699999809;0,5;2,095
10.12.2026 17:00;7,5;6,900000095;0,600000024;1,695
10.12.2026 18:00;7,6;6,900000095;0,699999988;1,559
10.12.2026 19:00;8,6;7,699999809;0,899999976;1,682
10.12.2026 20:00;8,5;7,599999905;0,899999976;1,929
10.12.2026 21:00;8,2;7,300000191;0,899999976;2,116
10.12.2026 22:00;4,9;4,400000095;0,5;2,299
10.12.2026 23:00;4,3;4;0,300000012;2,426
11.12.2026 00:00;3,4;3,200000048;0,200000003;2,55
11.12.2026 01:00;3,3;3,200000048;0,100000001;2,598
11.12.2026 02:00;3,4;3,400000095;0;2,536
11.12.2026 03:00;3,5;3,5;0;2,411
11.12.2026 04:00;3,9;3,799999952;0,100000001;2,29
11.12.2026 05:00;6;5,699999809;0,300000012;2,147
11.12.2026 06:00;9,6;8,699999809;0,899999976;2,012
11.12.2026 07:00;8,5;7,599999905;0,899999976;1,794
11.12.2026 08:00;7,5;6,699999809;0,800000012;1,923
11.12.2026 09:00;7,2;6,5;0,699999988;2,204
11.12.2026 10:00;7,3;6,599999905;0,600000024;2,44
11.12.2026 11:00;6,5;6;0,5;2,691
11.12.2026 12:00;7;6,400000095;0,600000024;2,861
11.12.2026 13:00;5,9;5,400000095;0,5;2,918
11.12.2026 14:00;6,7;6,199999809;0,5;2,814
11.12.2026 15:00;6;5,599999905;0,400000006;2,363
11.12.2026 16:00;6,8;6,300000191;0,5;2,156
11.12.2026 17:00;7,6;7;0,600000024;2,144
11.12.2026 18:00;7,5;6,900000095;0,600000024;2,223
11.12.2026 19:00;8,7;7,800000191;0,899999976;2,657
11.12.2026 20:00;8,9;7,900000095;1;2,871
11.12.2026 21:00;8,3;7,400000095;0,899999976;2,734
11.12.2026 22:00;5,1;4,599999905;0,5;2,602
11.12.2026 23:00;4,6;4,300000191;0,300000012;2,456
12.12.2026 00:00;4,4;4,199999809;0,200000003;2,18
12.12.2026 01:00;4,3;4,199999809;0,100000001;2,099
12.12.2026 02:00;4,3;4,300000191;0;2,159
12.12.2026 03:00;4,5;4,5;0;2,115
12.12.2026 04:00;5;4,900000095;0,100000001;1,85
12.12.2026 05:00;8,1;7,800000191;0,300000012;1,887
12.12.2026 06:00;11,8;10,89999962;0,899999976;1,935
12.12.2026 07:00;10,4;9,5;0,899999976;1,96
12.12.2026 08:00;9,3;8,5;0,800000012;2,473
12.12.2026 09:00;8,6;8;0,699999988;3,245
12.12.2026 10:00;8,2;7,599999905;0,600000024;3,819
12.12.2026 11:00;8,4;7,800000191;0,600000024;4,25
12.12.2026 12:00;7,8;7,300000191;0,5;4,483
12.12.2026 13:00;8,1;7,599999905;0,5;4,305
12.12.2026 14:00;7,4;7;0,400000006;3,371
12.12.2026 15:00;8,6;8,100000381;0,5;1,881
12.12.2026 16:00;9;8,5;0,5;1,492
12.12.2026 17:00;9,4;8,800000191;0,600000024;1,6
12.12.2026 18:00;10,3;9,600000381;0,699999988;1,764
12.12.2026 19:00;10,3;9,399999619;0,899999976;1,78
12.12.2026 20:00;10,5;9,600000381;1;1,646
12.12.2026 21:00;10,6;9,600000381;1;1,486
12.12.2026 22:00;6;5,5;0,5;1,409
12.12.2026 23:00;4,6;4,300000191;0,300000012;1,368
13.12.2026 00:00;4,9;4,699999809;0,200000003;1,241
13.12.2026 01:00;4,4;4,300000191;0,100000001;1,089
13.12.2026 02:00;4,7;4,699999809;0;0,964
13.12.2026 03:00;5,2;5,199999809;0;0,774
13.12.2026 04:00;6,1;6;0,100000001;0,682
13.12.2026 05:00;8,2;7,900000095;0,300000012;0,574
13.12.2026 06:00;12,9;11,89999962;1;0,296
13.12.2026 07:00;10,9;10;0,899999976;0,398
13.12.2026 08:00;10,1;9,300000191;0,800000012;1,039
13.12.2026 09:00;8,9;8,199999809;0,699999988;1,687
13.12.2026 10:00;8,2;7,599999905;0,600000024;2,333
13.12.2026 11:00;7,7;7,199999809;0,5;3,085
13.12.2026 12:00;7,5;7;0,5;3,686
13.12.2026 13:00;7,2;6,599999905;0,5;3,791
13.12.2026 14:00;7,7;7,199999809;0,5;3,568
13.12.2026 15:00;7,3;6,900000095;0,400000006;3,518
13.12.2026 16:00;8;7,5;0,5;3,626
13.12.2026 17:00;9;8,399999619;0,600000024;3,702
13.12.2026 18:00;10;9,300000191;0,699999988;3,802
13.12.2026 19:00;9,7;8,800000191;0,800000012;3,845
13.12.2026 20:00;10;9,100000381;0,899999976;3,673
13.12.2026 21:00;10,6;9,699999809;1;3,448
13.12.2026 22:00;6;5,5;0,5;2,879
13.12.2026 23:00;5,5;5,199999809;0,300000012;2,185
14.12.2026 00:00;5,3;5,099999905;0,200000003;2,212
14.12.2026 01:00;5,1;5;0,100000001;2,423
14.12.2026 02:00;5,4;5,400000095;0;2,826
14.12.2026 03:00;5,4;5,400000095;0;2,766
14.12.2026 04:00;6,1;6;0,100000001;2,467
14.12.2026 05:00;8,7;8,399999619;0,300000012;2,447
14.12.2026 06:00;11,5;10,60000038;0,899999976;2,868
14.12.2026 07:00;12,1;11,10000038;1;3,692
14.12.2026 08:00;9,9;9,100000381;0,800000012;4,494
14.12.2026 09:00;9;8,399999619;0,600000024;4,754
14.12.2026 10:00;8,8;8,199999809;0,600000024;4,985
14.12.2026 11:00;9,1;8,5;0,600000024;5,305
14.12.2026 12:00;8,6;8;0,600000024;5,966
14.12.2026 13:00;7,5;7;0,5;6,447
14.12.2026 14:00;7,5;7,099999905;0,400000006;6,295
14.12.2026 15:00;7,9;7,5;0,400000006;5,611
14.12.2026 16:00;8,2;7,699999809;0,5;5,298
14.12.2026 17:00;8,8;8,199999809;0,600000024;5,481
14.12.2026 18:00;8,5;7,900000095;0,600000024;5,639
14.12.2026 19:00;10;9,100000381;0,899999976;5,542
14.12.2026 20:00;10,4;9,399999619;1;5,346
14.12.2026 21:00;9,4;8,5;0,899999976;4,949
14.12.2026 22:00;5,5;5;0,5;4,696
14.12.2026 23:00;5;4,699999809;0,300000012;4,605
15.12.2026 00:00;4,1;3,900000095;0,200000003;4,895
15.12.2026 01:00;4;3,900000095;0,100000001;5,248
15.12.2026 02:00;3,8;3,700000048;0,100000001;5,462
15.12.2026 03:00;4,1;4,099999905;0;5,374
15.12.2026 04:00;4,3;4,199999809;0,100000001;6,405
15.12.2026 05:00;6,2;6;0,100000001;8,684
15.12.2026 06:00;7,9;7,800000191;0,100000001;8,044
15.12.2026 07:00;7,8;7,599999905;0,200000003;6,484
15.12.2026 08:00;6,3;5,800000191;0,5;6,134
15.12.2026 09:00;7,3;6,300000191;1;6,713
15.12.2026 10:00;6,5;5,5;1;7,438
15.12.2026 11:00;6,3;5,300000191;1;7,929
15.12.2026 12:00;6;5,099999905;1;8,06
15.12.2026 13:00;6,1;5,300000191;0,800000012;7,766
15.12.2026 14:00;5,1;4,5;0,600000024;6,859
15.12.2026 15:00;5,2;4,599999905;0,600000024;5,676
15.12.2026 16:00;6,1;5,5;0,600000024;5,077
15.12.2026 17:00;6,4;5,699999809;0,699999988;4,569
15.12.2026 18:00;6,4;5,699999809;0,699999988;4,318
15.12.2026 19:00;6,8;6;0,800000012;4,151
15.12.2026 20:00;6,7;6;0,699999988;3,956
15.12.2026 21:00;6,8;6,199999809;0,600000024;3,951
15.12.2026 22:00;3,6;3,099999905;0,5;4,071
15.12.2026 23:00;2,6;2,299999952;0,300000012;4,2
16.12.2026 00:00;2,5;2,299999952;0,200000003;4,397
16.12.2026 01:00;2,3;2,200000048;0,100000001;4,561
16.12.2026 02:00;2,2;2,099999905;0,100000001;4,571
16.12.2026 03:00;2,2;2,200000048;0;4,49
16.12.2026 04:00;2,6;2,5;0,100000001;4,59
16.12.2026 05:00;3,9;3,799999952;0,100000001;4,679
16.12.2026 06:00;5,9;5,800000191;0,100000001;4,791
16.12.2026 07:00;5,1;4,900000095;0,200000003;4,884
16.12.2026 08:00;5,8;5,199999809;0,600000024;5,657
16.12.2026 09:00;5,2;4,199999809;1;6,437
16.12.2026 10:00;4,8;3,799999952;1;7,004
16.12.2026 11:00;4,8;3,700000048;1,100000024;7,422
16.12.2026 12:00;4,3;3,400000095;1;7,782
16.12.2026 13:00;4,4;3,599999905;0,800000012;7,817
16.12.2026 14:00;4;3,299999952;0,699999988;7,535
16.12.2026 15:00;4,3;3,700000048;0,600000024;7,072
16.12.2026 16:00;5;4,400000095;0,600000024;7,176
16.12.2026 17:00;5,2;4,599999905;0,600000024;7,147
16.12.2026 18:00;5,3;4,599999905;0,699999988;7,145
16.12.2026 19:00;5,8;5;0,800000012;7,264
16.12.2026 20:00;6;5,199999809;0,800000012;7,385
16.12.2026 21:00;5,3;4,699999809;0,600000024;7,563
16.12.2026 22:00;3,2;2,700000048;0,5;7,726
16.12.2026 23:00;2,5;2,200000048;0,300000012;7,958
17.12.2026 00:00;2,7;2,5;0,200000003;8,47
17.12.2026 01:00;2,7;2,599999905;0,100000001;8,883
17.12.2026 02:00;2,4;2,400000095;0;9,195
17.12.2026 03:00;2,5;2,5;0;9,458
17.12.2026 04:00;3;2,900000095;0,100000001;9,573
17.12.2026 05:00;4,5;4,199999809;0,300000012;9,611
17.12.2026 06:00;6,8;5,900000095;0,899999976;9,551
17.12.2026 07:00;6,3;5,400000095;0,899999976;9,497
17.12.2026 08:00;5,7;4,900000095;0,800000012;9,751
17.12.2026 09:00;5,3;4,599999905;0,699999988;10,356
17.12.2026 10:00;4,9;4,300000191;0,600000024;11,161
17.12.2026 11:00;4,7;4,099999905;0,600000024;12,076
17.12.2026 12:00;4,5;3,900000095;0,600000024;12,749
17.12.2026 13:00;4,2;3,700000048;0,5;13,079
17.12.2026 14:00;4,4;4;0,400000006;12,453
17.12.2026 15:00;4,6;4,199999809;0,400000006;11,403
17.12.2026 16:00;5,3;4,800000191;0,5;11,003
17.12.2026 17:00;5,5;4,900000095;0,600000024;10,852
17.12.2026 18:00;5,7;5;0,699999988;10,73
17.12.2026 19:00;6,4;5,400000095;1;10,836
17.12.2026 20:00;6,1;5,199999809;0,899999976;10,696
17.12.2026 21:00;5,6;4,699999809;0,800000012;10,461
17.12.2026 22:00;3,7;3,200000048;0,5;9,82
17.12.2026 23:00;3,1;2,799999952;0,300000012;8,826
18.12.2026 00:00;2,9;2,700000048;0,200000003;7,608
18.12.2026 01:00;2,8;2,599999905;0,100000001;6,721
18.12.2026 02:00;2,7;2,700000048;0;6,096
18.12.2026 03:00;2,6;2,599999905;0;5,728
18.12.2026 04:00;3;2,900000095;0,100000001;5,799
18.12.2026 05:00;4,8;4,5;0,300000012;5,886
18.12.2026 06:00;7,5;6,5;1;5,9
18.12.2026 07:00;6,5;5,599999905;0,899999976;5,652
18.12.2026 08:00;5,7;4,900000095;0,800000012;5,669
18.12.2026 09:00;5;4,400000095;0,600000024;6,971
18.12.2026 10:00;5,5;4,900000095;0,600000024;7,917
18.12.2026 11:00;4,6;4;0,600000024;8,709
18.12.2026 12:00;4,2;3,700000048;0,5;9,159
18.12.2026 13:00;4,5;4;0,5;9,027
18.12.2026 14:00;4,5;4,099999905;0,400000006;7,136
18.12.2026 15:00;4,8;4,400000095;0,400000006;4,565
18.12.2026 16:00;5;4,5;0,5;4,121
18.12.2026 17:00;5,4;4,800000191;0,600000024;5,011
18.12.2026 18:00;5,8;5,099999905;0,699999988;5,67
18.12.2026 19:00;6,3;5,400000095;0,899999976;5,491
18.12.2026 20:00;5,9;5;0,899999976;5,514
18.12.2026 21:00;6,1;5,199999809;0,899999976;5,683
18.12.2026 22:00;3,6;3,099999905;0,5;5,802
18.12.2026 23:00;3;2,700000048;0,300000012;5,917
19.12.2026 00:00;2,9;2,700000048;0,200000003;6,044
19.12.2026 01:00;2,6;2,599999905;0,100000001;6,214
19.12.2026 02:00;2,9;2,900000095;0;6,349
19.12.2026 03:00;2,8;2,799999952;0;6,376
19.12.2026 04:00;3,1;3;0,100000001;6,284
19.12.2026 05:00;5,7;5,400000095;0,400000006;6,127
19.12.2026 06:00;7,7;6,800000191;0,899999976;5,909
19.12.2026 07:00;8,1;7,099999905;1;5,826
19.12.2026 08:00;5,9;5,099999905;0,800000012;6,276
19.12.2026 09:00;5,5;4,900000095;0,600000024;7,846
19.12.2026 10:00;5,2;4,599999905;0,600000024;9,506
19.12.2026 11:00;5,5;4,900000095;0,600000024;10,84
19.12.2026 12:00;5,1;4,599999905;0,5;11,534
19.12.2026 13:00;4,9;4,400000095;0,5;11,353
19.12.2026 14:00;4,7;4,300000191;0,400000006;10,134
19.12.2026 15:00;5,4;4,900000095;0,5;8,386
19.12.2026 16:00;5,4;4,900000095;0,5;7,306
19.12.2026 17:00;5,7;5,099999905;0,600000024;6,627
19.12.2026 18:00;6,4;5,699999809;0,699999988;6,147
19.12.2026 19:00;6,8;5,900000095;0,899999976;5,796
19.12.2026 20:00;6,7;5,800000191;1;5,833
19.12.2026 21:00;7;6;1;6,008
19.12.2026 22:00;3,7;3,200000048;0,5;6,43
19.12.2026 23:00;3,4;3,099999905;0,300000012;6,83
20.12.2026 00:00;3,3;3,099999905;0,200000003;6,686
20.12.2026 01:00;3;2,900000095;0,100000001;6,412
20.12.2026 02:00;3,2;3,200000048;0;6,451
20.12.2026 03:00;3,5;3,5;0;6,439
20.12.2026 04:00;3,7;3,599999905;0,100000001;6,249
20.12.2026 05:00;5,9;5,599999905;0,300000012;5,906
20.12.2026 06:00;8,4;7,5;0,899999976;5,583
20.12.2026 07:00;7,8;6,900000095;0,899999976;5,634
20.12.2026 08:00;6,8;6;0,800000012;5,929
20.12.2026 09:00;6,1;5,5;0,600000024;6,389
20.12.2026 10:00;6,4;5,800000191;0,600000024;6,972
20.12.2026 11:00;5,7;5,199999809;0,5;7,365
20.12.2026 12:00;5,7;5,199999809;0,5;7,838
20.12.2026 13:00;5,3;4,800000191;0,5;8,3
20.12.2026 14:00;5,3;4,900000095;0,400000006;9,04
20.12.2026 15:00;5,4;5;0,400000006;9,104
20.12.2026 16:00;6,1;5,599999905;0,5;8,365
20.12.2026 17:00;6,2;5,599999905;0,600000024;7,781
20.12.2026 18:00;7,1;6,400000095;0,699999988;7,325
20.12.2026 19:00;7,8;6,900000095;1;6,767
20.12.2026 20:00;7,1;6,199999809;0,899999976;6,137
20.12.2026 21:00;7,1;6,199999809;0,899999976;5,863
20.12.2026 22:00;4,6;4;0,600000024;5,789
20.12.2026 23:00;3,7;3,400000095;0,300000012;5,822
21.12.2026 00:00;3,6;3,400000095;0,200000003;5,528
21.12.2026 01:00;3,4;3,299999952;0,100000001;5,083
21.12.2026 02:00;3,5;3,400000095;0;4,693
21.12.2026 03:00;3,8;3,799999952;0;4,52
21.12.2026 04:00;4,2;4,099999905;0,100000001;4,194
21.12.2026 05:00;6,3;6;0,300000012;3,902
21.12.2026 06:00;9,1;8,199999809;0,899999976;3,705
21.12.2026 07:00;8,4;7,5;0,899999976;3,599
21.12.2026 08:00;8,4;7,5;0,800000012;4,6
21.12.2026 09:00;6,9;6,300000191;0,600000024;5,724
21.12.2026 10:00;6,5;5,900000095;0,600000024;6,742
21.12.2026 11:00;6,8;6,199999809;0,600000024;7,583
21.12.2026 12:00;6,5;6;0,5;8,01
21.12.2026 13:00;6,5;6;0,5;7,882
21.12.2026 14:00;7;6,5;0,5;7,033
21.12.2026 15:00;6,7;6,400000095;0,400000006;5,452
21.12.2026 16:00;6,8;6,300000191;0,5;4,751
21.12.2026 17:00;7,5;6,900000095;0,600000024;4,618
21.12.2026 18:00;7,5;6,800000191;0,699999988;4,43
21.12.2026 19:00;8,1;7,199999809;0,899999976;4,247
21.12.2026 20:00;8,8;7,800000191;1;4,466
21.12.2026 21:00;8,5;7,599999905;0,899999976;4,391
21.12.2026 22:00;4,7;4,199999809;0,5;4,333
21.12.2026 23:00;4;3,700000048;0,300000012;4,345
22.12.2026 00:00;3,8;3,599999905;0,200000003;4,487
22.12.2026 01:00;3,9;3,799999952;0,100000001;4,71
22.12.2026 02:00;3,7;3,599999905;0,100000001;5,118
22.12.2026 03:00;3,8;3,799999952;0;5,796
22.12.2026 04:00;4,5;4,400000095;0,100000001;6,192
22.12.2026 05:00;6,4;6,300000191;0,100000001;6,035
22.12.2026 06:00;8,2;8,100000381;0,100000001;5,935
22.12.2026 07:00;7,6;7,400000095;0,200000003;6,111
22.12.2026 08:00;6,6;6,099999905;0,5;6,744
22.12.2026 09:00;6,6;5,699999809;0,899999976;7,514
22.12.2026 10:00;6,8;5,699999809;1,100000024;7,918
22.12.2026 11:00;6,9;5,800000191;1,200000048;8,092
22.12.2026 12:00;6,4;5,400000095;1;8,349
22.12.2026 13:00;5,8;5;0,800000012;8,577
22.12.2026 14:00;5,8;5;0,699999988;8,148
22.12.2026 15:00;5,9;5,300000191;0,600000024;7,131
22.12.2026 16:00;6,1;5,5;0,600000024;6,163
22.12.2026 17:00;6,4;5,800000191;0,600000024;5,576
22.12.2026 18:00;7,1;6,400000095;0,699999988;5,672
22.12.2026 19:00;7,2;6,400000095;0,800000012;6,108
22.12.2026 20:00;7,4;6,599999905;0,800000012;6,289
22.12.2026 21:00;7,2;6,599999905;0,600000024;6,209
22.12.2026 22:00;3,8;3,299999952;0,5;6,062
22.12.2026 23:00;3,3;3;0,300000012;6,017
23.12.2026 00:00;2,9;2,700000048;0,200000003;6,041
23.12.2026 01:00;2,9;2,799999952;0,100000001;6,099
23.12.2026 02:00;2,8;2,700000048;0,100000001;6,116
23.12.2026 03:00;2,9;2,900000095;0;6,162
23.12.2026 04:00;3,1;3;0,100000001;6,42
23.12.2026 05:00;5;5;0,100000001;6,556
23.12.2026 06:00;6,8;6,699999809;0,100000001;6,608
23.12.2026 07:00;6,5;6,300000191;0,200000003;6,468
23.12.2026 08:00;5,7;5,199999809;0,5;6,416
23.12.2026 09:00;5,5;4,599999905;0,899999976;6,559
23.12.2026 10:00;5,6;4,599999905;1;6,759
23.12.2026 11:00;5,8;4,699999809;1,200000048;6,946
23.12.2026 12:00;5,4;4,400000095;1;7,145
23.12.2026 13:00;5,2;4,400000095;0,800000012;7,16
23.12.2026 14:00;5,2;4,5;0,699999988;6,881
23.12.2026 15:00;5,1;4,5;0,600000024;6,569
23.12.2026 16:00;5,5;4,900000095;0,600000024;6,457
23.12.2026 17:00;6,3;5,599999905;0,699999988;5,951
23.12.2026 18:00;5,8;5,099999905;0,699999988;5,107
23.12.2026 19:00;6,1;5,400000095;0,699999988;4,405
23.12.2026 20:00;5,7;5,099999905;0,600000024;3,971
23.12.2026 21:00;6,5;5,900000095;0,600000024;3,918
23.12.2026 22:00;3,8;3,299999952;0,5;4,211
23.12.2026 23:00;3,2;2,900000095;0,300000012;4,852
24.12.2026 00:00;2,5;2,299999952;0,200000003;5,269
24.12.2026 01:00;2,2;2,099999905;0,100000001;5,649
24.12.2026 02:00;2,1;2;0,100000001;5,947
24.12.2026 03:00;1,9;1,799999952;0;5,53
24.12.2026 04:00;2;1,899999976;0,100000001;5,155
24.12.2026 05:00;2,5;2,400000095;0,100000001;4,919
24.12.2026 06:00;3,5;3,400000095;0,100000001;4,783
24.12.2026 07:00;3,7;3,400000095;0,200000003;4,721
24.12.2026 08:00;3,5;3;0,5;4,963
24.12.2026 09:00;3,7;2,700000048;1;5,482
24.12.2026 10:00;3,6;2,5;1,100000024;6,321
24.12.2026 11:00;3,7;2,5;1,200000048;7,851
24.12.2026 12:00;3,2;2,200000048;1;8,907
24.12.2026 13:00;3,1;2,299999952;0,800000012;8,889
24.12.2026 14:00;2,9;2,200000048;0,699999988;8,354
24.12.2026 15:00;2,8;2,200000048;0,600000024;7,821
24.12.2026 16:00;3,1;2,5;0,600000024;7,612
24.12.2026 17:00;3,8;3,200000048;0,600000024;7,324
24.12.2026 18:00;4,1;3,400000095;0,699999988;6,908
24.12.2026 19:00;4,2;3,5;0,699999988;6,748
24.12.2026 20:00;4,5;3,799999952;0,699999988;6,9
24.12.2026 21:00;4,5;3,900000095;0,600000024;7,026
24.12.2026 22:00;2,9;2,400000095;0,5;7,192
24.12.2026 23:00;2,4;2,099999905;0,300000012;7,345
25.12.2026 00:00;2,2;2;0,200000003;7,368
25.12.2026 01:00;2,1;2;0,100000001;7,352
25.12.2026 02:00;2,2;2,099999905;0,100000001;7,256
25.12.2026 03:00;2,4;2,400000095;0;7,206
25.12.2026 04:00;2,4;2,299999952;0,100000001;6,983
25.12.2026 05:00;3,5;3,400000095;0,100000001;6,606
25.12.2026 06:00;5;5;0,100000001;6,069
25.12.2026 07:00;4,4;4,199999809;0,200000003;5,81
25.12.2026 08:00;4,2;3,599999905;0,600000024;5,834
25.12.2026 09:00;3,9;2,900000095;1;5,969
25.12.2026 10:00;3,9;2,799999952;1,100000024;6,293
25.12.2026 11:00;3,8;2,700000048;1,100000024;6,732
25.12.2026 12:00;3,2;2,299999952;0,899999976;7,116
25.12.2026 13:00;3,1;2,299999952;0,800000012;7,147
25.12.2026 14:00;3,2;2,5;0,699999988;6,58
25.12.2026 15:00;3,3;2,700000048;0,600000024;5,682
25.12.2026 16:00;3,5;2,900000095;0,600000024;5,356
25.12.2026 17:00;3,7;3,099999905;0,600000024;5,162
25.12.2026 18:00;4,1;3,400000095;0,699999988;5,248
25.12.2026 19:00;4,1;3,299999952;0,800000012;5,276
25.12.2026 20:00;3,9;3,200000048;0,699999988;5,198
25.12.2026 21:00;4;3,400000095;0,600000024;5,013
25.12.2026 22:00;2;1,600000024;0,400000006;4,708
25.12.2026 23:00;2,1;1,799999952;0,300000012;4,454
26.12.2026 00:00;1,9;1,700000048;0,200000003;4,306
26.12.2026 01:00;1,9;1,799999952;0,100000001;4,063
26.12.2026 02:00;2;1,899999976;0,100000001;3,769
26.12.2026 03:00;2,4;2,400000095;0;3,576
26.12.2026 04:00;2,1;2;0,100000001;3,526
26.12.2026 05:00;3;2,900000095;0,100000001;3,402
26.12.2026 06:00;4,4;4,400000095;0,100000001;3,21
26.12.2026 07:00;3,8;3,599999905;0,200000003;2,849
26.12.2026 08:00;4,5;3,900000095;0,600000024;3,238
26.12.2026 09:00;5,5;4,400000095;1,100000024;3,882
26.12.2026 10:00;4,7;3,700000048;1;4,375
26.12.2026 11:00;5;3,900000095;1,200000048;4,783
26.12.2026 12:00;3,9;3;0,899999976;4,864
26.12.2026 13:00;4;3,200000048;0,800000012;4,632
26.12.2026 14:00;3,9;3,200000048;0,699999988;4,209
26.12.2026 15:00;4;3,400000095;0,600000024;3,802
26.12.2026 16:00;4,1;3,5;0,600000024;3,671
26.12.2026 17:00;4,6;3,900000095;0,699999988;3,474
26.12.2026 18:00;4,4;3,700000048;0,699999988;3,185
26.12.2026 19:00;4,9;4,099999905;0,800000012;2,785
26.12.2026 20:00;4,6;3,900000095;0,699999988;2,45
26.12.2026 21:00;4,8;4,199999809;0,600000024;2,446
26.12.2026 22:00;2,8;2,299999952;0,5;2,618
26.12.2026 23:00;2,2;1,899999976;0,300000012;2,819
27.12.2026 00:00;2,3;2,099999905;0,200000003;3,062
27.12.2026 01:00;2,1;2;0,100000001;3,26
27.12.2026 02:00;2,1;2,099999905;0;3,4
27.12.2026 03:00;2,6;2,599999905;0;3,402
27.12.2026 04:00;2,9;2,799999952;0,100000001;3,367
27.12.2026 05:00;4,4;4,099999905;0,300000012;3,292
27.12.2026 06:00;6,3;5,400000095;0,899999976;2,978
27.12.2026 07:00;6,6;5,599999905;1;2,552
27.12.2026 08:00;5,2;4,400000095;0,800000012;2,998
27.12.2026 09:00;5,4;4,699999809;0,699999988;3,795
27.12.2026 10:00;5,3;4,699999809;0,600000024;4,734
27.12.2026 11:00;4,9;4,300000191;0,600000024;5,568
27.12.2026 12:00;4,4;3,900000095;0,5;6,002
27.12.2026 13:00;4,3;3,799999952;0,5;5,9
27.12.2026 14:00;4;3,599999905;0,400000006;4,419
27.12.2026 15:00;4,2;3,799999952;0,400000006;2,232
27.12.2026 16:00;4,5;4;0,5;1,426
27.12.2026 17:00;4,8;4,199999809;0,600000024;0,775
27.12.2026 18:00;5,7;4,900000095;0,800000012;0,104
27.12.2026 19:00;5,7;4,800000191;0,899999976;-0,436
27.12.2026 20:00;6,3;5,199999809;1,100000024;-0,881
27.12.2026 21:00;5,4;4,5;1;-1,301
27.12.2026 22:00;3,1;2,599999905;0,5;-1,5
27.12.2026 23:00;2,4;2,099999905;0,300000012;-1,781
28.12.2026 00:00;2,3;2,099999905;0,200000003;-2,164
28.12.2026 01:00;2,2;2,099999905;0,100000001;-2,445
28.12.2026 02:00;1,9;1,899999976;0;-2,537
28.12.2026 03:00;2,2;2,200000048;0;-2,639
28.12.2026 04:00;2,9;2,799999952;0,100000001;-2,806
28.12.2026 05:00;4,5;4,199999809;0,400000006;-2,919
28.12.2026 06:00;6,2;5,300000191;0,899999976;-2,961
28.12.2026 07:00;5,9;5;1;-2,879
28.12.2026 08:00;5,5;4,599999905;0,899999976;-1,29
28.12.2026 09:00;5;4,300000191;0,699999988;0,163
28.12.2026 10:00;4,4;3,799999952;0,600000024;1,391
28.12.2026 11:00;4,2;3,700000048;0,5;2,454
28.12.2026 12:00;4,1;3,599999905;0,5;2,833
28.12.2026 13:00;4;3,5;0,5;2,24
28.12.2026 14:00;4;3,5;0,5;0,679
28.12.2026 15:00;4,4;4;0,400000006;-0,434
28.12.2026 16:00;4,8;4,300000191;0,5;-0,547
28.12.2026 17:00;5,2;4,599999905;0,600000024;-0,27
28.12.2026 18:00;5,6;4,800000191;0,800000012;0,009
28.12.2026 19:00;6,1;5,199999809;1;-0,234
28.12.2026 20:00;6,1;5;1;-1,08
28.12.2026 21:00;5,7;4,800000191;0,899999976;-2,354
28.12.2026 22:00;3,6;3,099999905;0,5;-2,503
28.12.2026 23:00;3,1;2,799999952;0,300000012;-2,617
29.12.2026 00:00;2,9;2,700000048;0,200000003;-2,597
29.12.2026 01:00;2,8;2,700000048;0,100000001;-2,515
29.12.2026 02:00;3,1;3;0,100000001;-2,644
29.12.2026 03:00;2,9;2,900000095;0;-2,805
29.12.2026 04:00;3,5;3,400000095;0,100000001;-2,312
29.12.2026 05:00;5,1;5;0,100000001;-2,06
29.12.2026 06:00;7;6,900000095;0,100000001;-1,88
29.12.2026 07:00;6,2;6;0,200000003;-1,644
29.12.2026 08:00;5,9;5,400000095;0,5;-1,031
29.12.2026 09:00;5,5;4,599999905;0,899999976;-0,096
29.12.2026 10:00;6;4,900000095;1,100000024;0,855
29.12.2026 11:00;5,6;4,5;1,100000024;1,349
29.12.2026 12:00;5,2;4,199999809;1;1,55
29.12.2026 13:00;5,1;4,300000191;0,800000012;1,717
29.12.2026 14:00;4,7;4;0,699999988;1,256
29.12.2026 15:00;5,1;4,5;0,600000024;-0,083
29.12.2026 16:00;5,4;4,800000191;0,600000024;-0,184
29.12.2026 17:00;5,7;5;0,699999988;-0,084
29.12.2026 18:00;5,8;5,099999905;0,699999988;0,218
29.12.2026 19:00;6,1;5,300000191;0,800000012;0,587
29.12.2026 20:00;5,8;5,099999905;0,699999988;0,69
29.12.2026 21:00;5,9;5,300000191;0,600000024;0,733
29.12.2026 22:00;3,6;3,099999905;0,5;0,803
29.12.2026 23:00;2,7;2,400000095;0,300000012;0,66
30.12.2026 00:00;2,1;1,899999976;0,200000003;0,179
30.12.2026 01:00;2,3;2,200000048;0,100000001;-0,186
30.12.2026 02:00;2,2;2,099999905;0,100000001;-0,366
30.12.2026 03:00;2,1;2,099999905;0;-0,513
30.12.2026 04:00;2,4;2,299999952;0,100000001;-0,605
30.12.2026 05:00;3,5;3,400000095;0,100000001;-0,675
30.12.2026 06:00;5;4,900000095;0,100000001;-0,732
30.12.2026 07:00;4,8;4,599999905;0,200000003;-0,705
30.12.2026 08:00;4,1;3,599999905;0,5;0,435
30.12.2026 09:00;4,1;3,200000048;0,899999976;2,031
30.12.2026 10:00;4,4;3,299999952;1,100000024;3,719
30.12.2026 11:00;4,2;3,099999905;1,100000024;5,111
30.12.2026 12:00;3,5;2,599999905;0,899999976;5,863
30.12.2026 13:00;3,7;2,900000095;0,800000012;5,696
30.12.2026 14:00;3,8;3,099999905;0,699999988;3,996
30.12.2026 15:00;3,7;3,099999905;0,600000024;1,566
30.12.2026 16:00;4,1;3,599999905;0,600000024;0,772
30.12.2026 17:00;4,1;3,5;0,600000024;0,121
30.12.2026 18:00;4,1;3,400000095;0,699999988;-0,313
30.12.2026 19:00;4,2;3,5;0,699999988;-0,378
30.12.2026 20:00;5;4,199999809;0,800000012;-0,282
30.12.2026 21:00;4;3,400000095;0,600000024;-0,09
30.12.2026 22:00;2,4;1,899999976;0,5;0,23
30.12.2026 23:00;1,8;1,600000024;0,300000012;0,424
31.12.2026 00:00;2,2;2;0,200000003;0,372
31.12.2026 01:00;2,1;2;0,100000001;0,179
31.12.2026 02:00;2,1;2;0,100000001;0,215
31.12.2026 03:00;2,3;2,299999952;0;0,068
31.12.2026 04:00;3,1;3;0,100000001;0,413
31.12.2026 05:00;4,3;4,199999809;0,100000001;0,886
31.12.2026 06:00;6;6;0,100000001;1,058
31.12.2026 07:00;5,7;5,5;0,200000003;1,047
31.12.2026 08:00;5,3;4,800000191;0,5;1,262
31.12.2026 09:00;5,6;4,599999905;1;1,883
31.12.2026 10:00;5,3;4,199999809;1,100000024;2,475
31.12.2026 11:00;5,8;4,699999809;1,100000024;3,219
31.12.2026 12:00;4,8;3,900000095;0,899999976;3,863
31.12.2026 13:00;4,6;3,799999952;0,800000012;3,948
31.12.2026 14:00;4,7;4;0,699999988;3,113
31.12.2026 15:00;4,8;4,199999809;0,600000024;1,961
31.12.2026 16:00;4,9;4,300000191;0,600000024;1,931
31.12.2026 17:00;5,3;4,599999905;0,699999988;1,81
31.12.2026 18:00;5,7;4,900000095;0,800000012;1,616
31.12.2026 19:00;5,6;4,800000191;0,800000012;1,449
31.12.2026 20:00;6;5,300000191;0,699999988;1,141
31.12.2026 21:00;5,2;4,599999905;0,600000024;0,377
31.12.2026 22:00;3,2;2,700000048;0,5;-0,572
31.12.2026 23:00;2,8;2,5;0,300000012;-1,444
